customer_count,vehicle_capacity,instance_name,routing_case,structure_variant,operator_pair,destroy_operator,repair_operator,source_folder,selected_run_timestamp,run_folder_count,metrics_source_file,baseline_distance,lns_distance,baseline_total_system_distance,lns_total_system_distance,customer_delivery_distance,supplier_depot_replenishment_distance,absolute_improvement,percent_improvement,customer_delivery_improvement_distance,customer_delivery_improvement_percent,system_improvement_distance,system_improvement_percent,best_n_remove,tested_n_remove_values,iterations,seed,temperature_initial,cooling_rate,temperature_minimum,n_routes,avg_utilisation,min_utilisation,max_utilisation,accepted_moves,rejected_moves,best_iteration,runtime_seconds,supplier_count,worst_removal_randomness,related_removal_randomness,distance_weight,demand_weight,route_weight,capacity_feasible,customer_coverage_feasible,supplier_feasible,structural_validity,hybrid_system_distance_check,ranking_distance_used,notes_or_warnings
20,15,20c_cap15,case_2_supplier_customer_direct,kmeans,random_greedy,random_removal,greedy_insertion,results/lns_supplier_customer_only_baseline_kmeans_v1,run_2026_07_09_154912,1,lns_sa_metrics_best.json,65.63297277702314,60.84147866433693,65.63297277702314,60.84147866433693,60.84147866433693,,4.791494112686209,7.300437432515048,,,,,2,"[2, 3, 4]",50,42,10.0,0.95,0.01,8,0.5583333333333333,0.0,1.0,,,,0.0923929214477539,,,,,,,,,,,not_applicable,60.84147866433693,
20,25,20c_cap25,case_2_supplier_customer_direct,kmeans,random_greedy,random_removal,greedy_insertion,results/lns_supplier_customer_only_baseline_kmeans_v1,run_2026_07_09_154913,1,lns_sa_metrics_best.json,50.129832412654935,45.32215330899516,50.129832412654935,45.32215330899516,45.32215330899516,,4.807679103659773,9.590455168659425,,,,,2,"[2, 3, 4]",50,42,10.0,0.95,0.01,6,0.4466666666666667,0.0,1.0,,,,0.07210683822631836,,,,,,,,,,,not_applicable,45.32215330899516,
20,35,20c_cap35,case_2_supplier_customer_direct,kmeans,random_greedy,random_removal,greedy_insertion,results/lns_supplier_customer_only_baseline_kmeans_v1,run_2026_07_09_154913,1,lns_sa_metrics_best.json,45.72156005665569,40.93006594396948,45.72156005665569,40.93006594396948,40.93006594396948,,4.791494112686209,10.479725772149612,,,,,2,"[2, 3, 4]",50,42,10.0,0.95,0.01,7,0.27346938775510204,0.0,0.8571428571428571,,,,0.07422327995300293,,,,,,,,,,,not_applicable,40.93006594396948,
40,15,40c_cap15,case_2_supplier_customer_direct,kmeans,random_greedy,random_removal,greedy_insertion,results/lns_supplier_customer_only_baseline_kmeans_v1,run_2026_07_09_154913,1,lns_sa_metrics_best.json,233.6240619252252,229.7930233824689,233.6240619252252,229.7930233824689,229.7930233824689,,3.831038542756289,1.639830465743066,,,,,5,"[2, 3, 4, 5]",50,42,10.0,0.95,0.01,11,0.8484848484848484,0.0,1.0,,,,0.09058713912963867,,,,,,,,,,,not_applicable,229.7930233824689,
40,25,40c_cap25,case_2_supplier_customer_direct,kmeans,random_greedy,random_removal,greedy_insertion,results/lns_supplier_customer_only_baseline_kmeans_v1,run_2026_07_09_154914,2,lns_sa_metrics_best.json,192.33005162510995,177.4955134322808,192.33005162510995,177.4955134322808,177.4955134322808,,14.834538192829143,7.713063074378335,,,,,5,"[2, 3, 4, 5]",50,42,10.0,0.95,0.01,7,0.8,0.48,1.0,,,,0.08785104751586914,,,,,,,,,,,not_applicable,177.4955134322808,
40,35,40c_cap35,case_2_supplier_customer_direct,kmeans,random_greedy,random_removal,greedy_insertion,results/lns_supplier_customer_only_baseline_kmeans_v1,run_2026_07_09_154914,1,lns_sa_metrics_best.json,145.59337216574968,145.5933721657497,145.59337216574968,145.5933721657497,145.5933721657497,,-2.842170943040401e-14,-1.9521293454242905e-14,,,,,2,"[2, 3, 4, 5]",50,42,10.0,0.95,0.01,10,0.4,0.0,1.0,,,,0.08459901809692383,,,,,,,,,,,not_applicable,145.5933721657497,
60,15,60c_cap15,case_2_supplier_customer_direct,kmeans,random_greedy,random_removal,greedy_insertion,results/lns_supplier_customer_only_baseline_kmeans_v1,run_2026_07_09_154914,1,lns_sa_metrics_best.json,562.5058941860796,535.448178990038,562.5058941860796,535.448178990038,535.448178990038,,27.057715196041613,4.810210075254926,,,,,5,"[2, 3, 4, 5, 6, 7, 8]",50,42,10.0,0.95,0.01,17,0.8705882352941177,0.26666666666666666,1.0,,,,0.09156084060668945,,,,,,,,,,,not_applicable,535.448178990038,
60,25,60c_cap25,case_2_supplier_customer_direct,kmeans,random_greedy,random_removal,greedy_insertion,results/lns_supplier_customer_only_baseline_kmeans_v1,run_2026_07_09_154915,1,lns_sa_metrics_best.json,379.97834577997935,368.79730570686206,379.97834577997935,368.79730570686206,368.79730570686206,,11.181040073117288,2.942546647011169,,,,,6,"[2, 3, 4, 5, 6, 7, 8]",50,42,10.0,0.95,0.01,12,0.7399999999999999,0.0,1.0,,,,0.09145307540893555,,,,,,,,,,,not_applicable,368.79730570686206,
60,35,60c_cap35,case_2_supplier_customer_direct,kmeans,random_greedy,random_removal,greedy_insertion,results/lns_supplier_customer_only_baseline_kmeans_v1,run_2026_07_09_154916,1,lns_sa_metrics_best.json,325.4872658221094,307.8119335877104,325.4872658221094,307.8119335877104,307.8119335877104,,17.67533223439898,5.430422044240339,,,,,7,"[2, 3, 4, 5, 6, 7, 8]",50,42,10.0,0.95,0.01,8,0.7928571428571429,0.2857142857142857,1.0,,,,0.0919349193572998,,,,,,,,,,,not_applicable,307.8119335877104,
80,15,80c_cap15,case_2_supplier_customer_direct,kmeans,random_greedy,random_removal,greedy_insertion,results/lns_supplier_customer_only_baseline_kmeans_v1,run_2026_07_09_154917,1,lns_sa_metrics_best.json,889.1231593454308,879.83839086332,889.1231593454308,879.83839086332,879.83839086332,,9.284768482110849,1.0442612347367333,,,,,6,"[2, 3, 4, 5, 6, 7, 8, 9, 10, 11, 12]",50,42,10.0,0.95,0.01,20,0.9366666666666668,0.4,1.0,,,,0.1029360294342041,,,,,,,,,,,not_applicable,879.83839086332,
80,25,80c_cap25,case_2_supplier_customer_direct,kmeans,random_greedy,random_removal,greedy_insertion,results/lns_supplier_customer_only_baseline_kmeans_v1,run_2026_07_09_154918,1,lns_sa_metrics_best.json,629.4745790143811,608.9965388880747,629.4745790143811,608.9965388880747,608.9965388880747,,20.478040126306382,3.2531957300595833,,,,,10,"[2, 3, 4, 5, 6, 7, 8, 9, 10, 11, 12]",50,42,10.0,0.95,0.01,13,0.8646153846153845,0.6,1.0,,,,0.10972189903259277,,,,,,,,,,,not_applicable,608.9965388880747,
80,35,80c_cap35,case_2_supplier_customer_direct,kmeans,random_greedy,random_removal,greedy_insertion,results/lns_supplier_customer_only_baseline_kmeans_v1,run_2026_07_09_154919,1,lns_sa_metrics_best.json,511.49035579173557,483.3477473177319,511.49035579173557,483.3477473177319,483.3477473177319,,28.14260847400368,5.502079981633623,,,,,11,"[2, 3, 4, 5, 6, 7, 8, 9, 10, 11, 12]",50,42,10.0,0.95,0.01,11,0.7298701298701299,0.0,1.0,,,,0.11154508590698242,,,,,,,,,,,not_applicable,483.3477473177319,
20,15,20c_cap15,case_2_supplier_customer_direct,no_clustering,random_greedy,random_removal,greedy_insertion,results/lns_supplier_customer_only_no_cluster_v1,run_2026_07_09_160724,1,lns_sa_metrics_best.json,63.40611899389782,60.84147866433692,63.40611899389782,60.84147866433692,60.84147866433692,,2.564640329560902,4.044783642739152,,,,,3,"[2, 3, 4]",50,42,10.0,0.95,0.01,5,0.8933333333333333,0.6666666666666666,1.0,,,,0.07515525817871094,,,,,,,,,,,not_applicable,60.84147866433692,
20,25,20c_cap25,case_2_supplier_customer_direct,no_clustering,random_greedy,random_removal,greedy_insertion,results/lns_supplier_customer_only_no_cluster_v1,run_2026_07_09_160725,1,lns_sa_metrics_best.json,45.338338299968726,45.32215330899516,45.338338299968726,45.32215330899516,45.32215330899516,,0.01618499097356363,0.035698244753656516,,,,,2,"[2, 3, 4]",50,42,10.0,0.95,0.01,4,0.67,0.2,1.0,,,,0.07169795036315918,,,,,,,,,,,not_applicable,45.32215330899516,
20,35,20c_cap35,case_2_supplier_customer_direct,no_clustering,random_greedy,random_removal,greedy_insertion,results/lns_supplier_customer_only_no_cluster_v1,run_2026_07_09_160725,1,lns_sa_metrics_best.json,40.93006594396948,40.93006594396948,40.93006594396948,40.93006594396948,40.93006594396948,,0.0,0.0,,,,,2,"[2, 3, 4]",50,42,10.0,0.95,0.01,3,0.6380952380952382,0.42857142857142855,0.8571428571428571,,,,0.07452702522277832,,,,,,,,,,,not_applicable,40.93006594396948,
40,15,40c_cap15,case_2_supplier_customer_direct,no_clustering,random_greedy,random_removal,greedy_insertion,results/lns_supplier_customer_only_no_cluster_v1,run_2026_07_09_160725,1,lns_sa_metrics_best.json,250.37669562521955,236.49849704552136,250.37669562521955,236.49849704552136,236.49849704552136,,13.878198579698193,5.5429274458003075,,,,,4,"[2, 3, 4, 5]",50,42,10.0,0.95,0.01,10,0.9333333333333332,0.7333333333333333,1.0,,,,0.09074592590332031,,,,,,,,,,,not_applicable,236.49849704552136,
40,25,40c_cap25,case_2_supplier_customer_direct,no_clustering,random_greedy,random_removal,greedy_insertion,results/lns_supplier_customer_only_no_cluster_v1,run_2026_07_09_160726,2,lns_sa_metrics_best.json,181.2188538338204,176.0636891996847,181.2188538338204,176.0636891996847,176.0636891996847,,5.155164634135701,2.8447176025420853,,,,,5,"[2, 3, 4, 5]",50,42,10.0,0.95,0.01,7,0.7999999999999999,0.28,1.0,,,,0.09049701690673828,,,,,,,,,,,not_applicable,176.0636891996847,
40,35,40c_cap35,case_2_supplier_customer_direct,no_clustering,random_greedy,random_removal,greedy_insertion,results/lns_supplier_customer_only_no_cluster_v1,run_2026_07_09_160726,1,lns_sa_metrics_best.json,150.0389587916166,146.46010834217836,150.0389587916166,146.46010834217836,146.46010834217836,,3.5788504494382494,2.3852807819126354,,,,,3,"[2, 3, 4, 5]",50,42,10.0,0.95,0.01,6,0.6666666666666666,0.2,1.0,,,,0.08741521835327148,,,,,,,,,,,not_applicable,146.46010834217836,
60,15,60c_cap15,case_2_supplier_customer_direct,no_clustering,random_greedy,random_removal,greedy_insertion,results/lns_supplier_customer_only_no_cluster_v1,run_2026_07_09_160727,1,lns_sa_metrics_best.json,548.9089866556761,536.0301625342362,548.9089866556761,536.0301625342362,536.0301625342362,,12.878824121439948,2.346258566453144,,,,,7,"[2, 3, 4, 5, 6, 7, 8]",50,42,10.0,0.95,0.01,17,0.8705882352941176,0.26666666666666666,1.0,,,,0.0989067554473877,,,,,,,,,,,not_applicable,536.0301625342362,
60,25,60c_cap25,case_2_supplier_customer_direct,no_clustering,random_greedy,random_removal,greedy_insertion,results/lns_supplier_customer_only_no_cluster_v1,run_2026_07_09_160727,1,lns_sa_metrics_best.json,405.33739929276,372.51579870927594,405.33739929276,372.51579870927594,372.51579870927594,,32.82160058348404,8.097353128714934,,,,,8,"[2, 3, 4, 5, 6, 7, 8]",50,42,10.0,0.95,0.01,11,0.8072727272727271,0.08,1.0,,,,0.09689998626708984,,,,,,,,,,,not_applicable,372.51579870927594,
60,35,60c_cap35,case_2_supplier_customer_direct,no_clustering,random_greedy,random_removal,greedy_insertion,results/lns_supplier_customer_only_no_cluster_v1,run_2026_07_09_160728,1,lns_sa_metrics_best.json,315.3241956473402,307.4938573534056,315.3241956473402,307.4938573534056,307.4938573534056,,7.830338293934631,2.483265921874296,,,,,5,"[2, 3, 4, 5, 6, 7, 8]",50,42,10.0,0.95,0.01,8,0.7928571428571429,0.2857142857142857,1.0,,,,0.09065771102905273,,,,,,,,,,,not_applicable,307.4938573534056,
80,15,80c_cap15,case_2_supplier_customer_direct,no_clustering,random_greedy,random_removal,greedy_insertion,results/lns_supplier_customer_only_no_cluster_v1,run_2026_07_09_160729,1,lns_sa_metrics_best.json,877.0411745206105,866.3526219728459,877.0411745206105,866.3526219728459,866.3526219728459,,10.68855254776463,1.218705900963769,,,,,7,"[2, 3, 4, 5, 6, 7, 8, 9, 10, 11, 12]",50,42,10.0,0.95,0.01,20,0.9366666666666668,0.4,1.0,,,,0.11110782623291016,,,,,,,,,,,not_applicable,866.3526219728459,
80,25,80c_cap25,case_2_supplier_customer_direct,no_clustering,random_greedy,random_removal,greedy_insertion,results/lns_supplier_customer_only_no_cluster_v1,run_2026_07_09_160730,1,lns_sa_metrics_best.json,635.4341214833732,611.2788812376064,635.4341214833732,611.2788812376064,611.2788812376064,,24.15524024576689,3.8013760087951045,,,,,8,"[2, 3, 4, 5, 6, 7, 8, 9, 10, 11, 12]",50,42,10.0,0.95,0.01,13,0.8646153846153847,0.6,1.0,,,,0.13116073608398438,,,,,,,,,,,not_applicable,611.2788812376064,
80,35,80c_cap35,case_2_supplier_customer_direct,no_clustering,random_greedy,random_removal,greedy_insertion,results/lns_supplier_customer_only_no_cluster_v1,run_2026_07_09_160732,1,lns_sa_metrics_best.json,510.91407848490496,488.9450257283461,510.91407848490496,488.9450257283461,488.9450257283461,,21.96905275655888,4.299950555621254,,,,,7,"[2, 3, 4, 5, 6, 7, 8, 9, 10, 11, 12]",50,42,10.0,0.95,0.01,9,0.892063492063492,0.6857142857142857,1.0,,,,0.10432887077331543,,,,,,,,,,,not_applicable,488.9450257283461,
20,15,20c_cap15,case_2_supplier_customer_direct,sweep,random_greedy,random_removal,greedy_insertion,results/lns_supplier_customer_only_baseline_sweep_v1,run_2026_07_09_152809,1,lns_sa_metrics_best.json,60.841478664336925,60.84147866433692,60.841478664336925,60.84147866433692,60.84147866433692,,7.105427357601002e-15,1.1678590845567246e-14,,,,,3,"[2, 3, 4]",50,42,10.0,0.95,0.01,5,0.8933333333333333,0.6666666666666666,1.0,,,,0.08359503746032715,,,,,,,,,,,not_applicable,60.84147866433692,
20,25,20c_cap25,case_2_supplier_customer_direct,sweep,random_greedy,random_removal,greedy_insertion,results/lns_supplier_customer_only_baseline_sweep_v1,run_2026_07_09_152809,1,lns_sa_metrics_best.json,54.79575867334405,45.32215330899516,54.79575867334405,45.32215330899516,45.32215330899516,,9.473605364348884,17.28893913272418,,,,,4,"[2, 3, 4]",50,42,10.0,0.95,0.01,4,0.67,0.2,1.0,,,,0.07344484329223633,,,,,,,,,,,not_applicable,45.32215330899516,
20,35,20c_cap35,case_2_supplier_customer_direct,sweep,random_greedy,random_removal,greedy_insertion,results/lns_supplier_customer_only_baseline_sweep_v1,run_2026_07_09_152809,1,lns_sa_metrics_best.json,40.93006594396948,40.93006594396948,40.93006594396948,40.93006594396948,40.93006594396948,,0.0,0.0,,,,,2,"[2, 3, 4]",50,42,10.0,0.95,0.01,3,0.6380952380952382,0.42857142857142855,0.8571428571428571,,,,0.10341501235961914,,,,,,,,,,,not_applicable,40.93006594396948,
40,15,40c_cap15,case_2_supplier_customer_direct,sweep,random_greedy,random_removal,greedy_insertion,results/lns_supplier_customer_only_baseline_sweep_v1,run_2026_07_09_152809,1,lns_sa_metrics_best.json,263.78637596551715,232.44772764108998,263.78637596551715,232.44772764108998,232.44772764108998,,31.33864832442717,11.880313458085432,,,,,5,"[2, 3, 4, 5]",50,42,10.0,0.95,0.01,10,0.9333333333333332,0.7333333333333333,1.0,,,,0.09054708480834961,,,,,,,,,,,not_applicable,232.44772764108998,
40,25,40c_cap25,case_2_supplier_customer_direct,sweep,random_greedy,random_removal,greedy_insertion,results/lns_supplier_customer_only_baseline_sweep_v1,run_2026_07_09_152810,2,lns_sa_metrics_best.json,181.96909660488316,178.6833868087921,181.96909660488316,178.6833868087921,178.6833868087921,,3.285709796091055,1.8056416487165672,,,,,5,"[2, 3, 4, 5]",50,42,10.0,0.95,0.01,7,0.7999999999999999,0.52,1.0,,,,0.08965921401977539,,,,,,,,,,,not_applicable,178.6833868087921,
40,35,40c_cap35,case_2_supplier_customer_direct,sweep,random_greedy,random_removal,greedy_insertion,results/lns_supplier_customer_only_baseline_sweep_v1,run_2026_07_09_152810,1,lns_sa_metrics_best.json,155.96515611108038,146.7154388863308,155.96515611108038,146.7154388863308,146.7154388863308,,9.249717224749588,5.930630568639204,,,,,4,"[2, 3, 4, 5]",50,42,10.0,0.95,0.01,6,0.6666666666666666,0.22857142857142856,0.9714285714285714,,,,0.08979511260986328,,,,,,,,,,,not_applicable,146.7154388863308,
60,15,60c_cap15,case_2_supplier_customer_direct,sweep,random_greedy,random_removal,greedy_insertion,results/lns_supplier_customer_only_baseline_sweep_v1,run_2026_07_09_152811,1,lns_sa_metrics_best.json,560.368195578196,537.8665898452922,560.368195578196,537.8665898452922,537.8665898452922,,22.50160573290384,4.01550371888725,,,,,8,"[2, 3, 4, 5, 6, 7, 8]",50,42,10.0,0.95,0.01,17,0.8705882352941176,0.26666666666666666,1.0,,,,0.0968329906463623,,,,,,,,,,,not_applicable,537.8665898452922,
60,25,60c_cap25,case_2_supplier_customer_direct,sweep,random_greedy,random_removal,greedy_insertion,results/lns_supplier_customer_only_baseline_sweep_v1,run_2026_07_09_152811,1,lns_sa_metrics_best.json,392.9086790418891,377.3209058855224,392.9086790418891,377.3209058855224,377.3209058855224,,15.587773156366723,3.967276364161166,,,,,6,"[2, 3, 4, 5, 6, 7, 8]",50,42,10.0,0.95,0.01,11,0.8072727272727271,0.24,1.0,,,,0.09215474128723145,,,,,,,,,,,not_applicable,377.3209058855224,
60,35,60c_cap35,case_2_supplier_customer_direct,sweep,random_greedy,random_removal,greedy_insertion,results/lns_supplier_customer_only_baseline_sweep_v1,run_2026_07_09_152812,1,lns_sa_metrics_best.json,325.1353058716005,310.8982013860158,325.1353058716005,310.8982013860158,310.8982013860158,,14.237104485584723,4.378824516586677,,,,,8,"[2, 3, 4, 5, 6, 7, 8]",50,42,10.0,0.95,0.01,8,0.7928571428571429,0.2857142857142857,1.0,,,,0.09467101097106934,,,,,,,,,,,not_applicable,310.8982013860158,
80,15,80c_cap15,case_2_supplier_customer_direct,sweep,random_greedy,random_removal,greedy_insertion,results/lns_supplier_customer_only_baseline_sweep_v1,run_2026_07_09_152813,1,lns_sa_metrics_best.json,980.1147782629438,895.3800665128597,980.1147782629438,895.3800665128597,895.3800665128597,,84.7347117500841,8.645386604644338,,,,,10,"[2, 3, 4, 5, 6, 7, 8, 9, 10, 11, 12]",50,42,10.0,0.95,0.01,20,0.9366666666666668,0.6666666666666666,1.0,,,,0.13620471954345703,,,,,,,,,,,not_applicable,895.3800665128597,
80,25,80c_cap25,case_2_supplier_customer_direct,sweep,random_greedy,random_removal,greedy_insertion,results/lns_supplier_customer_only_baseline_sweep_v1,run_2026_07_09_152814,1,lns_sa_metrics_best.json,650.9513970158838,608.0045644364177,650.9513970158838,608.0045644364177,608.0045644364177,,42.946832579466104,6.597548261874022,,,,,12,"[2, 3, 4, 5, 6, 7, 8, 9, 10, 11, 12]",50,42,10.0,0.95,0.01,13,0.8646153846153845,0.32,1.0,,,,0.11440396308898926,,,,,,,,,,,not_applicable,608.0045644364177,
80,35,80c_cap35,case_2_supplier_customer_direct,sweep,random_greedy,random_removal,greedy_insertion,results/lns_supplier_customer_only_baseline_sweep_v1,run_2026_07_09_152815,1,lns_sa_metrics_best.json,530.7845381062182,486.7285220327268,530.7845381062182,486.7285220327268,486.7285220327268,,44.05601607349138,8.300169449298293,,,,,12,"[2, 3, 4, 5, 6, 7, 8, 9, 10, 11, 12]",50,42,10.0,0.95,0.01,9,0.892063492063492,0.45714285714285713,1.0,,,,0.11176013946533203,,,,,,,,,,,not_applicable,486.7285220327268,
20,15,20c_cap15,case_3_hybrid,kmeans,random_greedy,random_removal,greedy_insertion,results/lns_hybrid_supplier_customer_kmeans_v1,run_2026_07_12_223838,3,lns_sa_metrics_best.json,94.76529987543388,84.21746207443732,118.76529987543388,108.21746207443732,84.21746207443732,24.0,10.547837800996561,8.881245458109047,10.547837800996561,11.130485330454686,10.547837800996561,8.881245458109047,3,"[2, 3, 4, 5]",50,42,10.0,0.95,0.01,7,0.6380952380952379,0.3333333333333333,1.0,,,,0.08394598960876465,,,,,,,,,,,ok,108.21746207443732,
20,25,20c_cap25,case_3_hybrid,kmeans,random_greedy,random_removal,greedy_insertion,results/lns_hybrid_supplier_customer_kmeans_v1,run_2026_07_12_223838,3,lns_sa_metrics_best.json,77.41526031217806,66.75822855161768,101.41526031217806,90.75822855161768,66.75822855161768,24.0,10.657031760560386,10.508311794256349,10.657031760560386,13.766060745111188,10.657031760560386,10.508311794256349,3,"[2, 3, 4, 5]",50,42,10.0,0.95,0.01,5,0.5360000000000001,0.2,0.72,,,,0.07946014404296875,,,,,,,,,,,ok,90.75822855161768,
20,35,20c_cap35,case_3_hybrid,kmeans,random_greedy,random_removal,greedy_insertion,results/lns_hybrid_supplier_customer_kmeans_v1,run_2026_07_12_223838,3,lns_sa_metrics_best.json,77.41526031217806,66.75822855161768,101.41526031217806,90.75822855161768,66.75822855161768,24.0,10.657031760560386,10.508311794256349,10.657031760560386,13.766060745111188,10.657031760560386,10.508311794256349,3,"[2, 3, 4, 5]",50,42,10.0,0.95,0.01,5,0.38285714285714284,0.14285714285714285,0.5142857142857142,,,,0.08123993873596191,,,,,,,,,,,ok,90.75822855161768,
40,15,40c_cap15,case_3_hybrid,kmeans,random_greedy,random_removal,greedy_insertion,results/lns_hybrid_supplier_customer_kmeans_v1,run_2026_07_12_223839,3,lns_sa_metrics_best.json,306.1763991767963,282.8707640827188,402.1763991767963,378.8707640827188,282.8707640827188,96.0,23.305635094077502,5.794878849624483,23.305635094077502,7.611832641816414,23.305635094077502,5.794878849624483,6,"[2, 3, 4, 5, 6, 7, 8, 9, 10]",50,42,10.0,0.95,0.01,12,0.7777777777777777,0.4,1.0,,,,0.09652996063232422,,,,,,,,,,,ok,378.8707640827188,
40,25,40c_cap25,case_3_hybrid,kmeans,random_greedy,random_removal,greedy_insertion,results/lns_hybrid_supplier_customer_kmeans_v1,run_2026_07_12_223840,4,lns_sa_metrics_best.json,222.52907906106748,206.47961641307649,270.5290790610675,254.47961641307649,206.47961641307649,48.0,16.049462647990993,5.932620147044559,16.049462647990993,7.212299046807552,16.049462647990993,5.932620147044559,3,"[2, 3, 4, 5, 6, 7, 8, 9, 10]",50,42,10.0,0.95,0.01,7,0.7999999999999999,0.52,0.92,,,,0.11068105697631836,,,,,,,,,,,ok,254.47961641307649,
40,35,40c_cap35,case_3_hybrid,kmeans,random_greedy,random_removal,greedy_insertion,results/lns_hybrid_supplier_customer_kmeans_v1,run_2026_07_12_223841,3,lns_sa_metrics_best.json,219.77181860775102,184.8060457177843,267.771818607751,232.8060457177843,184.8060457177843,48.0,34.96577288996673,13.058048106692958,34.96577288996673,15.910034831341902,34.96577288996673,13.058048106692958,8,"[2, 3, 4, 5, 6, 7, 8, 9, 10]",50,42,10.0,0.95,0.01,6,0.6666666666666666,0.17142857142857143,1.0,,,,0.09670281410217285,,,,,,,,,,,ok,232.8060457177843,
60,15,60c_cap15,case_3_hybrid,kmeans,random_greedy,random_removal,greedy_insertion,results/lns_hybrid_supplier_customer_kmeans_v1,run_2026_07_12_223842,3,lns_sa_metrics_best.json,676.25997150048,629.0420627595095,868.25997150048,821.0420627595095,629.0420627595095,192.0,47.21790874097053,5.438222455351833,47.21790874097053,6.982212570737231,47.21790874097053,5.438222455351833,7,"[2, 3, 4, 5, 6, 7, 8, 9, 10, 11, 12, 13, 14]",50,42,10.0,0.95,0.01,18,0.8222222222222221,0.7333333333333333,1.0,,,,0.11038589477539062,,,,,,,,,,,ok,821.0420627595095,
60,25,60c_cap25,case_3_hybrid,kmeans,random_greedy,random_removal,greedy_insertion,results/lns_hybrid_supplier_customer_kmeans_v1,run_2026_07_12_223843,3,lns_sa_metrics_best.json,526.6801338014434,450.6334733539292,646.6801338014434,570.6334733539293,450.6334733539292,120.0,76.04666044751411,11.759547954640505,76.04666044751417,14.43887011621811,76.04666044751411,11.759547954640505,8,"[2, 3, 4, 5, 6, 7, 8, 9, 10, 11, 12, 13, 14]",50,42,10.0,0.95,0.01,11,0.8072727272727271,0.48,1.0,,,,0.10131406784057617,,,,,,,,,,,ok,570.6334733539293,
60,35,60c_cap35,case_3_hybrid,kmeans,random_greedy,random_removal,greedy_insertion,results/lns_hybrid_supplier_customer_kmeans_v1,run_2026_07_12_223845,3,lns_sa_metrics_best.json,453.87935067541724,388.0513942752894,525.8793506754173,460.0513942752894,388.0513942752894,72.0,65.8279564001279,12.51769180812695,65.82795640012785,14.503404109962121,65.8279564001279,12.51769180812695,11,"[2, 3, 4, 5, 6, 7, 8, 9, 10, 11, 12, 13, 14]",50,42,10.0,0.95,0.01,9,0.7047619047619048,0.14285714285714285,1.0,,,,0.10631608963012695,,,,,,,,,,,ok,460.0513942752894,
80,15,80c_cap15,case_3_hybrid,kmeans,random_greedy,random_removal,greedy_insertion,results/lns_hybrid_supplier_customer_kmeans_v1,run_2026_07_12_223846,3,lns_sa_metrics_best.json,1062.6121024423817,996.9163860088297,1350.6121024423817,1284.9163860088297,996.9163860088297,288.0,65.69571643355198,4.8641439177652135,65.69571643355198,6.182473950988547,65.69571643355198,4.8641439177652135,4,"[2, 3, 4, 5, 6, 7, 8, 9, 10, 11, 12, 13, 14, 15, 16, 17, 18, 19, 20]",50,42,10.0,0.95,0.01,23,0.8144927536231887,0.3333333333333333,1.0,,,,0.12348175048828125,,,,,,,,,,,ok,1284.9163860088297,
80,25,80c_cap25,case_3_hybrid,kmeans,random_greedy,random_removal,greedy_insertion,results/lns_hybrid_supplier_customer_kmeans_v1,run_2026_07_12_223849,3,lns_sa_metrics_best.json,770.8893340006891,708.4534276818072,962.8893340006891,900.4534276818072,708.4534276818072,192.0,62.43590631888196,6.484224522403659,62.43590631888196,8.099204848879923,62.43590631888196,6.484224522403659,20,"[2, 3, 4, 5, 6, 7, 8, 9, 10, 11, 12, 13, 14, 15, 16, 17, 18, 19, 20]",50,42,10.0,0.95,0.01,13,0.8646153846153847,0.44,1.0,,,,0.12987327575683594,,,,,,,,,,,ok,900.4534276818072,
80,35,80c_cap35,case_3_hybrid,kmeans,random_greedy,random_removal,greedy_insertion,results/lns_hybrid_supplier_customer_kmeans_v1,run_2026_07_12_223852,3,lns_sa_metrics_best.json,662.9118360421799,579.6358366436058,822.9118360421799,739.6358366436058,579.6358366436058,160.0,83.27599939857407,10.119674520552845,83.27599939857407,12.5621530452317,83.27599939857407,10.119674520552845,20,"[2, 3, 4, 5, 6, 7, 8, 9, 10, 11, 12, 13, 14, 15, 16, 17, 18, 19, 20]",50,42,10.0,0.95,0.01,10,0.8028571428571428,0.3142857142857143,0.9714285714285714,,,,0.13573312759399414,,,,,,,,,,,ok,739.6358366436058,
100,15,100c_cap15,case_3_hybrid,kmeans,random_greedy,random_removal,greedy_insertion,results/lns_hybrid_supplier_customer_kmeans_v1,run_2026_07_13_181619,1,lns_sa_metrics_best.json,1527.901943047867,1484.0796246580737,1967.901943047867,1924.0796246580737,1484.0796246580737,440.0,43.82231838979328,2.2268547751887326,43.82231838979328,2.868136832287567,43.82231838979328,2.2268547751887326,4,"[2, 3, 4, 5, 6, 7, 8, 9, 10, 11, 12, 13, 14, 15, 16, 17, 18, 19, 20, 21, 22, 23, 24, 25]",50,42,10.0,0.95,0.01,27,0.8543209876543211,0.3333333333333333,1.0,,,,0.12968778610229492,,,,,,,,,,,ok,1924.0796246580737,
100,25,100c_cap25,case_3_hybrid,kmeans,random_greedy,random_removal,greedy_insertion,results/lns_hybrid_supplier_customer_kmeans_v1,run_2026_07_13_181623,1,lns_sa_metrics_best.json,1092.0336222107796,1065.8611586084469,1412.0336222107796,1385.8611586084469,1065.8611586084469,320.0,26.172463602332755,1.8535297737000977,26.172463602332755,2.3966719586295904,26.172463602332755,1.8535297737000977,25,"[2, 3, 4, 5, 6, 7, 8, 9, 10, 11, 12, 13, 14, 15, 16, 17, 18, 19, 20, 21, 22, 23, 24, 25]",50,42,10.0,0.95,0.01,17,0.8141176470588236,0.44,1.0,,,,0.1394181251525879,,,,,,,,,,,ok,1385.8611586084469,
100,35,100c_cap35,case_3_hybrid,kmeans,random_greedy,random_removal,greedy_insertion,results/lns_hybrid_supplier_customer_kmeans_v1,run_2026_07_13_181626,1,lns_sa_metrics_best.json,959.6993450628461,862.0127474087948,1199.699345062846,1102.012747408795,862.0127474087948,240.0,97.68659765405118,8.142589896048822,97.6865976540513,10.17887509839389,97.68659765405118,8.142589896048822,24,"[2, 3, 4, 5, 6, 7, 8, 9, 10, 11, 12, 13, 14, 15, 16, 17, 18, 19, 20, 21, 22, 23, 24, 25]",50,42,10.0,0.95,0.01,13,0.7604395604395606,0.3142857142857143,0.9714285714285714,,,,0.1653881072998047,,,,,,,,,,,ok,1102.012747408795,
150,15,150c_cap15,case_3_hybrid,kmeans,random_greedy,random_removal,greedy_insertion,results/lns_hybrid_supplier_customer_kmeans_v1,run_2026_07_13_181629,1,lns_sa_metrics_best.json,3363.112792008648,3302.2554861946396,4323.112792008647,4262.255486194639,3302.2554861946396,960.0,60.857305814008214,1.407719593310266,60.857305814008214,1.8095529224775322,60.857305814008214,1.407719593310266,6,"[2, 3, 4, 5, 6, 7, 8, 9, 10, 11, 12, 13, 14, 15, 16, 17, 18, 19, 20, 21, 22, 23, 24, 25, 26, 27, 28, 29, 30, 31, 32, 33, 34, 35, 36, 37]",50,42,10.0,0.95,0.01,42,0.8428571428571432,0.4,1.0,,,,0.14764118194580078,,,,,,,,,,,ok,4262.255486194639,
150,25,150c_cap25,case_3_hybrid,kmeans,random_greedy,random_removal,greedy_insertion,results/lns_hybrid_supplier_customer_kmeans_v1,run_2026_07_13_181636,1,lns_sa_metrics_best.json,2417.445091713402,2251.6853950369555,3017.445091713402,2851.6853950369555,2251.6853950369555,600.0,165.7596966764463,5.49337905540222,165.7596966764463,6.8568133044528246,165.7596966764463,5.49337905540222,29,"[2, 3, 4, 5, 6, 7, 8, 9, 10, 11, 12, 13, 14, 15, 16, 17, 18, 19, 20, 21, 22, 23, 24, 25, 26, 27, 28, 29, 30, 31, 32, 33, 34, 35, 36, 37]",50,42,10.0,0.95,0.01,26,0.816923076923077,0.24,1.0,,,,0.18870925903320312,,,,,,,,,,,ok,2851.6853950369555,
150,35,150c_cap35,case_3_hybrid,kmeans,random_greedy,random_removal,greedy_insertion,results/lns_hybrid_supplier_customer_kmeans_v1,run_2026_07_13_181642,1,lns_sa_metrics_best.json,1938.5389293525266,1837.833760100206,2418.538929352527,2317.833760100206,1837.833760100206,480.0,100.70516925232096,4.163884568080159,100.7051692523205,5.194900537073872,100.70516925232096,4.163884568080159,36,"[2, 3, 4, 5, 6, 7, 8, 9, 10, 11, 12, 13, 14, 15, 16, 17, 18, 19, 20, 21, 22, 23, 24, 25, 26, 27, 28, 29, 30, 31, 32, 33, 34, 35, 36, 37]",50,42,10.0,0.95,0.01,18,0.842857142857143,0.2857142857142857,1.0,,,,0.19448113441467285,,,,,,,,,,,ok,2317.833760100206,
200,15,200c_cap15,case_3_hybrid,kmeans,random_greedy,random_removal,greedy_insertion,results/lns_hybrid_supplier_customer_kmeans_v1,run_2026_07_13_181648,1,lns_sa_metrics_best.json,5714.037453211504,5549.327893229683,7554.037453211504,7389.327893229683,5549.327893229683,1840.0,164.70955998182126,2.18041757142463,164.70955998182126,2.882542533725401,164.70955998182126,2.18041757142463,4,"[2, 3, 4, 5, 6, 7, 8, 9, 10, 11, 12, 13, 14, 15, 16, 17, 18, 19, 20, 21, 22, 23, 24, 25, 26, 27, 28, 29, 30, 31, 32, 33, 34, 35, 36, 37, 38, 39, 40, 41, 42, 43, 44, 45, 46, 47, 48, 49, 50, 51, 52]",50,42,10.0,0.95,0.01,55,0.8496969696969696,0.3333333333333333,1.0,,,,0.19616913795471191,,,,,,,,,,,ok,7389.327893229683,
200,25,200c_cap25,case_3_hybrid,kmeans,random_greedy,random_removal,greedy_insertion,results/lns_hybrid_supplier_customer_kmeans_v1,run_2026_07_13_181700,1,lns_sa_metrics_best.json,3841.1030970322995,3758.0734269815052,4961.103097032299,4878.073426981506,3758.0734269815052,1120.0,83.02967005079336,1.673613074085503,83.02967005079427,2.1616100363185873,83.02967005079336,1.673613074085503,23,"[2, 3, 4, 5, 6, 7, 8, 9, 10, 11, 12, 13, 14, 15, 16, 17, 18, 19, 20, 21, 22, 23, 24, 25, 26, 27, 28, 29, 30, 31, 32, 33, 34, 35, 36, 37, 38, 39, 40, 41, 42, 43, 44, 45, 46, 47, 48, 49, 50, 51, 52]",50,42,10.0,0.95,0.01,32,0.8762500000000002,0.32,1.0,,,,0.20763111114501953,,,,,,,,,,,ok,4878.073426981506,
200,35,200c_cap35,case_3_hybrid,kmeans,random_greedy,random_removal,greedy_insertion,results/lns_hybrid_supplier_customer_kmeans_v1,run_2026_07_13_181711,1,lns_sa_metrics_best.json,3017.983843633416,2895.58298911694,3897.983843633416,3775.58298911694,2895.58298911694,880.0,122.4008545164761,3.14010676869258,122.4008545164761,4.055716029583348,122.4008545164761,3.14010676869258,43,"[2, 3, 4, 5, 6, 7, 8, 9, 10, 11, 12, 13, 14, 15, 16, 17, 18, 19, 20, 21, 22, 23, 24, 25, 26, 27, 28, 29, 30, 31, 32, 33, 34, 35, 36, 37, 38, 39, 40, 41, 42, 43, 44, 45, 46, 47, 48, 49, 50, 51, 52]",50,42,10.0,0.95,0.01,24,0.8345238095238096,0.17142857142857143,1.0,,,,0.2558000087738037,,,,,,,,,,,ok,3775.58298911694,
20,15,20c_cap15,case_3_hybrid,no_clustering,random_greedy,random_removal,greedy_insertion,results/lns_hybrid_supplier_customer_no_cluster_v1,run_2026_07_12_223904,2,lns_sa_metrics_best.json,90.7811383504322,84.21746207443732,114.7811383504322,108.21746207443732,84.21746207443732,24.0,6.5636762759948795,5.7184275834202545,6.5636762759948795,7.23022028062466,6.5636762759948795,5.7184275834202545,4,"[2, 3, 4, 5]",50,42,10.0,0.95,0.01,7,0.6380952380952382,0.3333333333333333,1.0,,,,0.08035397529602051,,,,,,,,,,,ok,108.21746207443732,
20,25,20c_cap25,case_3_hybrid,no_clustering,random_greedy,random_removal,greedy_insertion,results/lns_hybrid_supplier_customer_no_cluster_v1,run_2026_07_12_223904,2,lns_sa_metrics_best.json,73.43109878717637,66.75822855161768,97.43109878717637,90.75822855161768,66.75822855161768,24.0,6.67287023555869,6.848809382858932,6.67287023555869,9.08725369192488,6.67287023555869,6.848809382858932,4,"[2, 3, 4, 5]",50,42,10.0,0.95,0.01,5,0.5360000000000001,0.2,0.72,,,,0.07954692840576172,,,,,,,,,,,ok,90.75822855161768,
20,35,20c_cap35,case_3_hybrid,no_clustering,random_greedy,random_removal,greedy_insertion,results/lns_hybrid_supplier_customer_no_cluster_v1,run_2026_07_12_223905,2,lns_sa_metrics_best.json,73.43109878717637,66.75822855161768,97.43109878717637,90.75822855161768,66.75822855161768,24.0,6.67287023555869,6.848809382858932,6.67287023555869,9.08725369192488,6.67287023555869,6.848809382858932,4,"[2, 3, 4, 5]",50,42,10.0,0.95,0.01,5,0.38285714285714284,0.14285714285714285,0.5142857142857142,,,,0.09066486358642578,,,,,,,,,,,ok,90.75822855161768,
40,15,40c_cap15,case_3_hybrid,no_clustering,random_greedy,random_removal,greedy_insertion,results/lns_hybrid_supplier_customer_no_cluster_v1,run_2026_07_12_223905,2,lns_sa_metrics_best.json,317.7139933885292,282.8707640827188,413.7139933885292,378.8707640827188,282.8707640827188,96.0,34.84322930581044,8.422057233410591,34.84322930581044,10.966853846818452,34.84322930581044,8.422057233410591,8,"[2, 3, 4, 5, 6, 7, 8, 9, 10]",50,42,10.0,0.95,0.01,12,0.7777777777777777,0.4,1.0,,,,0.10050582885742188,,,,,,,,,,,ok,378.8707640827188,
40,25,40c_cap25,case_3_hybrid,no_clustering,random_greedy,random_removal,greedy_insertion,results/lns_hybrid_supplier_customer_no_cluster_v1,run_2026_07_12_223906,3,lns_sa_metrics_best.json,213.48666061666222,206.47961641307649,261.4866606166622,254.47961641307649,206.47961641307649,48.0,7.007044203585735,2.6796947068202526,7.007044203585735,3.2821929873022,7.007044203585735,2.6796947068202526,2,"[2, 3, 4, 5, 6, 7, 8, 9, 10]",50,42,10.0,0.95,0.01,7,0.7999999999999999,0.52,0.92,,,,0.09228992462158203,,,,,,,,,,,ok,254.47961641307649,
40,35,40c_cap35,case_3_hybrid,no_clustering,random_greedy,random_removal,greedy_insertion,results/lns_hybrid_supplier_customer_no_cluster_v1,run_2026_07_12_223907,2,lns_sa_metrics_best.json,202.9587964753435,184.8060457177843,250.9587964753435,232.8060457177843,184.8060457177843,48.0,18.152750757559204,7.233359026465804,18.152750757559204,8.944057154854333,18.152750757559204,7.233359026465804,8,"[2, 3, 4, 5, 6, 7, 8, 9, 10]",50,42,10.0,0.95,0.01,6,0.6666666666666666,0.17142857142857143,1.0,,,,0.09969806671142578,,,,,,,,,,,ok,232.8060457177843,
60,15,60c_cap15,case_3_hybrid,no_clustering,random_greedy,random_removal,greedy_insertion,results/lns_hybrid_supplier_customer_no_cluster_v1,run_2026_07_12_223908,2,lns_sa_metrics_best.json,683.447635460772,629.1257551321974,875.447635460772,821.1257551321974,629.1257551321974,192.0,54.32188032857459,6.20504049907948,54.32188032857459,7.948213953794932,54.32188032857459,6.20504049907948,8,"[2, 3, 4, 5, 6, 7, 8, 9, 10, 11, 12, 13, 14]",50,42,10.0,0.95,0.01,18,0.8222222222222221,0.4,1.0,,,,0.10210585594177246,,,,,,,,,,,ok,821.1257551321974,
60,25,60c_cap25,case_3_hybrid,no_clustering,random_greedy,random_removal,greedy_insertion,results/lns_hybrid_supplier_customer_no_cluster_v1,run_2026_07_12_223910,2,lns_sa_metrics_best.json,477.911393962637,450.5295181681444,597.911393962637,570.5295181681445,450.5295181681444,120.0,27.381875794492544,4.57958755611264,27.3818757944926,5.729487963752819,27.381875794492544,4.57958755611264,12,"[2, 3, 4, 5, 6, 7, 8, 9, 10, 11, 12, 13, 14]",50,42,10.0,0.95,0.01,11,0.8072727272727274,0.44,1.0,,,,0.1103060245513916,,,,,,,,,,,ok,570.5295181681445,
60,35,60c_cap35,case_3_hybrid,no_clustering,random_greedy,random_removal,greedy_insertion,results/lns_hybrid_supplier_customer_no_cluster_v1,run_2026_07_12_223911,2,lns_sa_metrics_best.json,417.15203122299897,387.68868205806973,489.15203122299897,459.68868205806973,387.68868205806973,72.0,29.46334916492924,6.023352104102217,29.46334916492924,7.062976315505192,29.46334916492924,6.023352104102217,7,"[2, 3, 4, 5, 6, 7, 8, 9, 10, 11, 12, 13, 14]",50,42,10.0,0.95,0.01,9,0.7047619047619048,0.14285714285714285,1.0,,,,0.10283899307250977,,,,,,,,,,,ok,459.68868205806973,
80,15,80c_cap15,case_3_hybrid,no_clustering,random_greedy,random_removal,greedy_insertion,results/lns_hybrid_supplier_customer_no_cluster_v1,run_2026_07_12_223913,2,lns_sa_metrics_best.json,1075.3883639913515,1019.1424069815023,1363.3883639913515,1307.1424069815023,1019.1424069815023,288.0,56.245957009849235,4.125453795511931,56.245957009849235,5.230292505778087,56.245957009849235,4.125453795511931,19,"[2, 3, 4, 5, 6, 7, 8, 9, 10, 11, 12, 13, 14, 15, 16, 17, 18, 19, 20]",50,42,10.0,0.95,0.01,23,0.8144927536231886,0.26666666666666666,1.0,,,,0.15915870666503906,,,,,,,,,,,ok,1307.1424069815023,
80,25,80c_cap25,case_3_hybrid,no_clustering,random_greedy,random_removal,greedy_insertion,results/lns_hybrid_supplier_customer_no_cluster_v1,run_2026_07_12_223915,2,lns_sa_metrics_best.json,752.5164985260036,707.1708984599219,944.5164985260036,899.1708984599219,707.1708984599219,192.0,45.345600066081715,4.800932555105949,45.345600066081715,6.025861247547754,45.345600066081715,4.800932555105949,15,"[2, 3, 4, 5, 6, 7, 8, 9, 10, 11, 12, 13, 14, 15, 16, 17, 18, 19, 20]",50,42,10.0,0.95,0.01,13,0.8646153846153847,0.44,1.0,,,,0.1421811580657959,,,,,,,,,,,ok,899.1708984599219,
80,35,80c_cap35,case_3_hybrid,no_clustering,random_greedy,random_removal,greedy_insertion,results/lns_hybrid_supplier_customer_no_cluster_v1,run_2026_07_12_223918,2,lns_sa_metrics_best.json,620.3949986042885,602.1887374611113,780.3949986042885,762.1887374611113,602.1887374611113,160.0,18.206261143177244,2.332954616026315,18.206261143177244,2.9346240998293234,18.206261143177244,2.332954616026315,19,"[2, 3, 4, 5, 6, 7, 8, 9, 10, 11, 12, 13, 14, 15, 16, 17, 18, 19, 20]",50,42,10.0,0.95,0.01,11,0.7298701298701297,0.14285714285714285,1.0,,,,0.1340169906616211,,,,,,,,,,,ok,762.1887374611113,
100,15,100c_cap15,case_3_hybrid,no_clustering,random_greedy,random_removal,greedy_insertion,results/lns_hybrid_supplier_customer_no_cluster_v1,run_2026_07_13_181728,1,lns_sa_metrics_best.json,1556.0477506692682,1490.8901494507859,1996.0477506692682,1930.8901494507859,1490.8901494507859,440.0,65.15760121848234,3.2643307855052672,65.15760121848234,4.187378002407545,65.15760121848234,3.2643307855052672,7,"[2, 3, 4, 5, 6, 7, 8, 9, 10, 11, 12, 13, 14, 15, 16, 17, 18, 19, 20, 21, 22, 23, 24, 25]",50,42,10.0,0.95,0.01,27,0.8543209876543211,0.3333333333333333,1.0,,,,0.12148880958557129,,,,,,,,,,,ok,1930.8901494507859,
100,25,100c_cap25,case_3_hybrid,no_clustering,random_greedy,random_removal,greedy_insertion,results/lns_hybrid_supplier_customer_no_cluster_v1,run_2026_07_13_181731,1,lns_sa_metrics_best.json,1103.5460774339185,1071.7406762608148,1423.5460774339185,1391.7406762608148,1071.7406762608148,320.0,31.805401173103746,2.2342375619085053,31.805401173103746,2.882109032280828,31.805401173103746,2.2342375619085053,24,"[2, 3, 4, 5, 6, 7, 8, 9, 10, 11, 12, 13, 14, 15, 16, 17, 18, 19, 20, 21, 22, 23, 24, 25]",50,42,10.0,0.95,0.01,17,0.8141176470588237,0.4,1.0,,,,0.13886785507202148,,,,,,,,,,,ok,1391.7406762608148,
100,35,100c_cap35,case_3_hybrid,no_clustering,random_greedy,random_removal,greedy_insertion,results/lns_hybrid_supplier_customer_no_cluster_v1,run_2026_07_13_181734,1,lns_sa_metrics_best.json,933.1421556057326,868.1856495883113,1173.1421556057326,1108.1856495883112,868.1856495883113,240.0,64.95650601742136,5.5369680227612434,64.95650601742125,6.961051499731666,64.95650601742136,5.5369680227612434,14,"[2, 3, 4, 5, 6, 7, 8, 9, 10, 11, 12, 13, 14, 15, 16, 17, 18, 19, 20, 21, 22, 23, 24, 25]",50,42,10.0,0.95,0.01,13,0.7604395604395605,0.2857142857142857,0.9714285714285714,,,,0.1275780200958252,,,,,,,,,,,ok,1108.1856495883112,
150,15,150c_cap15,case_3_hybrid,no_clustering,random_greedy,random_removal,greedy_insertion,results/lns_hybrid_supplier_customer_no_cluster_v1,run_2026_07_13_181737,1,lns_sa_metrics_best.json,3329.976600546286,3279.287831694204,4289.976600546286,4239.287831694204,3279.287831694204,960.0,50.68876885208192,1.1815628282361075,50.68876885208192,1.5221959470756152,50.68876885208192,1.1815628282361075,5,"[2, 3, 4, 5, 6, 7, 8, 9, 10, 11, 12, 13, 14, 15, 16, 17, 18, 19, 20, 21, 22, 23, 24, 25, 26, 27, 28, 29, 30, 31, 32, 33, 34, 35, 36, 37]",50,42,10.0,0.95,0.01,42,0.8428571428571432,0.4,1.0,,,,0.13885283470153809,,,,,,,,,,,ok,4239.287831694204,
150,25,150c_cap25,case_3_hybrid,no_clustering,random_greedy,random_removal,greedy_insertion,results/lns_hybrid_supplier_customer_no_cluster_v1,run_2026_07_13_181744,1,lns_sa_metrics_best.json,2340.1576192604707,2231.760392138573,2940.1576192604707,2831.760392138573,2231.760392138573,600.0,108.39722712189769,3.6867828585721374,108.39722712189769,4.632048124867462,108.39722712189769,3.6867828585721374,12,"[2, 3, 4, 5, 6, 7, 8, 9, 10, 11, 12, 13, 14, 15, 16, 17, 18, 19, 20, 21, 22, 23, 24, 25, 26, 27, 28, 29, 30, 31, 32, 33, 34, 35, 36, 37]",50,42,10.0,0.95,0.01,25,0.8496000000000002,0.44,1.0,,,,0.15017485618591309,,,,,,,,,,,ok,2831.760392138573,
150,35,150c_cap35,case_3_hybrid,no_clustering,random_greedy,random_removal,greedy_insertion,results/lns_hybrid_supplier_customer_no_cluster_v1,run_2026_07_13_181750,1,lns_sa_metrics_best.json,1900.844730990529,1826.5340489722391,2380.8447309905287,2306.5340489722394,1826.5340489722391,480.0,74.3106820182893,3.1211897630709005,74.31068201828975,3.9093504486064212,74.3106820182893,3.1211897630709005,37,"[2, 3, 4, 5, 6, 7, 8, 9, 10, 11, 12, 13, 14, 15, 16, 17, 18, 19, 20, 21, 22, 23, 24, 25, 26, 27, 28, 29, 30, 31, 32, 33, 34, 35, 36, 37]",50,42,10.0,0.95,0.01,18,0.842857142857143,0.3142857142857143,1.0,,,,0.2058730125427246,,,,,,,,,,,ok,2306.5340489722394,
200,15,200c_cap15,case_3_hybrid,no_clustering,random_greedy,random_removal,greedy_insertion,results/lns_hybrid_supplier_customer_no_cluster_v1,run_2026_07_13_181756,1,lns_sa_metrics_best.json,5727.450203775925,5614.4102236375875,7567.450203775925,7454.4102236375875,5614.4102236375875,1840.0,113.03998013833734,1.4937657611798207,113.03998013833734,1.9736527794482386,113.03998013833734,1.4937657611798207,6,"[2, 3, 4, 5, 6, 7, 8, 9, 10, 11, 12, 13, 14, 15, 16, 17, 18, 19, 20, 21, 22, 23, 24, 25, 26, 27, 28, 29, 30, 31, 32, 33, 34, 35, 36, 37, 38, 39, 40, 41, 42, 43, 44, 45, 46, 47, 48, 49, 50, 51, 52]",50,42,10.0,0.95,0.01,54,0.8654320987654321,0.4,1.0,,,,0.17972207069396973,,,,,,,,,,,ok,7454.4102236375875,
200,25,200c_cap25,case_3_hybrid,no_clustering,random_greedy,random_removal,greedy_insertion,results/lns_hybrid_supplier_customer_no_cluster_v1,run_2026_07_13_181807,1,lns_sa_metrics_best.json,3835.780200182673,3774.2470480680477,4955.780200182673,4894.247048068048,3774.2470480680477,1120.0,61.53315211462541,1.241644092939337,61.53315211462541,1.604188689218819,61.53315211462541,1.241644092939337,14,"[2, 3, 4, 5, 6, 7, 8, 9, 10, 11, 12, 13, 14, 15, 16, 17, 18, 19, 20, 21, 22, 23, 24, 25, 26, 27, 28, 29, 30, 31, 32, 33, 34, 35, 36, 37, 38, 39, 40, 41, 42, 43, 44, 45, 46, 47, 48, 49, 50, 51, 52]",50,42,10.0,0.95,0.01,31,0.9045161290322581,0.52,1.0,,,,0.16411185264587402,,,,,,,,,,,ok,4894.247048068048,
200,35,200c_cap35,case_3_hybrid,no_clustering,random_greedy,random_removal,greedy_insertion,results/lns_hybrid_supplier_customer_no_cluster_v1,run_2026_07_13_181817,1,lns_sa_metrics_best.json,3068.150105240352,2918.415266669439,3948.150105240352,3798.415266669439,2918.415266669439,880.0,149.73483857091287,3.7925315547696847,149.73483857091287,4.880297033550221,149.73483857091287,3.7925315547696847,45,"[2, 3, 4, 5, 6, 7, 8, 9, 10, 11, 12, 13, 14, 15, 16, 17, 18, 19, 20, 21, 22, 23, 24, 25, 26, 27, 28, 29, 30, 31, 32, 33, 34, 35, 36, 37, 38, 39, 40, 41, 42, 43, 44, 45, 46, 47, 48, 49, 50, 51, 52]",50,42,10.0,0.95,0.01,23,0.8708074534161491,0.17142857142857143,1.0,,,,0.2600088119506836,,,,,,,,,,,ok,3798.415266669439,
20,15,20c_cap15,case_3_hybrid,sweep,random_greedy,random_removal,greedy_insertion,results/lns_hybrid_supplier_customer_sweep_v1,run_2026_07_12_223809,2,lns_sa_metrics_best.json,90.7811383504322,84.21746207443732,114.7811383504322,108.21746207443732,84.21746207443732,24.0,6.5636762759948795,5.7184275834202545,6.5636762759948795,7.23022028062466,6.5636762759948795,5.7184275834202545,4,"[2, 3, 4, 5]",50,42,10.0,0.95,0.01,7,0.6380952380952379,0.3333333333333333,1.0,,,,0.11179590225219727,,,,,,,,,,,ok,108.21746207443732,
20,25,20c_cap25,case_3_hybrid,sweep,random_greedy,random_removal,greedy_insertion,results/lns_hybrid_supplier_customer_sweep_v1,run_2026_07_12_223810,2,lns_sa_metrics_best.json,73.43109878717637,66.75822855161768,97.43109878717637,90.75822855161768,66.75822855161768,24.0,6.67287023555869,6.848809382858932,6.67287023555869,9.08725369192488,6.67287023555869,6.848809382858932,4,"[2, 3, 4, 5]",50,42,10.0,0.95,0.01,5,0.5360000000000001,0.2,0.72,,,,0.08828425407409668,,,,,,,,,,,ok,90.75822855161768,
20,35,20c_cap35,case_3_hybrid,sweep,random_greedy,random_removal,greedy_insertion,results/lns_hybrid_supplier_customer_sweep_v1,run_2026_07_12_223810,2,lns_sa_metrics_best.json,73.43109878717637,66.75822855161768,97.43109878717637,90.75822855161768,66.75822855161768,24.0,6.67287023555869,6.848809382858932,6.67287023555869,9.08725369192488,6.67287023555869,6.848809382858932,4,"[2, 3, 4, 5]",50,42,10.0,0.95,0.01,5,0.38285714285714284,0.14285714285714285,0.5142857142857142,,,,0.11278820037841797,,,,,,,,,,,ok,90.75822855161768,
40,15,40c_cap15,case_3_hybrid,sweep,random_greedy,random_removal,greedy_insertion,results/lns_hybrid_supplier_customer_sweep_v1,run_2026_07_12_223811,2,lns_sa_metrics_best.json,322.0540449853214,283.15564514467513,418.0540449853214,379.15564514467513,283.15564514467513,96.0,38.89839984064628,9.304634246993608,38.89839984064628,12.078221170120434,38.89839984064628,9.304634246993608,8,"[2, 3, 4, 5, 6, 7, 8, 9, 10]",50,42,10.0,0.95,0.01,12,0.7777777777777777,0.4,1.0,,,,0.11800813674926758,,,,,,,,,,,ok,379.15564514467513,
40,25,40c_cap25,case_3_hybrid,sweep,random_greedy,random_removal,greedy_insertion,results/lns_hybrid_supplier_customer_sweep_v1,run_2026_07_12_223812,3,lns_sa_metrics_best.json,216.64980673822936,206.47961641307649,264.64980673822936,254.47961641307649,206.47961641307649,48.0,10.170190325152873,3.842885982234032,10.170190325152873,4.694299283378162,10.170190325152873,3.842885982234032,2,"[2, 3, 4, 5, 6, 7, 8, 9, 10]",50,42,10.0,0.95,0.01,7,0.7999999999999999,0.52,0.92,,,,0.09813714027404785,,,,,,,,,,,ok,254.47961641307649,
40,35,40c_cap35,case_3_hybrid,sweep,random_greedy,random_removal,greedy_insertion,results/lns_hybrid_supplier_customer_sweep_v1,run_2026_07_12_223813,2,lns_sa_metrics_best.json,201.53998274758732,184.8060457177843,249.53998274758732,232.8060457177843,184.8060457177843,48.0,16.73393702980303,6.705914156742413,16.73393702980303,8.303035855054599,16.73393702980303,6.705914156742413,8,"[2, 3, 4, 5, 6, 7, 8, 9, 10]",50,42,10.0,0.95,0.01,6,0.6666666666666666,0.17142857142857143,1.0,,,,0.10404086112976074,,,,,,,,,,,ok,232.8060457177843,
60,15,60c_cap15,case_3_hybrid,sweep,random_greedy,random_removal,greedy_insertion,results/lns_hybrid_supplier_customer_sweep_v1,run_2026_07_12_223814,2,lns_sa_metrics_best.json,675.2666631002465,627.1568171519157,867.2666631002465,819.1568171519157,627.1568171519157,192.0,48.10984594833087,5.547295658333162,48.10984594833087,7.1245699776517375,48.10984594833087,5.547295658333162,10,"[2, 3, 4, 5, 6, 7, 8, 9, 10, 11, 12, 13, 14]",50,42,10.0,0.95,0.01,18,0.8222222222222221,0.7333333333333333,1.0,,,,0.162736177444458,,,,,,,,,,,ok,819.1568171519157,
60,25,60c_cap25,case_3_hybrid,sweep,random_greedy,random_removal,greedy_insertion,results/lns_hybrid_supplier_customer_sweep_v1,run_2026_07_12_223815,2,lns_sa_metrics_best.json,496.33892142505834,450.3102496851455,616.3389214250583,570.3102496851454,450.3102496851455,120.0,46.02867173991285,7.468078055737319,46.02867173991285,9.273637378216906,46.02867173991285,7.468078055737319,9,"[2, 3, 4, 5, 6, 7, 8, 9, 10, 11, 12, 13, 14]",50,42,10.0,0.95,0.01,11,0.8072727272727274,0.48,1.0,,,,0.1262671947479248,,,,,,,,,,,ok,570.3102496851454,
60,35,60c_cap35,case_3_hybrid,sweep,random_greedy,random_removal,greedy_insertion,results/lns_hybrid_supplier_customer_sweep_v1,run_2026_07_12_223817,2,lns_sa_metrics_best.json,407.6220534739992,387.6886820580697,479.6220534739992,459.6886820580697,387.6886820580697,72.0,19.933371415929514,4.15605814443854,19.933371415929514,4.890160197674633,19.933371415929514,4.15605814443854,8,"[2, 3, 4, 5, 6, 7, 8, 9, 10, 11, 12, 13, 14]",50,42,10.0,0.95,0.01,9,0.7047619047619048,0.14285714285714285,1.0,,,,0.10286593437194824,,,,,,,,,,,ok,459.6886820580697,
80,15,80c_cap15,case_3_hybrid,sweep,random_greedy,random_removal,greedy_insertion,results/lns_hybrid_supplier_customer_sweep_v1,run_2026_07_12_223818,2,lns_sa_metrics_best.json,1049.585948333372,1021.2473608843927,1337.585948333372,1309.2473608843927,1021.2473608843927,288.0,28.338587448979297,2.118636748860071,28.338587448979297,2.6999777859048018,28.338587448979297,2.118636748860071,15,"[2, 3, 4, 5, 6, 7, 8, 9, 10, 11, 12, 13, 14, 15, 16, 17, 18, 19, 20]",50,42,10.0,0.95,0.01,23,0.8144927536231887,0.3333333333333333,1.0,,,,0.1353621482849121,,,,,,,,,,,ok,1309.2473608843927,
80,25,80c_cap25,case_3_hybrid,sweep,random_greedy,random_removal,greedy_insertion,results/lns_hybrid_supplier_customer_sweep_v1,run_2026_07_12_223821,2,lns_sa_metrics_best.json,738.7267073726305,716.7758092377707,930.7267073726305,908.7758092377707,716.7758092377707,192.0,21.950898134859813,2.3584687063322276,21.950898134859813,2.9714504587130466,21.950898134859813,2.3584687063322276,20,"[2, 3, 4, 5, 6, 7, 8, 9, 10, 11, 12, 13, 14, 15, 16, 17, 18, 19, 20]",50,42,10.0,0.95,0.01,14,0.802857142857143,0.44,1.0,,,,0.14040279388427734,,,,,,,,,,,ok,908.7758092377707,
80,35,80c_cap35,case_3_hybrid,sweep,random_greedy,random_removal,greedy_insertion,results/lns_hybrid_supplier_customer_sweep_v1,run_2026_07_12_223824,2,lns_sa_metrics_best.json,645.5221529097106,598.3073611089675,805.5221529097106,758.3073611089675,598.3073611089675,160.0,47.214791800743114,5.861389612960195,47.214791800743114,7.314201625447092,47.214791800743114,5.861389612960195,16,"[2, 3, 4, 5, 6, 7, 8, 9, 10, 11, 12, 13, 14, 15, 16, 17, 18, 19, 20]",50,42,10.0,0.95,0.01,10,0.8028571428571428,0.3142857142857143,1.0,,,,0.15100598335266113,,,,,,,,,,,ok,758.3073611089675,
100,15,100c_cap15,case_3_hybrid,sweep,random_greedy,random_removal,greedy_insertion,results/lns_hybrid_supplier_customer_sweep_v1,run_2026_07_13_181508,1,lns_sa_metrics_best.json,1559.309487256861,1516.6811102720587,1999.309487256861,1956.6811102720587,1516.6811102720587,440.0,42.628376984802344,2.132154989335359,42.628376984802344,2.733798346843527,42.628376984802344,2.132154989335359,13,"[2, 3, 4, 5, 6, 7, 8, 9, 10, 11, 12, 13, 14, 15, 16, 17, 18, 19, 20, 21, 22, 23, 24, 25]",50,42,10.0,0.95,0.01,28,0.8238095238095239,0.3333333333333333,1.0,,,,0.12720704078674316,,,,,,,,,,,ok,1956.6811102720587,
100,25,100c_cap25,case_3_hybrid,sweep,random_greedy,random_removal,greedy_insertion,results/lns_hybrid_supplier_customer_sweep_v1,run_2026_07_13_181512,1,lns_sa_metrics_best.json,1136.469985691432,1081.5530335696403,1456.469985691432,1401.5530335696403,1081.5530335696403,320.0,54.91695212179161,3.7705515843995103,54.91695212179161,4.832239549941124,54.91695212179161,3.7705515843995103,6,"[2, 3, 4, 5, 6, 7, 8, 9, 10, 11, 12, 13, 14, 15, 16, 17, 18, 19, 20, 21, 22, 23, 24, 25]",50,42,10.0,0.95,0.01,18,0.7688888888888888,0.24,1.0,,,,0.11518096923828125,,,,,,,,,,,ok,1401.5530335696403,
100,35,100c_cap35,case_3_hybrid,sweep,random_greedy,random_removal,greedy_insertion,results/lns_hybrid_supplier_customer_sweep_v1,run_2026_07_13_181515,1,lns_sa_metrics_best.json,952.5407880911066,867.1406824403097,1192.5407880911066,1107.1406824403098,867.1406824403097,240.0,85.40010565079683,7.161189495874293,85.40010565079695,8.965506434841378,85.40010565079683,7.161189495874293,24,"[2, 3, 4, 5, 6, 7, 8, 9, 10, 11, 12, 13, 14, 15, 16, 17, 18, 19, 20, 21, 22, 23, 24, 25]",50,42,10.0,0.95,0.01,13,0.7604395604395606,0.2857142857142857,1.0,,,,0.16146087646484375,,,,,,,,,,,ok,1107.1406824403098,
150,15,150c_cap15,case_3_hybrid,sweep,random_greedy,random_removal,greedy_insertion,results/lns_hybrid_supplier_customer_sweep_v1,run_2026_07_13_181518,1,lns_sa_metrics_best.json,3435.5814609849253,3290.7138496992243,4395.581460984926,4250.713849699225,3290.7138496992243,960.0,144.86761128570106,3.295755352768285,144.86761128570106,4.216683927621669,144.86761128570106,3.295755352768285,5,"[2, 3, 4, 5, 6, 7, 8, 9, 10, 11, 12, 13, 14, 15, 16, 17, 18, 19, 20, 21, 22, 23, 24, 25, 26, 27, 28, 29, 30, 31, 32, 33, 34, 35, 36, 37]",50,42,10.0,0.95,0.01,41,0.8634146341463418,0.6666666666666666,1.0,,,,0.16986417770385742,,,,,,,,,,,ok,4250.713849699225,
150,25,150c_cap25,case_3_hybrid,sweep,random_greedy,random_removal,greedy_insertion,results/lns_hybrid_supplier_customer_sweep_v1,run_2026_07_13_181525,1,lns_sa_metrics_best.json,2366.760677206669,2228.158231278324,2966.760677206669,2828.158231278324,2228.158231278324,600.0,138.60244592834488,4.671844513553583,138.60244592834488,5.856208752459424,138.60244592834488,4.671844513553583,10,"[2, 3, 4, 5, 6, 7, 8, 9, 10, 11, 12, 13, 14, 15, 16, 17, 18, 19, 20, 21, 22, 23, 24, 25, 26, 27, 28, 29, 30, 31, 32, 33, 34, 35, 36, 37]",50,42,10.0,0.95,0.01,25,0.8495999999999999,0.2,1.0,,,,0.17410802841186523,,,,,,,,,,,ok,2828.158231278324,
150,35,150c_cap35,case_3_hybrid,sweep,random_greedy,random_removal,greedy_insertion,results/lns_hybrid_supplier_customer_sweep_v1,run_2026_07_13_181531,1,lns_sa_metrics_best.json,1901.4403643340665,1821.953675614625,2381.4403643340665,2301.953675614625,1821.953675614625,480.0,79.48668871944164,3.337756842870549,79.48668871944164,4.18034087265629,79.48668871944164,3.337756842870549,11,"[2, 3, 4, 5, 6, 7, 8, 9, 10, 11, 12, 13, 14, 15, 16, 17, 18, 19, 20, 21, 22, 23, 24, 25, 26, 27, 28, 29, 30, 31, 32, 33, 34, 35, 36, 37]",50,42,10.0,0.95,0.01,18,0.842857142857143,0.2857142857142857,1.0,,,,0.14711499214172363,,,,,,,,,,,ok,2301.953675614625,
200,15,200c_cap15,case_3_hybrid,sweep,random_greedy,random_removal,greedy_insertion,results/lns_hybrid_supplier_customer_sweep_v1,run_2026_07_13_181537,1,lns_sa_metrics_best.json,6052.847461556266,5748.382196194364,7892.847461556266,7588.382196194364,5748.382196194364,1840.0,304.4652653619023,3.8574832067243525,304.4652653619023,5.030116276606454,304.4652653619023,3.8574832067243525,9,"[2, 3, 4, 5, 6, 7, 8, 9, 10, 11, 12, 13, 14, 15, 16, 17, 18, 19, 20, 21, 22, 23, 24, 25, 26, 27, 28, 29, 30, 31, 32, 33, 34, 35, 36, 37, 38, 39, 40, 41, 42, 43, 44, 45, 46, 47, 48, 49, 50, 51, 52]",50,42,10.0,0.95,0.01,54,0.8654320987654321,0.4,1.0,,,,0.1677110195159912,,,,,,,,,,,ok,7588.382196194364,
200,25,200c_cap25,case_3_hybrid,sweep,random_greedy,random_removal,greedy_insertion,results/lns_hybrid_supplier_customer_sweep_v1,run_2026_07_13_181549,1,lns_sa_metrics_best.json,3940.603472208074,3741.8290172957086,5060.603472208074,4861.829017295709,3741.8290172957086,1120.0,198.7744549123654,3.927880459395782,198.7744549123654,5.044264319266417,198.7744549123654,3.927880459395782,5,"[2, 3, 4, 5, 6, 7, 8, 9, 10, 11, 12, 13, 14, 15, 16, 17, 18, 19, 20, 21, 22, 23, 24, 25, 26, 27, 28, 29, 30, 31, 32, 33, 34, 35, 36, 37, 38, 39, 40, 41, 42, 43, 44, 45, 46, 47, 48, 49, 50, 51, 52]",50,42,10.0,0.95,0.01,31,0.9045161290322582,0.64,1.0,,,,0.16603589057922363,,,,,,,,,,,ok,4861.829017295709,
200,35,200c_cap35,case_3_hybrid,sweep,random_greedy,random_removal,greedy_insertion,results/lns_hybrid_supplier_customer_sweep_v1,run_2026_07_13_181600,1,lns_sa_metrics_best.json,3143.78267907474,2965.422635983443,4023.78267907474,3845.422635983443,2965.422635983443,880.0,178.36004309129703,4.432646027799655,178.36004309129703,5.6734215211018,178.36004309129703,4.432646027799655,11,"[2, 3, 4, 5, 6, 7, 8, 9, 10, 11, 12, 13, 14, 15, 16, 17, 18, 19, 20, 21, 22, 23, 24, 25, 26, 27, 28, 29, 30, 31, 32, 33, 34, 35, 36, 37, 38, 39, 40, 41, 42, 43, 44, 45, 46, 47, 48, 49, 50, 51, 52]",50,42,10.0,0.95,0.01,24,0.8345238095238097,0.17142857142857143,1.0,,,,0.1707162857055664,,,,,,,,,,,ok,3845.422635983443,
20,15,20c_cap15,case_2_supplier_customer_direct,kmeans,random_regret,random_removal,regret_2_insertion,results/lns_operator_random_regret/case2_kmeans,run_2026_07_12_121252,1,lns_sa_metrics_best.json,65.63297277702314,60.84147866433693,65.63297277702314,60.84147866433693,60.84147866433693,,4.791494112686209,7.300437432515048,,,,,2,"[2, 3, 4]",50,42,10.0,0.95,0.01,5,0.8933333333333333,0.6666666666666666,1.0,148,2,,0.08532500267028809,3,,,,,,,,,,not_applicable,60.84147866433693,
20,25,20c_cap25,case_2_supplier_customer_direct,kmeans,random_regret,random_removal,regret_2_insertion,results/lns_operator_random_regret/case2_kmeans,run_2026_07_12_121252,1,lns_sa_metrics_best.json,50.129832412654935,45.32215330899516,50.129832412654935,45.32215330899516,45.32215330899516,,4.807679103659773,9.590455168659425,,,,,2,"[2, 3, 4]",50,42,10.0,0.95,0.01,4,0.67,0.2,1.0,149,1,,0.0721440315246582,3,,,,,,,,,,not_applicable,45.32215330899516,
20,35,20c_cap35,case_2_supplier_customer_direct,kmeans,random_regret,random_removal,regret_2_insertion,results/lns_operator_random_regret/case2_kmeans,run_2026_07_12_121252,1,lns_sa_metrics_best.json,45.72156005665569,40.93006594396948,45.72156005665569,40.93006594396948,40.93006594396948,,4.791494112686209,10.479725772149612,,,,,2,"[2, 3, 4]",50,42,10.0,0.95,0.01,3,0.6380952380952382,0.42857142857142855,0.8571428571428571,150,0,,0.0752105712890625,3,,,,,,,,,,not_applicable,40.93006594396948,
40,15,40c_cap15,case_2_supplier_customer_direct,kmeans,random_regret,random_removal,regret_2_insertion,results/lns_operator_random_regret/case2_kmeans,run_2026_07_12_121253,1,lns_sa_metrics_best.json,233.6240619252252,229.79302338246885,233.6240619252252,229.79302338246885,229.79302338246885,,3.831038542756346,1.6398304657430904,,,,,4,"[2, 3, 4, 5]",50,42,10.0,0.95,0.01,10,0.9333333333333332,0.7333333333333333,1.0,118,32,,0.09943008422851562,3,,,,,,,,,,not_applicable,229.79302338246885,
40,25,40c_cap25,case_2_supplier_customer_direct,kmeans,random_regret,random_removal,regret_2_insertion,results/lns_operator_random_regret/case2_kmeans,run_2026_07_12_121253,2,lns_sa_metrics_best.json,192.33005162510995,177.886459289011,192.33005162510995,177.886459289011,177.886459289011,,14.443592336098959,7.509794862558677,,,,,5,"[2, 3, 4, 5]",50,42,10.0,0.95,0.01,7,0.7999999999999999,0.48,1.0,114,36,,0.10288476943969727,3,,,,,,,,,,not_applicable,177.886459289011,
40,35,40c_cap35,case_2_supplier_customer_direct,kmeans,random_regret,random_removal,regret_2_insertion,results/lns_operator_random_regret/case2_kmeans,run_2026_07_12_121254,1,lns_sa_metrics_best.json,145.59337216574968,145.57252158175402,145.59337216574968,145.57252158175402,145.57252158175402,,0.020850583995667193,0.014321107949838544,,,,,4,"[2, 3, 4, 5]",50,42,10.0,0.95,0.01,6,0.6666666666666666,0.22857142857142856,1.0,126,24,,0.09602594375610352,3,,,,,,,,,,not_applicable,145.57252158175402,
60,15,60c_cap15,case_2_supplier_customer_direct,kmeans,random_regret,random_removal,regret_2_insertion,results/lns_operator_random_regret/case2_kmeans,run_2026_07_12_121254,1,lns_sa_metrics_best.json,562.5058941860796,517.0075889407507,562.5058941860796,517.0075889407507,517.0075889407507,,45.49830524532888,8.0885028433636,,,,,6,"[2, 3, 4, 5, 6, 7, 8]",50,42,10.0,0.95,0.01,17,0.8705882352941176,0.13333333333333333,1.0,67,83,,0.1150977611541748,3,,,,,,,,,,not_applicable,517.0075889407507,
60,25,60c_cap25,case_2_supplier_customer_direct,kmeans,random_regret,random_removal,regret_2_insertion,results/lns_operator_random_regret/case2_kmeans,run_2026_07_12_121255,1,lns_sa_metrics_best.json,379.97834577997935,361.71984536417403,379.97834577997935,361.71984536417403,361.71984536417403,,18.258500415805315,4.805142350500578,,,,,7,"[2, 3, 4, 5, 6, 7, 8]",50,42,10.0,0.95,0.01,11,0.8072727272727271,0.08,1.0,85,65,,0.14351415634155273,3,,,,,,,,,,not_applicable,361.71984536417403,
60,35,60c_cap35,case_2_supplier_customer_direct,kmeans,random_regret,random_removal,regret_2_insertion,results/lns_operator_random_regret/case2_kmeans,run_2026_07_12_121256,1,lns_sa_metrics_best.json,325.4872658221094,302.90621401290673,325.4872658221094,302.90621401290673,302.90621401290673,,22.581051809202677,6.937614518395334,,,,,7,"[2, 3, 4, 5, 6, 7, 8]",50,42,10.0,0.95,0.01,8,0.7928571428571428,0.22857142857142856,1.0,111,39,,0.13742303848266602,3,,,,,,,,,,not_applicable,302.90621401290673,
80,15,80c_cap15,case_2_supplier_customer_direct,kmeans,random_regret,random_removal,regret_2_insertion,results/lns_operator_random_regret/case2_kmeans,run_2026_07_12_121257,1,lns_sa_metrics_best.json,889.1231593454308,867.9463410353083,889.1231593454308,867.9463410353083,867.9463410353083,,21.1768183101226,2.3817643357431937,,,,,10,"[2, 3, 4, 5, 6, 7, 8, 9, 10, 11, 12]",50,42,10.0,0.95,0.01,20,0.9366666666666668,0.26666666666666666,1.0,45,105,,0.19118499755859375,3,,,,,,,,,,not_applicable,867.9463410353083,
80,25,80c_cap25,case_2_supplier_customer_direct,kmeans,random_regret,random_removal,regret_2_insertion,results/lns_operator_random_regret/case2_kmeans,run_2026_07_12_121259,1,lns_sa_metrics_best.json,629.4745790143811,601.4939077920338,629.4745790143811,601.4939077920338,601.4939077920338,,27.98067122234727,4.445083591168821,,,,,12,"[2, 3, 4, 5, 6, 7, 8, 9, 10, 11, 12]",50,42,10.0,0.95,0.01,13,0.8646153846153847,0.56,1.0,44,106,,0.2658810615539551,3,,,,,,,,,,not_applicable,601.4939077920338,
80,35,80c_cap35,case_2_supplier_customer_direct,kmeans,random_regret,random_removal,regret_2_insertion,results/lns_operator_random_regret/case2_kmeans,run_2026_07_12_121301,1,lns_sa_metrics_best.json,511.49035579173557,484.05666715175306,511.49035579173557,484.05666715175306,484.05666715175306,,27.433688639982506,5.363481115400098,,,,,12,"[2, 3, 4, 5, 6, 7, 8, 9, 10, 11, 12]",50,42,10.0,0.95,0.01,9,0.892063492063492,0.6285714285714286,1.0,107,43,,0.33402299880981445,3,,,,,,,,,,not_applicable,484.05666715175306,
20,15,20c_cap15,case_2_supplier_customer_direct,no_clustering,random_regret,random_removal,regret_2_insertion,results/lns_operator_random_regret/case2_no_cluster,run_2026_07_12_121512,1,lns_sa_metrics_best.json,63.40611899389782,60.84147866433692,63.40611899389782,60.84147866433692,60.84147866433692,,2.564640329560902,4.044783642739152,,,,,3,"[2, 3, 4]",50,42,10.0,0.95,0.01,5,0.8933333333333333,0.6666666666666666,1.0,144,6,,0.07899594306945801,3,,,,,,,,,,not_applicable,60.84147866433692,
20,25,20c_cap25,case_2_supplier_customer_direct,no_clustering,random_regret,random_removal,regret_2_insertion,results/lns_operator_random_regret/case2_no_cluster,run_2026_07_12_121512,1,lns_sa_metrics_best.json,45.338338299968726,45.32215330899516,45.338338299968726,45.32215330899516,45.32215330899516,,0.01618499097356363,0.035698244753656516,,,,,2,"[2, 3, 4]",50,42,10.0,0.95,0.01,4,0.67,0.2,1.0,150,0,,0.07425308227539062,3,,,,,,,,,,not_applicable,45.32215330899516,
20,35,20c_cap35,case_2_supplier_customer_direct,no_clustering,random_regret,random_removal,regret_2_insertion,results/lns_operator_random_regret/case2_no_cluster,run_2026_07_12_121512,1,lns_sa_metrics_best.json,40.93006594396948,40.93006594396948,40.93006594396948,40.93006594396948,40.93006594396948,,0.0,0.0,,,,,2,"[2, 3, 4]",50,42,10.0,0.95,0.01,3,0.6380952380952382,0.42857142857142855,0.8571428571428571,150,0,,0.07720494270324707,3,,,,,,,,,,not_applicable,40.93006594396948,
40,15,40c_cap15,case_2_supplier_customer_direct,no_clustering,random_regret,random_removal,regret_2_insertion,results/lns_operator_random_regret/case2_no_cluster,run_2026_07_12_121513,1,lns_sa_metrics_best.json,250.37669562521955,230.50176967096033,250.37669562521955,230.50176967096033,230.50176967096033,,19.874925954259226,7.938009527855313,,,,,5,"[2, 3, 4, 5]",50,42,10.0,0.95,0.01,10,0.9333333333333332,0.7333333333333333,1.0,96,54,,0.11236000061035156,3,,,,,,,,,,not_applicable,230.50176967096033,
40,25,40c_cap25,case_2_supplier_customer_direct,no_clustering,random_regret,random_removal,regret_2_insertion,results/lns_operator_random_regret/case2_no_cluster,run_2026_07_12_121513,2,lns_sa_metrics_best.json,181.2188538338204,176.60849114525797,181.2188538338204,176.60849114525797,176.60849114525797,,4.610362688562418,2.544085557891327,,,,,4,"[2, 3, 4, 5]",50,42,10.0,0.95,0.01,7,0.8,0.52,1.0,134,16,,0.09992694854736328,3,,,,,,,,,,not_applicable,176.60849114525797,
40,35,40c_cap35,case_2_supplier_customer_direct,no_clustering,random_regret,random_removal,regret_2_insertion,results/lns_operator_random_regret/case2_no_cluster,run_2026_07_12_121514,1,lns_sa_metrics_best.json,150.0389587916166,145.581032489623,150.0389587916166,145.581032489623,145.581032489623,,4.457926301993609,2.971179177659486,,,,,5,"[2, 3, 4, 5]",50,42,10.0,0.95,0.01,6,0.6666666666666666,0.2,1.0,120,30,,0.10375285148620605,3,,,,,,,,,,not_applicable,145.581032489623,
60,15,60c_cap15,case_2_supplier_customer_direct,no_clustering,random_regret,random_removal,regret_2_insertion,results/lns_operator_random_regret/case2_no_cluster,run_2026_07_12_121514,1,lns_sa_metrics_best.json,548.9089866556761,527.6802128025226,548.9089866556761,527.6802128025226,527.6802128025226,,21.228773853153484,3.867448770058129,,,,,6,"[2, 3, 4, 5, 6, 7, 8]",50,42,10.0,0.95,0.01,17,0.8705882352941177,0.26666666666666666,1.0,64,86,,0.11905980110168457,3,,,,,,,,,,not_applicable,527.6802128025226,
60,25,60c_cap25,case_2_supplier_customer_direct,no_clustering,random_regret,random_removal,regret_2_insertion,results/lns_operator_random_regret/case2_no_cluster,run_2026_07_12_121515,1,lns_sa_metrics_best.json,405.33739929276,367.34793216663536,405.33739929276,367.34793216663536,367.34793216663536,,37.98946712612462,9.372307414121996,,,,,8,"[2, 3, 4, 5, 6, 7, 8]",50,42,10.0,0.95,0.01,11,0.8072727272727274,0.08,1.0,88,62,,0.14319634437561035,3,,,,,,,,,,not_applicable,367.34793216663536,
60,35,60c_cap35,case_2_supplier_customer_direct,no_clustering,random_regret,random_removal,regret_2_insertion,results/lns_operator_random_regret/case2_no_cluster,run_2026_07_12_121516,1,lns_sa_metrics_best.json,315.3241956473402,302.5661863465799,315.3241956473402,302.5661863465799,302.5661863465799,,12.758009300760307,4.04599757229823,,,,,6,"[2, 3, 4, 5, 6, 7, 8]",50,42,10.0,0.95,0.01,8,0.7928571428571429,0.22857142857142856,1.0,118,32,,0.1200709342956543,3,,,,,,,,,,not_applicable,302.5661863465799,
80,15,80c_cap15,case_2_supplier_customer_direct,no_clustering,random_regret,random_removal,regret_2_insertion,results/lns_operator_random_regret/case2_no_cluster,run_2026_07_12_121517,1,lns_sa_metrics_best.json,877.0411745206105,864.6003919671983,877.0411745206105,864.6003919671983,864.6003919671983,,12.440782553412191,1.418494697265759,,,,,7,"[2, 3, 4, 5, 6, 7, 8, 9, 10, 11, 12]",50,42,10.0,0.95,0.01,20,0.9366666666666668,0.4,1.0,77,73,,0.15741372108459473,3,,,,,,,,,,not_applicable,864.6003919671983,
80,25,80c_cap25,case_2_supplier_customer_direct,no_clustering,random_regret,random_removal,regret_2_insertion,results/lns_operator_random_regret/case2_no_cluster,run_2026_07_12_121519,1,lns_sa_metrics_best.json,635.4341214833732,607.3239496855657,635.4341214833732,607.3239496855657,607.3239496855657,,28.11017179780754,4.423774368959988,,,,,10,"[2, 3, 4, 5, 6, 7, 8, 9, 10, 11, 12]",50,42,10.0,0.95,0.01,13,0.8646153846153848,0.24,1.0,88,62,,0.21291613578796387,3,,,,,,,,,,not_applicable,607.3239496855657,
80,35,80c_cap35,case_2_supplier_customer_direct,no_clustering,random_regret,random_removal,regret_2_insertion,results/lns_operator_random_regret/case2_no_cluster,run_2026_07_12_121521,1,lns_sa_metrics_best.json,510.91407848490496,481.9981988358886,510.91407848490496,481.9981988358886,481.9981988358886,,28.915879649016347,5.6596364959770185,,,,,12,"[2, 3, 4, 5, 6, 7, 8, 9, 10, 11, 12]",50,42,10.0,0.95,0.01,9,0.892063492063492,0.6285714285714286,1.0,97,53,,0.2646782398223877,3,,,,,,,,,,not_applicable,481.9981988358886,
20,15,20c_cap15,case_2_supplier_customer_direct,sweep,random_regret,random_removal,regret_2_insertion,results/lns_operator_random_regret/case2_sweep,run_2026_07_12_113338,1,lns_sa_metrics_best.json,60.841478664336925,60.84147866433692,60.841478664336925,60.84147866433692,60.84147866433692,,7.105427357601002e-15,1.1678590845567246e-14,,,,,3,"[2, 3, 4]",50,42,10.0,0.95,0.01,5,0.8933333333333333,0.6666666666666666,1.0,144,6,,0.0819699764251709,3,,,,,,,,,,not_applicable,60.84147866433692,
20,25,20c_cap25,case_2_supplier_customer_direct,sweep,random_regret,random_removal,regret_2_insertion,results/lns_operator_random_regret/case2_sweep,run_2026_07_12_113338,1,lns_sa_metrics_best.json,54.79575867334405,45.32215330899516,54.79575867334405,45.32215330899516,45.32215330899516,,9.473605364348884,17.28893913272418,,,,,3,"[2, 3, 4]",50,42,10.0,0.95,0.01,4,0.67,0.2,1.0,147,3,,0.07181286811828613,3,,,,,,,,,,not_applicable,45.32215330899516,
20,35,20c_cap35,case_2_supplier_customer_direct,sweep,random_regret,random_removal,regret_2_insertion,results/lns_operator_random_regret/case2_sweep,run_2026_07_12_113339,1,lns_sa_metrics_best.json,40.93006594396948,40.93006594396948,40.93006594396948,40.93006594396948,40.93006594396948,,0.0,0.0,,,,,2,"[2, 3, 4]",50,42,10.0,0.95,0.01,3,0.6380952380952382,0.42857142857142855,0.8571428571428571,150,0,,0.07305788993835449,3,,,,,,,,,,not_applicable,40.93006594396948,
40,15,40c_cap15,case_2_supplier_customer_direct,sweep,random_regret,random_removal,regret_2_insertion,results/lns_operator_random_regret/case2_sweep,run_2026_07_12_113339,1,lns_sa_metrics_best.json,263.78637596551715,232.01424244786847,263.78637596551715,232.01424244786847,232.01424244786847,,31.772133517648683,12.044645369327952,,,,,5,"[2, 3, 4, 5]",50,42,10.0,0.95,0.01,10,0.9333333333333332,0.7333333333333333,1.0,103,47,,0.1000068187713623,3,,,,,,,,,,not_applicable,232.01424244786847,
40,25,40c_cap25,case_2_supplier_customer_direct,sweep,random_regret,random_removal,regret_2_insertion,results/lns_operator_random_regret/case2_sweep,run_2026_07_12_113339,2,lns_sa_metrics_best.json,181.96909660488316,177.24477281459423,181.96909660488316,177.24477281459423,177.24477281459423,,4.724323790288935,2.5962231381227605,,,,,5,"[2, 3, 4, 5]",50,42,10.0,0.95,0.01,7,0.7999999999999999,0.36,1.0,105,45,,0.10190200805664062,3,,,,,,,,,,not_applicable,177.24477281459423,
40,35,40c_cap35,case_2_supplier_customer_direct,sweep,random_regret,random_removal,regret_2_insertion,results/lns_operator_random_regret/case2_sweep,run_2026_07_12_113340,1,lns_sa_metrics_best.json,155.96515611108038,145.5933721657497,155.96515611108038,145.5933721657497,145.5933721657497,,10.371783945330662,6.650064799052774,,,,,5,"[2, 3, 4, 5]",50,42,10.0,0.95,0.01,6,0.6666666666666666,0.22857142857142856,1.0,126,24,,0.10214018821716309,3,,,,,,,,,,not_applicable,145.5933721657497,
60,15,60c_cap15,case_2_supplier_customer_direct,sweep,random_regret,random_removal,regret_2_insertion,results/lns_operator_random_regret/case2_sweep,run_2026_07_12_113340,1,lns_sa_metrics_best.json,560.368195578196,528.6650805751256,560.368195578196,528.6650805751256,528.6650805751256,,31.70311500307048,5.6575507413226305,,,,,8,"[2, 3, 4, 5, 6, 7, 8]",50,42,10.0,0.95,0.01,17,0.8705882352941176,0.13333333333333333,1.0,42,108,,0.13736605644226074,3,,,,,,,,,,not_applicable,528.6650805751256,
60,25,60c_cap25,case_2_supplier_customer_direct,sweep,random_regret,random_removal,regret_2_insertion,results/lns_operator_random_regret/case2_sweep,run_2026_07_12_113341,1,lns_sa_metrics_best.json,392.9086790418891,364.4573215640492,392.9086790418891,364.4573215640492,364.4573215640492,,28.451357477839906,7.24121379736858,,,,,7,"[2, 3, 4, 5, 6, 7, 8]",50,42,10.0,0.95,0.01,11,0.8072727272727271,0.08,1.0,68,82,,0.13152408599853516,3,,,,,,,,,,not_applicable,364.4573215640492,
60,35,60c_cap35,case_2_supplier_customer_direct,sweep,random_regret,random_removal,regret_2_insertion,results/lns_operator_random_regret/case2_sweep,run_2026_07_12_113342,1,lns_sa_metrics_best.json,325.1353058716005,308.54803179491745,325.1353058716005,308.54803179491745,308.54803179491745,,16.58727407668306,5.10165268955244,,,,,7,"[2, 3, 4, 5, 6, 7, 8]",50,42,10.0,0.95,0.01,8,0.7928571428571428,0.2857142857142857,1.0,114,36,,0.1515791416168213,3,,,,,,,,,,not_applicable,308.54803179491745,
80,15,80c_cap15,case_2_supplier_customer_direct,sweep,random_regret,random_removal,regret_2_insertion,results/lns_operator_random_regret/case2_sweep,run_2026_07_12_113343,1,lns_sa_metrics_best.json,980.1147782629438,884.1487811667971,980.1147782629438,884.1487811667971,884.1487811667971,,95.96599709614668,9.791301919375922,,,,,9,"[2, 3, 4, 5, 6, 7, 8, 9, 10, 11, 12]",50,42,10.0,0.95,0.01,20,0.9366666666666668,0.4,1.0,60,90,,0.1711289882659912,3,,,,,,,,,,not_applicable,884.1487811667971,
80,25,80c_cap25,case_2_supplier_customer_direct,sweep,random_regret,random_removal,regret_2_insertion,results/lns_operator_random_regret/case2_sweep,run_2026_07_12_113344,1,lns_sa_metrics_best.json,650.9513970158838,606.4192143727571,650.9513970158838,606.4192143727571,606.4192143727571,,44.5321826431267,6.841091799982737,,,,,12,"[2, 3, 4, 5, 6, 7, 8, 9, 10, 11, 12]",50,42,10.0,0.95,0.01,13,0.8646153846153847,0.36,1.0,58,92,,0.2522251605987549,3,,,,,,,,,,not_applicable,606.4192143727571,
80,35,80c_cap35,case_2_supplier_customer_direct,sweep,random_regret,random_removal,regret_2_insertion,results/lns_operator_random_regret/case2_sweep,run_2026_07_12_113346,1,lns_sa_metrics_best.json,530.7845381062182,479.8874636002431,530.7845381062182,479.8874636002431,479.8874636002431,,50.89707450597507,9.589027345741895,,,,,11,"[2, 3, 4, 5, 6, 7, 8, 9, 10, 11, 12]",50,42,10.0,0.95,0.01,9,0.892063492063492,0.45714285714285713,1.0,87,63,,0.2452399730682373,3,,,,,,,,,,not_applicable,479.8874636002431,
20,15,20c_cap15,case_3_hybrid,kmeans,random_regret,random_removal,regret_2_insertion,results/lns_operator_random_regret/case3_kmeans,run_2026_07_12_123728,1,lns_sa_metrics_best.json,94.76529987543388,84.21746207443732,118.76529987543388,108.21746207443732,84.21746207443732,24.0,10.547837800996561,8.881245458109047,10.547837800996561,11.130485330454686,10.547837800996561,8.881245458109047,3,"[2, 3, 4, 5]",50,42,10.0,0.95,0.01,7,0.6380952380952379,0.3333333333333333,1.0,189,11,,0.08150601387023926,3,,,,,,,,,,ok,108.21746207443732,
20,25,20c_cap25,case_3_hybrid,kmeans,random_regret,random_removal,regret_2_insertion,results/lns_operator_random_regret/case3_kmeans,run_2026_07_12_123729,1,lns_sa_metrics_best.json,77.41526031217806,66.75822855161768,101.41526031217806,90.75822855161768,66.75822855161768,24.0,10.657031760560386,10.508311794256349,10.657031760560386,13.766060745111188,10.657031760560386,10.508311794256349,3,"[2, 3, 4, 5]",50,42,10.0,0.95,0.01,5,0.5360000000000001,0.2,0.72,200,0,,0.09944415092468262,3,,,,,,,,,,ok,90.75822855161768,
20,35,20c_cap35,case_3_hybrid,kmeans,random_regret,random_removal,regret_2_insertion,results/lns_operator_random_regret/case3_kmeans,run_2026_07_12_123729,1,lns_sa_metrics_best.json,77.41526031217806,66.75822855161768,101.41526031217806,90.75822855161768,66.75822855161768,24.0,10.657031760560386,10.508311794256349,10.657031760560386,13.766060745111188,10.657031760560386,10.508311794256349,3,"[2, 3, 4, 5]",50,42,10.0,0.95,0.01,5,0.38285714285714284,0.14285714285714285,0.5142857142857142,200,0,,0.10929584503173828,3,,,,,,,,,,ok,90.75822855161768,
40,15,40c_cap15,case_3_hybrid,kmeans,random_regret,random_removal,regret_2_insertion,results/lns_operator_random_regret/case3_kmeans,run_2026_07_12_123730,1,lns_sa_metrics_best.json,306.1763991767963,282.8707640827188,402.1763991767963,378.8707640827188,282.8707640827188,96.0,23.305635094077502,5.794878849624483,23.305635094077502,7.611832641816414,23.305635094077502,5.794878849624483,7,"[2, 3, 4, 5, 6, 7, 8, 9, 10]",50,42,10.0,0.95,0.01,12,0.7777777777777777,0.4,1.0,126,74,,0.11444687843322754,3,,,,,,,,,,ok,378.8707640827188,
40,25,40c_cap25,case_3_hybrid,kmeans,random_regret,random_removal,regret_2_insertion,results/lns_operator_random_regret/case3_kmeans,run_2026_07_12_123731,2,lns_sa_metrics_best.json,222.52907906106748,206.47961641307649,270.5290790610675,254.47961641307649,206.47961641307649,48.0,16.049462647990993,5.932620147044559,16.049462647990993,7.212299046807552,16.049462647990993,5.932620147044559,3,"[2, 3, 4, 5, 6, 7, 8, 9, 10]",50,42,10.0,0.95,0.01,7,0.7999999999999999,0.52,0.92,175,25,,0.09738397598266602,3,,,,,,,,,,ok,254.47961641307649,
40,35,40c_cap35,case_3_hybrid,kmeans,random_regret,random_removal,regret_2_insertion,results/lns_operator_random_regret/case3_kmeans,run_2026_07_12_123732,1,lns_sa_metrics_best.json,219.77181860775102,185.14656663650132,267.771818607751,233.14656663650132,185.14656663650132,48.0,34.625251971249696,12.930879788351044,34.625251971249696,15.755091890579875,34.625251971249696,12.930879788351044,8,"[2, 3, 4, 5, 6, 7, 8, 9, 10]",50,42,10.0,0.95,0.01,6,0.6666666666666666,0.17142857142857143,1.0,167,33,,0.1237802505493164,3,,,,,,,,,,ok,233.14656663650132,
60,15,60c_cap15,case_3_hybrid,kmeans,random_regret,random_removal,regret_2_insertion,results/lns_operator_random_regret/case3_kmeans,run_2026_07_12_123733,1,lns_sa_metrics_best.json,676.25997150048,629.2107182795603,868.25997150048,821.2107182795603,629.2107182795603,192.0,47.049253220919695,5.4187979136722975,47.049253220919695,6.957273120354471,47.049253220919695,5.4187979136722975,8,"[2, 3, 4, 5, 6, 7, 8, 9, 10, 11, 12, 13, 14]",50,42,10.0,0.95,0.01,18,0.8222222222222222,0.4,1.0,67,133,,0.1422419548034668,3,,,,,,,,,,ok,821.2107182795603,
60,25,60c_cap25,case_3_hybrid,kmeans,random_regret,random_removal,regret_2_insertion,results/lns_operator_random_regret/case3_kmeans,run_2026_07_12_123735,1,lns_sa_metrics_best.json,526.6801338014434,453.93355249267205,646.6801338014434,573.9335524926721,453.93355249267205,120.0,72.74658130877128,11.249237065802207,72.74658130877134,13.812288833395897,72.74658130877128,11.249237065802207,6,"[2, 3, 4, 5, 6, 7, 8, 9, 10, 11, 12, 13, 14]",50,42,10.0,0.95,0.01,11,0.8072727272727271,0.48,1.0,113,87,,0.1258559226989746,3,,,,,,,,,,ok,573.9335524926721,
60,35,60c_cap35,case_3_hybrid,kmeans,random_regret,random_removal,regret_2_insertion,results/lns_operator_random_regret/case3_kmeans,run_2026_07_12_123738,1,lns_sa_metrics_best.json,453.87935067541724,392.7593722994897,525.8793506754173,464.7593722994897,392.7593722994897,72.0,61.11997837592759,11.622433605241898,61.11997837592753,13.466128891956632,61.11997837592759,11.622433605241898,14,"[2, 3, 4, 5, 6, 7, 8, 9, 10, 11, 12, 13, 14]",50,42,10.0,0.95,0.01,9,0.7047619047619048,0.14285714285714285,1.0,122,78,,0.21948814392089844,3,,,,,,,,,,ok,464.7593722994897,
80,15,80c_cap15,case_3_hybrid,kmeans,random_regret,random_removal,regret_2_insertion,results/lns_operator_random_regret/case3_kmeans,run_2026_07_12_123740,1,lns_sa_metrics_best.json,1062.6121024423817,1005.1077643562446,1350.6121024423817,1293.1077643562446,1005.1077643562446,288.0,57.50433808613707,4.2576501411581456,57.50433808613707,5.411602028055683,57.50433808613707,4.2576501411581456,4,"[2, 3, 4, 5, 6, 7, 8, 9, 10, 11, 12, 13, 14, 15, 16, 17, 18, 19, 20]",50,42,10.0,0.95,0.01,23,0.8144927536231886,0.3333333333333333,1.0,99,101,,0.14829707145690918,3,,,,,,,,,,ok,1293.1077643562446,
80,25,80c_cap25,case_3_hybrid,kmeans,random_regret,random_removal,regret_2_insertion,results/lns_operator_random_regret/case3_kmeans,run_2026_07_12_123744,1,lns_sa_metrics_best.json,770.8893340006891,709.872847536342,962.8893340006891,901.872847536342,709.872847536342,192.0,61.01648646434717,6.336811958528092,61.01648646434717,7.915077271557195,61.01648646434717,6.336811958528092,16,"[2, 3, 4, 5, 6, 7, 8, 9, 10, 11, 12, 13, 14, 15, 16, 17, 18, 19, 20]",50,42,10.0,0.95,0.01,14,0.8028571428571428,0.36,1.0,68,132,,0.3460118770599365,3,,,,,,,,,,ok,901.872847536342,
80,35,80c_cap35,case_3_hybrid,kmeans,random_regret,random_removal,regret_2_insertion,results/lns_operator_random_regret/case3_kmeans,run_2026_07_12_123749,1,lns_sa_metrics_best.json,662.9118360421799,587.363257884936,822.9118360421799,747.363257884936,587.363257884936,160.0,75.54857815724381,9.180640604295723,75.54857815724381,11.396474470616752,75.54857815724381,9.180640604295723,15,"[2, 3, 4, 5, 6, 7, 8, 9, 10, 11, 12, 13, 14, 15, 16, 17, 18, 19, 20]",50,42,10.0,0.95,0.01,10,0.8028571428571428,0.3142857142857143,1.0,120,80,,0.34040188789367676,3,,,,,,,,,,ok,747.363257884936,
100,15,100c_cap15,case_3_hybrid,kmeans,random_regret,random_removal,regret_2_insertion,results/lns_operator_random_regret/case3_kmeans,run_2026_07_13_182850,1,lns_sa_metrics_best.json,1527.901943047867,1488.5643331598615,1967.901943047867,1928.5643331598615,1488.5643331598615,440.0,39.337609888005545,1.9989618907068025,39.337609888005545,2.574616130766525,39.337609888005545,1.9989618907068025,5,"[2, 3, 4, 5, 6, 7, 8, 9, 10, 11, 12, 13, 14, 15, 16, 17, 18, 19, 20, 21, 22, 23, 24, 25]",50,42,10.0,0.95,0.01,27,0.8543209876543213,0.3333333333333333,1.0,80,120,,0.14421391487121582,3,,,,,,,,,,ok,1928.5643331598615,
100,25,100c_cap25,case_3_hybrid,kmeans,random_regret,random_removal,regret_2_insertion,results/lns_operator_random_regret/case3_kmeans,run_2026_07_13_182857,1,lns_sa_metrics_best.json,1092.0336222107796,1064.163614850132,1412.0336222107796,1384.163614850132,1064.163614850132,320.0,27.870007360647605,1.973749556827999,27.870007360647605,2.552119897574752,27.870007360647605,1.973749556827999,15,"[2, 3, 4, 5, 6, 7, 8, 9, 10, 11, 12, 13, 14, 15, 16, 17, 18, 19, 20, 21, 22, 23, 24, 25]",50,42,10.0,0.95,0.01,17,0.8141176470588236,0.44,1.0,59,141,,0.3911318778991699,3,,,,,,,,,,ok,1384.163614850132,
100,35,100c_cap35,case_3_hybrid,kmeans,random_regret,random_removal,regret_2_insertion,results/lns_operator_random_regret/case3_kmeans,run_2026_07_13_182907,1,lns_sa_metrics_best.json,959.6993450628461,862.1322018804188,1199.699345062846,1102.132201880419,862.1322018804188,240.0,97.56714318242712,8.132632862053956,97.56714318242723,10.166428026064562,97.56714318242712,8.132632862053956,25,"[2, 3, 4, 5, 6, 7, 8, 9, 10, 11, 12, 13, 14, 15, 16, 17, 18, 19, 20, 21, 22, 23, 24, 25]",50,42,10.0,0.95,0.01,13,0.7604395604395606,0.3142857142857143,1.0,71,129,,0.7904469966888428,3,,,,,,,,,,ok,1102.132201880419,
150,15,150c_cap15,case_3_hybrid,kmeans,random_regret,random_removal,regret_2_insertion,results/lns_operator_random_regret/case3_kmeans,run_2026_07_13_182917,1,lns_sa_metrics_best.json,3363.112792008648,3282.54038616949,4323.112792008647,4242.54038616949,3282.54038616949,960.0,80.572405839157,1.863759048528564,80.57240583915791,2.3957687660851645,80.572405839157,1.863759048528564,22,"[2, 3, 4, 5, 6, 7, 8, 9, 10, 11, 12, 13, 14, 15, 16, 17, 18, 19, 20, 21, 22, 23, 24, 25, 26, 27, 28, 29, 30, 31, 32, 33, 34, 35, 36, 37]",50,42,10.0,0.95,0.01,41,0.8634146341463418,0.4,1.0,19,181,,0.7675111293792725,3,,,,,,,,,,ok,4242.54038616949,
150,25,150c_cap25,case_3_hybrid,kmeans,random_regret,random_removal,regret_2_insertion,results/lns_operator_random_regret/case3_kmeans,run_2026_07_13_182943,1,lns_sa_metrics_best.json,2417.445091713402,2224.397353017707,3017.445091713402,2824.397353017707,2224.397353017707,600.0,193.047738695695,6.397721676057949,193.047738695695,7.9856100706249915,193.047738695695,6.397721676057949,34,"[2, 3, 4, 5, 6, 7, 8, 9, 10, 11, 12, 13, 14, 15, 16, 17, 18, 19, 20, 21, 22, 23, 24, 25, 26, 27, 28, 29, 30, 31, 32, 33, 34, 35, 36, 37]",50,42,10.0,0.95,0.01,26,0.816923076923077,0.24,1.0,36,164,,1.9169938564300537,3,,,,,,,,,,ok,2824.397353017707,
150,35,150c_cap35,case_3_hybrid,kmeans,random_regret,random_removal,regret_2_insertion,results/lns_operator_random_regret/case3_kmeans,run_2026_07_13_183018,1,lns_sa_metrics_best.json,1938.5389293525266,1828.60774772137,2418.538929352527,2308.6077477213703,1828.60774772137,480.0,109.9311816311565,4.545355061147867,109.9311816311565,5.670826619296916,109.9311816311565,4.545355061147867,10,"[2, 3, 4, 5, 6, 7, 8, 9, 10, 11, 12, 13, 14, 15, 16, 17, 18, 19, 20, 21, 22, 23, 24, 25, 26, 27, 28, 29, 30, 31, 32, 33, 34, 35, 36, 37]",50,42,10.0,0.95,0.01,19,0.7984962406015038,0.3142857142857143,1.0,89,111,,0.36068296432495117,3,,,,,,,,,,ok,2308.6077477213703,
200,15,200c_cap15,case_3_hybrid,kmeans,random_regret,random_removal,regret_2_insertion,results/lns_operator_random_regret/case3_kmeans,run_2026_07_13_183053,1,lns_sa_metrics_best.json,5714.037453211504,5577.761744418682,7554.037453211504,7417.761744418682,5577.761744418682,1840.0,136.27570879282212,1.8040115585459033,136.27570879282212,2.384928518734683,136.27570879282212,1.8040115585459033,4,"[2, 3, 4, 5, 6, 7, 8, 9, 10, 11, 12, 13, 14, 15, 16, 17, 18, 19, 20, 21, 22, 23, 24, 25, 26, 27, 28, 29, 30, 31, 32, 33, 34, 35, 36, 37, 38, 39, 40, 41, 42, 43, 44, 45, 46, 47, 48, 49, 50, 51, 52]",50,42,10.0,0.95,0.01,55,0.8496969696969696,0.4,1.0,102,98,,0.20775914192199707,3,,,,,,,,,,ok,7417.761744418682,
200,25,200c_cap25,case_3_hybrid,kmeans,random_regret,random_removal,regret_2_insertion,results/lns_operator_random_regret/case3_kmeans,run_2026_07_13_183223,1,lns_sa_metrics_best.json,3841.1030970322995,3677.9952651659846,4961.103097032299,4797.995265165984,3677.9952651659846,1120.0,163.10783186631488,3.2877331649061063,163.10783186631488,4.246379952476015,163.10783186631488,3.2877331649061063,43,"[2, 3, 4, 5, 6, 7, 8, 9, 10, 11, 12, 13, 14, 15, 16, 17, 18, 19, 20, 21, 22, 23, 24, 25, 26, 27, 28, 29, 30, 31, 32, 33, 34, 35, 36, 37, 38, 39, 40, 41, 42, 43, 44, 45, 46, 47, 48, 49, 50, 51, 52]",50,42,10.0,0.95,0.01,31,0.9045161290322583,0.6,1.0,25,175,,3.8565940856933594,3,,,,,,,,,,ok,4797.995265165984,
200,35,200c_cap35,case_3_hybrid,kmeans,random_regret,random_removal,regret_2_insertion,results/lns_operator_random_regret/case3_kmeans,run_2026_07_13_183412,1,lns_sa_metrics_best.json,3017.983843633416,2888.665432375816,3897.983843633416,3768.665432375816,2888.665432375816,880.0,129.31841125760002,3.3175717613303095,129.31841125760002,4.284927221542405,129.31841125760002,3.3175717613303095,41,"[2, 3, 4, 5, 6, 7, 8, 9, 10, 11, 12, 13, 14, 15, 16, 17, 18, 19, 20, 21, 22, 23, 24, 25, 26, 27, 28, 29, 30, 31, 32, 33, 34, 35, 36, 37, 38, 39, 40, 41, 42, 43, 44, 45, 46, 47, 48, 49, 50, 51, 52]",50,42,10.0,0.95,0.01,24,0.8345238095238096,0.17142857142857143,1.0,28,172,,3.748853921890259,3,,,,,,,,,,ok,3768.665432375816,
20,15,20c_cap15,case_3_hybrid,no_clustering,random_regret,random_removal,regret_2_insertion,results/lns_operator_random_regret/case3_no_cluster,run_2026_07_12_124042,1,lns_sa_metrics_best.json,90.7811383504322,84.21746207443732,114.7811383504322,108.21746207443732,84.21746207443732,24.0,6.5636762759948795,5.7184275834202545,6.5636762759948795,7.23022028062466,6.5636762759948795,5.7184275834202545,4,"[2, 3, 4, 5]",50,42,10.0,0.95,0.01,7,0.6380952380952382,0.3333333333333333,1.0,185,15,,0.07996106147766113,3,,,,,,,,,,ok,108.21746207443732,
20,25,20c_cap25,case_3_hybrid,no_clustering,random_regret,random_removal,regret_2_insertion,results/lns_operator_random_regret/case3_no_cluster,run_2026_07_12_124042,1,lns_sa_metrics_best.json,73.43109878717637,66.75822855161768,97.43109878717637,90.75822855161768,66.75822855161768,24.0,6.67287023555869,6.848809382858932,6.67287023555869,9.08725369192488,6.67287023555869,6.848809382858932,4,"[2, 3, 4, 5]",50,42,10.0,0.95,0.01,5,0.5360000000000001,0.2,0.72,200,0,,0.08163094520568848,3,,,,,,,,,,ok,90.75822855161768,
20,35,20c_cap35,case_3_hybrid,no_clustering,random_regret,random_removal,regret_2_insertion,results/lns_operator_random_regret/case3_no_cluster,run_2026_07_12_124042,1,lns_sa_metrics_best.json,73.43109878717637,66.75822855161768,97.43109878717637,90.75822855161768,66.75822855161768,24.0,6.67287023555869,6.848809382858932,6.67287023555869,9.08725369192488,6.67287023555869,6.848809382858932,4,"[2, 3, 4, 5]",50,42,10.0,0.95,0.01,5,0.38285714285714284,0.14285714285714285,0.5142857142857142,200,0,,0.09386110305786133,3,,,,,,,,,,ok,90.75822855161768,
40,15,40c_cap15,case_3_hybrid,no_clustering,random_regret,random_removal,regret_2_insertion,results/lns_operator_random_regret/case3_no_cluster,run_2026_07_12_124043,1,lns_sa_metrics_best.json,317.7139933885292,282.8707640827188,413.7139933885292,378.8707640827188,282.8707640827188,96.0,34.84322930581044,8.422057233410591,34.84322930581044,10.966853846818452,34.84322930581044,8.422057233410591,10,"[2, 3, 4, 5, 6, 7, 8, 9, 10]",50,42,10.0,0.95,0.01,12,0.7777777777777777,0.4,1.0,116,84,,0.13356900215148926,3,,,,,,,,,,ok,378.8707640827188,
40,25,40c_cap25,case_3_hybrid,no_clustering,random_regret,random_removal,regret_2_insertion,results/lns_operator_random_regret/case3_no_cluster,run_2026_07_12_124044,2,lns_sa_metrics_best.json,213.48666061666222,206.47961641307649,261.4866606166622,254.47961641307649,206.47961641307649,48.0,7.007044203585735,2.6796947068202526,7.007044203585735,3.2821929873022,7.007044203585735,2.6796947068202526,2,"[2, 3, 4, 5, 6, 7, 8, 9, 10]",50,42,10.0,0.95,0.01,7,0.7999999999999999,0.52,0.92,194,6,,0.0923469066619873,3,,,,,,,,,,ok,254.47961641307649,
40,35,40c_cap35,case_3_hybrid,no_clustering,random_regret,random_removal,regret_2_insertion,results/lns_operator_random_regret/case3_no_cluster,run_2026_07_12_124045,1,lns_sa_metrics_best.json,202.9587964753435,185.14656663650132,250.9587964753435,233.14656663650132,185.14656663650132,48.0,17.81222983884217,7.097671047602513,17.81222983884217,8.776278805440244,17.81222983884217,7.097671047602513,8,"[2, 3, 4, 5, 6, 7, 8, 9, 10]",50,42,10.0,0.95,0.01,6,0.6666666666666666,0.17142857142857143,1.0,167,33,,0.12242889404296875,3,,,,,,,,,,ok,233.14656663650132,
60,15,60c_cap15,case_3_hybrid,no_clustering,random_regret,random_removal,regret_2_insertion,results/lns_operator_random_regret/case3_no_cluster,run_2026_07_12_124046,1,lns_sa_metrics_best.json,683.447635460772,629.651674510623,875.447635460772,821.651674510623,629.651674510623,192.0,53.795960950148924,6.144966160292916,53.795960950148924,7.871263014009895,53.795960950148924,6.144966160292916,14,"[2, 3, 4, 5, 6, 7, 8, 9, 10, 11, 12, 13, 14]",50,42,10.0,0.95,0.01,18,0.8222222222222221,0.7333333333333333,1.0,65,135,,0.2011091709136963,3,,,,,,,,,,ok,821.651674510623,
60,25,60c_cap25,case_3_hybrid,no_clustering,random_regret,random_removal,regret_2_insertion,results/lns_operator_random_regret/case3_no_cluster,run_2026_07_12_124048,1,lns_sa_metrics_best.json,477.911393962637,456.24301007833884,597.911393962637,576.2430100783388,456.24301007833884,120.0,21.668383884298237,3.6240125381608426,21.66838388429818,4.533975159000333,21.668383884298237,3.6240125381608426,5,"[2, 3, 4, 5, 6, 7, 8, 9, 10, 11, 12, 13, 14]",50,42,10.0,0.95,0.01,11,0.8072727272727274,0.44,1.0,134,66,,0.12044978141784668,3,,,,,,,,,,ok,576.2430100783388,
60,35,60c_cap35,case_3_hybrid,no_clustering,random_regret,random_removal,regret_2_insertion,results/lns_operator_random_regret/case3_no_cluster,run_2026_07_12_124050,1,lns_sa_metrics_best.json,417.15203122299897,387.6886820580697,489.15203122299897,459.6886820580697,387.6886820580697,72.0,29.463349164929298,6.023352104102228,29.463349164929298,7.062976315505205,29.463349164929298,6.023352104102228,4,"[2, 3, 4, 5, 6, 7, 8, 9, 10, 11, 12, 13, 14]",50,42,10.0,0.95,0.01,9,0.7047619047619048,0.14285714285714285,1.0,166,34,,0.11158180236816406,3,,,,,,,,,,ok,459.6886820580697,
80,15,80c_cap15,case_3_hybrid,no_clustering,random_regret,random_removal,regret_2_insertion,results/lns_operator_random_regret/case3_no_cluster,run_2026_07_12_124052,1,lns_sa_metrics_best.json,1075.3883639913515,1013.691321101564,1363.3883639913515,1301.691321101564,1013.691321101564,288.0,61.697042889787554,4.525272807020885,61.697042889787554,5.737187136821553,61.697042889787554,4.525272807020885,16,"[2, 3, 4, 5, 6, 7, 8, 9, 10, 11, 12, 13, 14, 15, 16, 17, 18, 19, 20]",50,42,10.0,0.95,0.01,24,0.7805555555555554,0.26666666666666666,1.0,38,162,,0.45755863189697266,3,,,,,,,,,,ok,1301.691321101564,
80,25,80c_cap25,case_3_hybrid,no_clustering,random_regret,random_removal,regret_2_insertion,results/lns_operator_random_regret/case3_no_cluster,run_2026_07_12_124058,1,lns_sa_metrics_best.json,752.5164985260036,722.4608881166184,944.5164985260036,914.4608881166184,722.4608881166184,192.0,30.055610409385167,3.1821159774646017,30.055610409385167,3.9940134825291915,30.055610409385167,3.1821159774646017,17,"[2, 3, 4, 5, 6, 7, 8, 9, 10, 11, 12, 13, 14, 15, 16, 17, 18, 19, 20]",50,42,10.0,0.95,0.01,14,0.8028571428571428,0.28,1.0,60,140,,0.37469911575317383,3,,,,,,,,,,ok,914.4608881166184,
80,35,80c_cap35,case_3_hybrid,no_clustering,random_regret,random_removal,regret_2_insertion,results/lns_operator_random_regret/case3_no_cluster,run_2026_07_12_124104,1,lns_sa_metrics_best.json,620.3949986042885,604.9642515532304,780.3949986042885,764.9642515532304,604.9642515532304,160.0,15.43074705105812,1.9772995827312474,15.43074705105812,2.4872455590023925,15.43074705105812,1.9772995827312474,16,"[2, 3, 4, 5, 6, 7, 8, 9, 10, 11, 12, 13, 14, 15, 16, 17, 18, 19, 20]",50,42,10.0,0.95,0.01,11,0.7298701298701299,0.3142857142857143,0.9714285714285714,118,82,,0.384472131729126,3,,,,,,,,,,ok,764.9642515532304,
100,15,100c_cap15,case_3_hybrid,no_clustering,random_regret,random_removal,regret_2_insertion,results/lns_operator_random_regret/case3_no_cluster,run_2026_07_13_183626,1,lns_sa_metrics_best.json,1556.0477506692682,1506.4147519675757,1996.0477506692682,1946.4147519675757,1506.4147519675757,440.0,49.632998701692486,2.4865636949341874,49.632998701692486,3.1896835222662636,49.632998701692486,2.4865636949341874,6,"[2, 3, 4, 5, 6, 7, 8, 9, 10, 11, 12, 13, 14, 15, 16, 17, 18, 19, 20, 21, 22, 23, 24, 25]",50,42,10.0,0.95,0.01,27,0.8543209876543213,0.3333333333333333,1.0,75,125,,0.15511798858642578,3,,,,,,,,,,ok,1946.4147519675757,
100,25,100c_cap25,case_3_hybrid,no_clustering,random_regret,random_removal,regret_2_insertion,results/lns_operator_random_regret/case3_no_cluster,run_2026_07_13_183634,1,lns_sa_metrics_best.json,1103.5460774339185,1071.4588931883795,1423.5460774339185,1391.4588931883795,1071.4588931883795,320.0,32.08718424553899,2.2540320088113543,32.08718424553899,2.9076433600445113,32.08718424553899,2.2540320088113543,25,"[2, 3, 4, 5, 6, 7, 8, 9, 10, 11, 12, 13, 14, 15, 16, 17, 18, 19, 20, 21, 22, 23, 24, 25]",50,42,10.0,0.95,0.01,17,0.8141176470588237,0.4,1.0,48,152,,0.7528808116912842,3,,,,,,,,,,ok,1391.4588931883795,
100,35,100c_cap35,case_3_hybrid,no_clustering,random_regret,random_removal,regret_2_insertion,results/lns_operator_random_regret/case3_no_cluster,run_2026_07_13_183643,1,lns_sa_metrics_best.json,933.1421556057326,867.8172929065443,1173.1421556057326,1107.8172929065443,867.8172929065443,240.0,65.32486269918832,5.568367174177532,65.32486269918832,7.00052637283157,65.32486269918832,5.568367174177532,16,"[2, 3, 4, 5, 6, 7, 8, 9, 10, 11, 12, 13, 14, 15, 16, 17, 18, 19, 20, 21, 22, 23, 24, 25]",50,42,10.0,0.95,0.01,13,0.7604395604395605,0.2857142857142857,1.0,78,122,,0.43135523796081543,3,,,,,,,,,,ok,1107.8172929065443,
150,15,150c_cap15,case_3_hybrid,no_clustering,random_regret,random_removal,regret_2_insertion,results/lns_operator_random_regret/case3_no_cluster,run_2026_07_13_183653,1,lns_sa_metrics_best.json,3329.976600546286,3289.2661111292186,4289.976600546286,4249.266111129218,3289.2661111292186,960.0,40.71048941706795,0.9489676333405611,40.71048941706749,1.2225458103936495,40.71048941706795,0.9489676333405611,5,"[2, 3, 4, 5, 6, 7, 8, 9, 10, 11, 12, 13, 14, 15, 16, 17, 18, 19, 20, 21, 22, 23, 24, 25, 26, 27, 28, 29, 30, 31, 32, 33, 34, 35, 36, 37]",50,42,10.0,0.95,0.01,42,0.842857142857143,0.4,1.0,69,131,,0.17256879806518555,3,,,,,,,,,,ok,4249.266111129218,
150,25,150c_cap25,case_3_hybrid,no_clustering,random_regret,random_removal,regret_2_insertion,results/lns_operator_random_regret/case3_no_cluster,run_2026_07_13_183719,1,lns_sa_metrics_best.json,2340.1576192604707,2238.0053145552233,2940.1576192604707,2838.0053145552233,2238.0053145552233,600.0,102.15230470524739,3.4743819187129654,102.15230470524739,4.365189073782528,102.15230470524739,3.4743819187129654,35,"[2, 3, 4, 5, 6, 7, 8, 9, 10, 11, 12, 13, 14, 15, 16, 17, 18, 19, 20, 21, 22, 23, 24, 25, 26, 27, 28, 29, 30, 31, 32, 33, 34, 35, 36, 37]",50,42,10.0,0.95,0.01,26,0.816923076923077,0.24,1.0,31,169,,1.9420783519744873,3,,,,,,,,,,ok,2838.0053145552233,
150,35,150c_cap35,case_3_hybrid,no_clustering,random_regret,random_removal,regret_2_insertion,results/lns_operator_random_regret/case3_no_cluster,run_2026_07_13_183753,1,lns_sa_metrics_best.json,1900.844730990529,1821.2005733748977,2380.8447309905287,2301.2005733748974,1821.2005733748977,480.0,79.64415761563123,3.345205866595761,79.64415761563123,4.189934944035577,79.64415761563123,3.345205866595761,31,"[2, 3, 4, 5, 6, 7, 8, 9, 10, 11, 12, 13, 14, 15, 16, 17, 18, 19, 20, 21, 22, 23, 24, 25, 26, 27, 28, 29, 30, 31, 32, 33, 34, 35, 36, 37]",50,42,10.0,0.95,0.01,18,0.842857142857143,0.3142857142857143,1.0,43,157,,1.5775909423828125,3,,,,,,,,,,ok,2301.2005733748974,
200,15,200c_cap15,case_3_hybrid,no_clustering,random_regret,random_removal,regret_2_insertion,results/lns_operator_random_regret/case3_no_cluster,run_2026_07_13_183828,1,lns_sa_metrics_best.json,5727.450203775925,5613.940721183855,7567.450203775925,7453.940721183855,5613.940721183855,1840.0,113.50948259206962,1.4999699969671672,113.50948259206962,1.9818501873178476,113.50948259206962,1.4999699969671672,5,"[2, 3, 4, 5, 6, 7, 8, 9, 10, 11, 12, 13, 14, 15, 16, 17, 18, 19, 20, 21, 22, 23, 24, 25, 26, 27, 28, 29, 30, 31, 32, 33, 34, 35, 36, 37, 38, 39, 40, 41, 42, 43, 44, 45, 46, 47, 48, 49, 50, 51, 52]",50,42,10.0,0.95,0.01,54,0.8654320987654321,0.4,1.0,70,130,,0.20969390869140625,3,,,,,,,,,,ok,7453.940721183855,
200,25,200c_cap25,case_3_hybrid,no_clustering,random_regret,random_removal,regret_2_insertion,results/lns_operator_random_regret/case3_no_cluster,run_2026_07_13_183954,1,lns_sa_metrics_best.json,3835.780200182673,3711.0581534132684,4955.780200182673,4831.058153413269,3711.0581534132684,1120.0,124.72204676940419,2.5166985163064104,124.72204676940464,3.2515431088430184,124.72204676940419,2.5166985163064104,28,"[2, 3, 4, 5, 6, 7, 8, 9, 10, 11, 12, 13, 14, 15, 16, 17, 18, 19, 20, 21, 22, 23, 24, 25, 26, 27, 28, 29, 30, 31, 32, 33, 34, 35, 36, 37, 38, 39, 40, 41, 42, 43, 44, 45, 46, 47, 48, 49, 50, 51, 52]",50,42,10.0,0.95,0.01,31,0.9045161290322582,0.68,1.0,24,176,,1.7045741081237793,3,,,,,,,,,,ok,4831.058153413269,
200,35,200c_cap35,case_3_hybrid,no_clustering,random_regret,random_removal,regret_2_insertion,results/lns_operator_random_regret/case3_no_cluster,run_2026_07_13_184137,1,lns_sa_metrics_best.json,3068.150105240352,2908.4011816063976,3948.150105240352,3788.4011816063976,2908.4011816063976,880.0,159.7489236339543,4.046171482232165,159.7489236339543,5.206685401770456,159.7489236339543,4.046171482232165,45,"[2, 3, 4, 5, 6, 7, 8, 9, 10, 11, 12, 13, 14, 15, 16, 17, 18, 19, 20, 21, 22, 23, 24, 25, 26, 27, 28, 29, 30, 31, 32, 33, 34, 35, 36, 37, 38, 39, 40, 41, 42, 43, 44, 45, 46, 47, 48, 49, 50, 51, 52]",50,42,10.0,0.95,0.01,23,0.8708074534161491,0.17142857142857143,1.0,24,176,,4.374023199081421,3,,,,,,,,,,ok,3788.4011816063976,
20,15,20c_cap15,case_3_hybrid,sweep,random_regret,random_removal,regret_2_insertion,results/lns_operator_random_regret/case3_sweep,run_2026_07_12_123410,1,lns_sa_metrics_best.json,90.7811383504322,84.21746207443732,114.7811383504322,108.21746207443732,84.21746207443732,24.0,6.5636762759948795,5.7184275834202545,6.5636762759948795,7.23022028062466,6.5636762759948795,5.7184275834202545,4,"[2, 3, 4, 5]",50,42,10.0,0.95,0.01,7,0.6380952380952379,0.3333333333333333,1.0,186,14,,0.07940101623535156,3,,,,,,,,,,ok,108.21746207443732,
20,25,20c_cap25,case_3_hybrid,sweep,random_regret,random_removal,regret_2_insertion,results/lns_operator_random_regret/case3_sweep,run_2026_07_12_123410,1,lns_sa_metrics_best.json,73.43109878717637,66.75822855161768,97.43109878717637,90.75822855161768,66.75822855161768,24.0,6.67287023555869,6.848809382858932,6.67287023555869,9.08725369192488,6.67287023555869,6.848809382858932,4,"[2, 3, 4, 5]",50,42,10.0,0.95,0.01,5,0.5360000000000001,0.2,0.72,200,0,,0.08101820945739746,3,,,,,,,,,,ok,90.75822855161768,
20,35,20c_cap35,case_3_hybrid,sweep,random_regret,random_removal,regret_2_insertion,results/lns_operator_random_regret/case3_sweep,run_2026_07_12_123411,1,lns_sa_metrics_best.json,73.43109878717637,66.75822855161768,97.43109878717637,90.75822855161768,66.75822855161768,24.0,6.67287023555869,6.848809382858932,6.67287023555869,9.08725369192488,6.67287023555869,6.848809382858932,4,"[2, 3, 4, 5]",50,42,10.0,0.95,0.01,5,0.38285714285714284,0.14285714285714285,0.5142857142857142,200,0,,0.09095311164855957,3,,,,,,,,,,ok,90.75822855161768,
40,15,40c_cap15,case_3_hybrid,sweep,random_regret,random_removal,regret_2_insertion,results/lns_operator_random_regret/case3_sweep,run_2026_07_12_123411,1,lns_sa_metrics_best.json,322.0540449853214,283.15564514467513,418.0540449853214,379.15564514467513,283.15564514467513,96.0,38.89839984064628,9.304634246993608,38.89839984064628,12.078221170120434,38.89839984064628,9.304634246993608,10,"[2, 3, 4, 5, 6, 7, 8, 9, 10]",50,42,10.0,0.95,0.01,12,0.7777777777777777,0.4,1.0,112,88,,0.13274383544921875,3,,,,,,,,,,ok,379.15564514467513,
40,25,40c_cap25,case_3_hybrid,sweep,random_regret,random_removal,regret_2_insertion,results/lns_operator_random_regret/case3_sweep,run_2026_07_12_123412,2,lns_sa_metrics_best.json,216.64980673822936,206.47961641307649,264.64980673822936,254.47961641307649,206.47961641307649,48.0,10.170190325152873,3.842885982234032,10.170190325152873,4.694299283378162,10.170190325152873,3.842885982234032,2,"[2, 3, 4, 5, 6, 7, 8, 9, 10]",50,42,10.0,0.95,0.01,7,0.7999999999999999,0.52,0.92,188,12,,0.0900726318359375,3,,,,,,,,,,ok,254.47961641307649,
40,35,40c_cap35,case_3_hybrid,sweep,random_regret,random_removal,regret_2_insertion,results/lns_operator_random_regret/case3_sweep,run_2026_07_12_123413,1,lns_sa_metrics_best.json,201.53998274758732,185.14656663650132,249.53998274758732,233.14656663650132,185.14656663650132,48.0,16.393416111085997,6.56945469442792,16.393416111085997,8.134076369162656,16.393416111085997,6.56945469442792,8,"[2, 3, 4, 5, 6, 7, 8, 9, 10]",50,42,10.0,0.95,0.01,6,0.6666666666666666,0.17142857142857143,1.0,166,34,,0.12211203575134277,3,,,,,,,,,,ok,233.14656663650132,
60,15,60c_cap15,case_3_hybrid,sweep,random_regret,random_removal,regret_2_insertion,results/lns_operator_random_regret/case3_sweep,run_2026_07_12_123414,1,lns_sa_metrics_best.json,675.2666631002465,623.6318611900097,867.2666631002465,815.6318611900097,623.6318611900097,192.0,51.63480191023689,5.953739963399062,51.63480191023689,7.646579452504596,51.63480191023689,5.953739963399062,4,"[2, 3, 4, 5, 6, 7, 8, 9, 10, 11, 12, 13, 14]",50,42,10.0,0.95,0.01,18,0.8222222222222221,0.4,1.0,104,96,,0.1050879955291748,3,,,,,,,,,,ok,815.6318611900097,
60,25,60c_cap25,case_3_hybrid,sweep,random_regret,random_removal,regret_2_insertion,results/lns_operator_random_regret/case3_sweep,run_2026_07_12_123416,1,lns_sa_metrics_best.json,496.33892142505834,457.5490932701058,616.3389214250583,577.5490932701058,457.5490932701058,120.0,38.78982815495249,6.293587311550146,38.789828154952545,7.815189677968743,38.78982815495249,6.293587311550146,10,"[2, 3, 4, 5, 6, 7, 8, 9, 10, 11, 12, 13, 14]",50,42,10.0,0.95,0.01,11,0.8072727272727274,0.48,1.0,111,89,,0.1708219051361084,3,,,,,,,,,,ok,577.5490932701058,
60,35,60c_cap35,case_3_hybrid,sweep,random_regret,random_removal,regret_2_insertion,results/lns_operator_random_regret/case3_sweep,run_2026_07_12_123418,1,lns_sa_metrics_best.json,407.6220534739992,387.6886820580697,479.6220534739992,459.6886820580697,387.6886820580697,72.0,19.933371415929514,4.15605814443854,19.933371415929514,4.890160197674633,19.933371415929514,4.15605814443854,4,"[2, 3, 4, 5, 6, 7, 8, 9, 10, 11, 12, 13, 14]",50,42,10.0,0.95,0.01,9,0.7047619047619048,0.14285714285714285,1.0,168,32,,0.11047792434692383,3,,,,,,,,,,ok,459.6886820580697,
80,15,80c_cap15,case_3_hybrid,sweep,random_regret,random_removal,regret_2_insertion,results/lns_operator_random_regret/case3_sweep,run_2026_07_12_123421,1,lns_sa_metrics_best.json,1049.585948333372,992.684457647475,1337.585948333372,1280.684457647475,992.684457647475,288.0,56.90149068589699,4.254043693924571,56.90149068589699,5.421327407845956,56.90149068589699,4.254043693924571,15,"[2, 3, 4, 5, 6, 7, 8, 9, 10, 11, 12, 13, 14, 15, 16, 17, 18, 19, 20]",50,42,10.0,0.95,0.01,23,0.8144927536231886,0.26666666666666666,1.0,53,147,,0.29873013496398926,3,,,,,,,,,,ok,1280.684457647475,
80,25,80c_cap25,case_3_hybrid,sweep,random_regret,random_removal,regret_2_insertion,results/lns_operator_random_regret/case3_sweep,run_2026_07_12_123425,1,lns_sa_metrics_best.json,738.7267073726305,722.4195661064349,930.7267073726305,914.4195661064349,722.4195661064349,192.0,16.307141266195572,1.7520869592567478,16.307141266195572,2.2074660498188647,16.307141266195572,1.7520869592567478,13,"[2, 3, 4, 5, 6, 7, 8, 9, 10, 11, 12, 13, 14, 15, 16, 17, 18, 19, 20]",50,42,10.0,0.95,0.01,14,0.8028571428571428,0.44,1.0,68,132,,0.28987908363342285,3,,,,,,,,,,ok,914.4195661064349,
80,35,80c_cap35,case_3_hybrid,sweep,random_regret,random_removal,regret_2_insertion,results/lns_operator_random_regret/case3_sweep,run_2026_07_12_123430,1,lns_sa_metrics_best.json,645.5221529097106,593.2387460111877,805.5221529097106,753.2387460111877,593.2387460111877,160.0,52.28340689852291,6.490623095797497,52.28340689852291,8.09939777633562,52.28340689852291,6.490623095797497,18,"[2, 3, 4, 5, 6, 7, 8, 9, 10, 11, 12, 13, 14, 15, 16, 17, 18, 19, 20]",50,42,10.0,0.95,0.01,10,0.802857142857143,0.3142857142857143,0.9714285714285714,107,93,,0.40846681594848633,3,,,,,,,,,,ok,753.2387460111877,
100,15,100c_cap15,case_3_hybrid,sweep,random_regret,random_removal,regret_2_insertion,results/lns_operator_random_regret/case3_sweep,run_2026_07_13_182122,1,lns_sa_metrics_best.json,1559.309487256861,1502.129533823497,1999.309487256861,1942.129533823497,1502.129533823497,440.0,57.17995343336406,2.8599850997464844,57.17995343336406,3.6670047800424213,57.17995343336406,2.8599850997464844,10,"[2, 3, 4, 5, 6, 7, 8, 9, 10, 11, 12, 13, 14, 15, 16, 17, 18, 19, 20, 21, 22, 23, 24, 25]",50,42,10.0,0.95,0.01,27,0.8543209876543211,0.3333333333333333,1.0,50,150,,0.2286052703857422,3,,,,,,,,,,ok,1942.129533823497,
100,25,100c_cap25,case_3_hybrid,sweep,random_regret,random_removal,regret_2_insertion,results/lns_operator_random_regret/case3_sweep,run_2026_07_13_182130,1,lns_sa_metrics_best.json,1136.469985691432,1075.952152998088,1456.469985691432,1395.952152998088,1075.952152998088,320.0,60.51783269334396,4.155103317464812,60.51783269334396,5.32507091742724,60.51783269334396,4.155103317464812,24,"[2, 3, 4, 5, 6, 7, 8, 9, 10, 11, 12, 13, 14, 15, 16, 17, 18, 19, 20, 21, 22, 23, 24, 25]",50,42,10.0,0.95,0.01,17,0.8141176470588236,0.4,1.0,52,148,,0.6810727119445801,3,,,,,,,,,,ok,1395.952152998088,
100,35,100c_cap35,case_3_hybrid,sweep,random_regret,random_removal,regret_2_insertion,results/lns_operator_random_regret/case3_sweep,run_2026_07_13_182140,1,lns_sa_metrics_best.json,952.5407880911066,873.863360824144,1192.5407880911066,1113.863360824144,873.863360824144,240.0,78.6774272669627,6.597462162522862,78.67742726696258,8.259743650939324,78.6774272669627,6.597462162522862,17,"[2, 3, 4, 5, 6, 7, 8, 9, 10, 11, 12, 13, 14, 15, 16, 17, 18, 19, 20, 21, 22, 23, 24, 25]",50,42,10.0,0.95,0.01,13,0.7604395604395606,0.2857142857142857,1.0,85,115,,0.46552610397338867,3,,,,,,,,,,ok,1113.863360824144,
150,15,150c_cap15,case_3_hybrid,sweep,random_regret,random_removal,regret_2_insertion,results/lns_operator_random_regret/case3_sweep,run_2026_07_13_182150,1,lns_sa_metrics_best.json,3435.5814609849253,3315.2554409066456,4395.581460984926,4275.255440906645,3315.2554409066456,960.0,120.32602007828064,2.7374312396731004,120.32602007827973,3.5023480434017777,120.32602007828064,2.7374312396731004,7,"[2, 3, 4, 5, 6, 7, 8, 9, 10, 11, 12, 13, 14, 15, 16, 17, 18, 19, 20, 21, 22, 23, 24, 25, 26, 27, 28, 29, 30, 31, 32, 33, 34, 35, 36, 37]",50,42,10.0,0.95,0.01,42,0.842857142857143,0.4,1.0,74,126,,0.21295595169067383,3,,,,,,,,,,ok,4275.255440906645,
150,25,150c_cap25,case_3_hybrid,sweep,random_regret,random_removal,regret_2_insertion,results/lns_operator_random_regret/case3_sweep,run_2026_07_13_182218,1,lns_sa_metrics_best.json,2366.760677206669,2195.8197367358475,2966.760677206669,2795.8197367358475,2195.8197367358475,600.0,170.94094047082126,5.761871585535825,170.94094047082126,7.222569739183412,170.94094047082126,5.761871585535825,8,"[2, 3, 4, 5, 6, 7, 8, 9, 10, 11, 12, 13, 14, 15, 16, 17, 18, 19, 20, 21, 22, 23, 24, 25, 26, 27, 28, 29, 30, 31, 32, 33, 34, 35, 36, 37]",50,42,10.0,0.95,0.01,25,0.8496000000000001,0.44,1.0,87,113,,0.27443480491638184,3,,,,,,,,,,ok,2795.8197367358475,
150,35,150c_cap35,case_3_hybrid,sweep,random_regret,random_removal,regret_2_insertion,results/lns_operator_random_regret/case3_sweep,run_2026_07_13_182251,1,lns_sa_metrics_best.json,1901.4403643340665,1810.835202947157,2381.4403643340665,2290.835202947157,1810.835202947157,480.0,90.60516138690946,3.804637006404559,90.60516138690946,4.765080361520658,90.60516138690946,3.804637006404559,11,"[2, 3, 4, 5, 6, 7, 8, 9, 10, 11, 12, 13, 14, 15, 16, 17, 18, 19, 20, 21, 22, 23, 24, 25, 26, 27, 28, 29, 30, 31, 32, 33, 34, 35, 36, 37]",50,42,10.0,0.95,0.01,18,0.842857142857143,0.3142857142857143,1.0,77,123,,0.4021449089050293,3,,,,,,,,,,ok,2290.835202947157,
200,15,200c_cap15,case_3_hybrid,sweep,random_regret,random_removal,regret_2_insertion,results/lns_operator_random_regret/case3_sweep,run_2026_07_13_182326,1,lns_sa_metrics_best.json,6052.847461556266,5695.609912510839,7892.847461556266,7535.609912510839,5695.609912510839,1840.0,357.23754904542693,4.526092145900776,357.23754904542693,5.901975083865346,357.23754904542693,4.526092145900776,7,"[2, 3, 4, 5, 6, 7, 8, 9, 10, 11, 12, 13, 14, 15, 16, 17, 18, 19, 20, 21, 22, 23, 24, 25, 26, 27, 28, 29, 30, 31, 32, 33, 34, 35, 36, 37, 38, 39, 40, 41, 42, 43, 44, 45, 46, 47, 48, 49, 50, 51, 52]",50,42,10.0,0.95,0.01,54,0.865432098765432,0.4,1.0,76,124,,0.24254202842712402,3,,,,,,,,,,ok,7535.609912510839,
200,25,200c_cap25,case_3_hybrid,sweep,random_regret,random_removal,regret_2_insertion,results/lns_operator_random_regret/case3_sweep,run_2026_07_13_182453,1,lns_sa_metrics_best.json,3940.603472208074,3680.856898369014,5060.603472208074,4800.856898369014,3680.856898369014,1120.0,259.74657383906015,5.132719353838761,259.74657383906015,6.591543038292914,259.74657383906015,5.132719353838761,9,"[2, 3, 4, 5, 6, 7, 8, 9, 10, 11, 12, 13, 14, 15, 16, 17, 18, 19, 20, 21, 22, 23, 24, 25, 26, 27, 28, 29, 30, 31, 32, 33, 34, 35, 36, 37, 38, 39, 40, 41, 42, 43, 44, 45, 46, 47, 48, 49, 50, 51, 52]",50,42,10.0,0.95,0.01,31,0.904516129032258,0.64,1.0,77,123,,0.3331878185272217,3,,,,,,,,,,ok,4800.856898369014,
200,35,200c_cap35,case_3_hybrid,sweep,random_regret,random_removal,regret_2_insertion,results/lns_operator_random_regret/case3_sweep,run_2026_07_13_182638,1,lns_sa_metrics_best.json,3143.78267907474,2916.4046861707725,4023.78267907474,3796.4046861707725,2916.4046861707725,880.0,227.37799290396742,5.650851724334489,227.37799290396742,7.2326243928186535,227.37799290396742,5.650851724334489,11,"[2, 3, 4, 5, 6, 7, 8, 9, 10, 11, 12, 13, 14, 15, 16, 17, 18, 19, 20, 21, 22, 23, 24, 25, 26, 27, 28, 29, 30, 31, 32, 33, 34, 35, 36, 37, 38, 39, 40, 41, 42, 43, 44, 45, 46, 47, 48, 49, 50, 51, 52]",50,42,10.0,0.95,0.01,24,0.8345238095238097,0.17142857142857143,1.0,93,107,,0.49619603157043457,3,,,,,,,,,,ok,3796.4046861707725,
20,15,20c_cap15,case_2_supplier_customer_direct,kmeans,related_greedy,shaw_related_removal,greedy_insertion,results/lns_operator_related_greedy/case2_kmeans,run_2026_07_12_152751,1,lns_sa_metrics_best.json,65.63297277702314,60.84147866433693,65.63297277702314,60.84147866433693,60.84147866433693,,4.791494112686209,7.300437432515048,,,,,2,"[2, 3, 4]",50,42,10.0,0.95,0.01,5,0.8933333333333333,0.6666666666666666,1.0,147,3,,0.087677001953125,3,,0.2,1.0,0.2,1.0,,,,,not_applicable,60.84147866433693,
20,25,20c_cap25,case_2_supplier_customer_direct,kmeans,related_greedy,shaw_related_removal,greedy_insertion,results/lns_operator_related_greedy/case2_kmeans,run_2026_07_12_152752,1,lns_sa_metrics_best.json,50.129832412654935,45.32215330899516,50.129832412654935,45.32215330899516,45.32215330899516,,4.807679103659773,9.590455168659425,,,,,3,"[2, 3, 4]",50,42,10.0,0.95,0.01,4,0.67,0.2,1.0,150,0,,0.07223773002624512,3,,0.2,1.0,0.2,1.0,,,,,not_applicable,45.32215330899516,
20,35,20c_cap35,case_2_supplier_customer_direct,kmeans,related_greedy,shaw_related_removal,greedy_insertion,results/lns_operator_related_greedy/case2_kmeans,run_2026_07_12_152752,1,lns_sa_metrics_best.json,45.72156005665569,40.93006594396948,45.72156005665569,40.93006594396948,40.93006594396948,,4.791494112686209,10.479725772149612,,,,,2,"[2, 3, 4]",50,42,10.0,0.95,0.01,3,0.6380952380952382,0.42857142857142855,0.8571428571428571,150,0,,0.07455897331237793,3,,0.2,1.0,0.2,1.0,,,,,not_applicable,40.93006594396948,
40,15,40c_cap15,case_2_supplier_customer_direct,kmeans,related_greedy,shaw_related_removal,greedy_insertion,results/lns_operator_related_greedy/case2_kmeans,run_2026_07_12_152752,1,lns_sa_metrics_best.json,233.6240619252252,231.11769072987758,233.6240619252252,231.11769072987758,231.11769072987758,,2.5063711953476115,1.0728223688490668,,,,,5,"[2, 3, 4, 5]",50,42,10.0,0.95,0.01,10,0.9333333333333332,0.7333333333333333,1.0,96,54,,0.106353759765625,3,,0.2,1.0,0.2,1.0,,,,,not_applicable,231.11769072987758,
40,25,40c_cap25,case_2_supplier_customer_direct,kmeans,related_greedy,shaw_related_removal,greedy_insertion,results/lns_operator_related_greedy/case2_kmeans,run_2026_07_12_152753,2,lns_sa_metrics_best.json,192.33005162510995,180.86095627985236,192.33005162510995,180.86095627985236,180.86095627985236,,11.469095345257585,5.963236243295544,,,,,5,"[2, 3, 4, 5]",50,42,10.0,0.95,0.01,7,0.7999999999999999,0.28,1.0,107,43,,0.10375785827636719,3,,0.2,1.0,0.2,1.0,,,,,not_applicable,180.86095627985236,
40,35,40c_cap35,case_2_supplier_customer_direct,kmeans,related_greedy,shaw_related_removal,greedy_insertion,results/lns_operator_related_greedy/case2_kmeans,run_2026_07_12_152753,1,lns_sa_metrics_best.json,145.59337216574968,145.581032489623,145.59337216574968,145.581032489623,145.581032489623,,0.012339676126686072,0.008475438093870137,,,,,3,"[2, 3, 4, 5]",50,42,10.0,0.95,0.01,6,0.6666666666666666,0.2,1.0,137,13,,0.10075116157531738,3,,0.2,1.0,0.2,1.0,,,,,not_applicable,145.581032489623,
60,15,60c_cap15,case_2_supplier_customer_direct,kmeans,related_greedy,shaw_related_removal,greedy_insertion,results/lns_operator_related_greedy/case2_kmeans,run_2026_07_12_152754,1,lns_sa_metrics_best.json,562.5058941860796,538.4075117051706,562.5058941860796,538.4075117051706,538.4075117051706,,24.09838248090898,4.284111994200211,,,,,4,"[2, 3, 4, 5, 6, 7, 8]",50,42,10.0,0.95,0.01,17,0.8705882352941177,0.3333333333333333,1.0,93,57,,0.10853099822998047,3,,0.2,1.0,0.2,1.0,,,,,not_applicable,538.4075117051706,
60,25,60c_cap25,case_2_supplier_customer_direct,kmeans,related_greedy,shaw_related_removal,greedy_insertion,results/lns_operator_related_greedy/case2_kmeans,run_2026_07_12_152754,1,lns_sa_metrics_best.json,379.97834577997935,364.6154158359282,379.97834577997935,364.6154158359282,364.6154158359282,,15.362929944051132,4.043106696650235,,,,,6,"[2, 3, 4, 5, 6, 7, 8]",50,42,10.0,0.95,0.01,11,0.8072727272727271,0.08,1.0,81,69,,0.10527586936950684,3,,0.2,1.0,0.2,1.0,,,,,not_applicable,364.6154158359282,
60,35,60c_cap35,case_2_supplier_customer_direct,kmeans,related_greedy,shaw_related_removal,greedy_insertion,results/lns_operator_related_greedy/case2_kmeans,run_2026_07_12_152755,1,lns_sa_metrics_best.json,325.4872658221094,304.4816955301239,325.4872658221094,304.4816955301239,304.4816955301239,,21.00557029198552,6.453576682617693,,,,,2,"[2, 3, 4, 5, 6, 7, 8]",50,42,10.0,0.95,0.01,8,0.7928571428571429,0.2857142857142857,1.0,150,0,,0.0890347957611084,3,,0.2,1.0,0.2,1.0,,,,,not_applicable,304.4816955301239,
80,15,80c_cap15,case_2_supplier_customer_direct,kmeans,related_greedy,shaw_related_removal,greedy_insertion,results/lns_operator_related_greedy/case2_kmeans,run_2026_07_12_152756,1,lns_sa_metrics_best.json,889.1231593454308,877.9103691471464,889.1231593454308,877.9103691471464,877.9103691471464,,11.212790198284438,1.261106527304862,,,,,6,"[2, 3, 4, 5, 6, 7, 8, 9, 10, 11, 12]",50,42,10.0,0.95,0.01,20,0.9366666666666668,0.26666666666666666,1.0,59,91,,0.1471872329711914,3,,0.2,1.0,0.2,1.0,,,,,not_applicable,877.9103691471464,
80,25,80c_cap25,case_2_supplier_customer_direct,kmeans,related_greedy,shaw_related_removal,greedy_insertion,results/lns_operator_related_greedy/case2_kmeans,run_2026_07_12_152758,1,lns_sa_metrics_best.json,629.4745790143811,606.2839935913137,629.4745790143811,606.2839935913137,606.2839935913137,,23.190585423067432,3.6841178653121776,,,,,7,"[2, 3, 4, 5, 6, 7, 8, 9, 10, 11, 12]",50,42,10.0,0.95,0.01,13,0.8646153846153845,0.6,1.0,65,85,,0.13208508491516113,3,,0.2,1.0,0.2,1.0,,,,,not_applicable,606.2839935913137,
80,35,80c_cap35,case_2_supplier_customer_direct,kmeans,related_greedy,shaw_related_removal,greedy_insertion,results/lns_operator_related_greedy/case2_kmeans,run_2026_07_12_152759,1,lns_sa_metrics_best.json,511.49035579173557,483.70752475889344,511.49035579173557,483.70752475889344,483.70752475889344,,27.782831032842125,5.431740934750783,,,,,12,"[2, 3, 4, 5, 6, 7, 8, 9, 10, 11, 12]",50,42,10.0,0.95,0.01,9,0.892063492063492,0.6857142857142857,1.0,44,106,,0.18248891830444336,3,,0.2,1.0,0.2,1.0,,,,,not_applicable,483.70752475889344,
20,15,20c_cap15,case_2_supplier_customer_direct,no_clustering,related_greedy,shaw_related_removal,greedy_insertion,results/lns_operator_related_greedy/case2_no_cluster,run_2026_07_12_153327,1,lns_sa_metrics_best.json,63.40611899389782,60.84147866433692,63.40611899389782,60.84147866433692,60.84147866433692,,2.564640329560902,4.044783642739152,,,,,4,"[2, 3, 4]",50,42,10.0,0.95,0.01,5,0.8933333333333333,0.6666666666666666,1.0,143,7,,0.0746450424194336,3,,0.2,1.0,0.2,1.0,,,,,not_applicable,60.84147866433692,
20,25,20c_cap25,case_2_supplier_customer_direct,no_clustering,related_greedy,shaw_related_removal,greedy_insertion,results/lns_operator_related_greedy/case2_no_cluster,run_2026_07_12_153327,1,lns_sa_metrics_best.json,45.338338299968726,45.32215330899516,45.338338299968726,45.32215330899516,45.32215330899516,,0.01618499097356363,0.035698244753656516,,,,,3,"[2, 3, 4]",50,42,10.0,0.95,0.01,4,0.67,0.2,1.0,149,1,,0.07424211502075195,3,,0.2,1.0,0.2,1.0,,,,,not_applicable,45.32215330899516,
20,35,20c_cap35,case_2_supplier_customer_direct,no_clustering,related_greedy,shaw_related_removal,greedy_insertion,results/lns_operator_related_greedy/case2_no_cluster,run_2026_07_12_153327,1,lns_sa_metrics_best.json,40.93006594396948,40.93006594396948,40.93006594396948,40.93006594396948,40.93006594396948,,0.0,0.0,,,,,2,"[2, 3, 4]",50,42,10.0,0.95,0.01,3,0.6380952380952382,0.42857142857142855,0.8571428571428571,150,0,,0.07505488395690918,3,,0.2,1.0,0.2,1.0,,,,,not_applicable,40.93006594396948,
40,15,40c_cap15,case_2_supplier_customer_direct,no_clustering,related_greedy,shaw_related_removal,greedy_insertion,results/lns_operator_related_greedy/case2_no_cluster,run_2026_07_12_153328,1,lns_sa_metrics_best.json,250.37669562521955,241.98758110483405,250.37669562521955,241.98758110483405,241.98758110483405,,8.389114520385505,3.3505971869454205,,,,,5,"[2, 3, 4, 5]",50,42,10.0,0.95,0.01,10,0.9333333333333332,0.7333333333333333,1.0,81,69,,0.09799504280090332,3,,0.2,1.0,0.2,1.0,,,,,not_applicable,241.98758110483405,
40,25,40c_cap25,case_2_supplier_customer_direct,no_clustering,related_greedy,shaw_related_removal,greedy_insertion,results/lns_operator_related_greedy/case2_no_cluster,run_2026_07_12_153328,2,lns_sa_metrics_best.json,181.2188538338204,179.7477915686881,181.2188538338204,179.7477915686881,179.7477915686881,,1.4710622651323035,0.8117600536648815,,,,,3,"[2, 3, 4, 5]",50,42,10.0,0.95,0.01,7,0.8,0.4,1.0,128,22,,0.08844208717346191,3,,0.2,1.0,0.2,1.0,,,,,not_applicable,179.7477915686881,
40,35,40c_cap35,case_2_supplier_customer_direct,no_clustering,related_greedy,shaw_related_removal,greedy_insertion,results/lns_operator_related_greedy/case2_no_cluster,run_2026_07_12_153328,1,lns_sa_metrics_best.json,150.0389587916166,146.46010834217836,150.0389587916166,146.46010834217836,146.46010834217836,,3.5788504494382494,2.3852807819126354,,,,,4,"[2, 3, 4, 5]",50,42,10.0,0.95,0.01,6,0.6666666666666666,0.2,1.0,133,17,,0.09009623527526855,3,,0.2,1.0,0.2,1.0,,,,,not_applicable,146.46010834217836,
60,15,60c_cap15,case_2_supplier_customer_direct,no_clustering,related_greedy,shaw_related_removal,greedy_insertion,results/lns_operator_related_greedy/case2_no_cluster,run_2026_07_12_153329,1,lns_sa_metrics_best.json,548.9089866556761,530.2659055661189,548.9089866556761,530.2659055661189,530.2659055661189,,18.6430810895572,3.3963883891104474,,,,,3,"[2, 3, 4, 5, 6, 7, 8]",50,42,10.0,0.95,0.01,17,0.8705882352941176,0.13333333333333333,1.0,127,23,,0.10637903213500977,3,,0.2,1.0,0.2,1.0,,,,,not_applicable,530.2659055661189,
60,25,60c_cap25,case_2_supplier_customer_direct,no_clustering,related_greedy,shaw_related_removal,greedy_insertion,results/lns_operator_related_greedy/case2_no_cluster,run_2026_07_12_153330,1,lns_sa_metrics_best.json,405.33739929276,381.870133834063,405.33739929276,381.870133834063,381.870133834063,,23.467265458697,5.789563336529792,,,,,3,"[2, 3, 4, 5, 6, 7, 8]",50,42,10.0,0.95,0.01,11,0.8072727272727271,0.08,1.0,131,19,,0.08954381942749023,3,,0.2,1.0,0.2,1.0,,,,,not_applicable,381.870133834063,
60,35,60c_cap35,case_2_supplier_customer_direct,no_clustering,related_greedy,shaw_related_removal,greedy_insertion,results/lns_operator_related_greedy/case2_no_cluster,run_2026_07_12_153330,1,lns_sa_metrics_best.json,315.3241956473402,304.8758443989115,315.3241956473402,304.8758443989115,304.8758443989115,,10.448351248428708,3.313526647385532,,,,,4,"[2, 3, 4, 5, 6, 7, 8]",50,42,10.0,0.95,0.01,8,0.7928571428571428,0.22857142857142856,1.0,131,19,,0.0929861068725586,3,,0.2,1.0,0.2,1.0,,,,,not_applicable,304.8758443989115,
80,15,80c_cap15,case_2_supplier_customer_direct,no_clustering,related_greedy,shaw_related_removal,greedy_insertion,results/lns_operator_related_greedy/case2_no_cluster,run_2026_07_12_153331,1,lns_sa_metrics_best.json,877.0411745206105,873.2064497224558,877.0411745206105,873.2064497224558,873.2064497224558,,3.8347247981547525,0.43723429521433904,,,,,3,"[2, 3, 4, 5, 6, 7, 8, 9, 10, 11, 12]",50,42,10.0,0.95,0.01,20,0.9366666666666668,0.6666666666666666,1.0,115,35,,0.10687994956970215,3,,0.2,1.0,0.2,1.0,,,,,not_applicable,873.2064497224558,
80,25,80c_cap25,case_2_supplier_customer_direct,no_clustering,related_greedy,shaw_related_removal,greedy_insertion,results/lns_operator_related_greedy/case2_no_cluster,run_2026_07_12_153333,1,lns_sa_metrics_best.json,635.4341214833732,609.3083343569838,635.4341214833732,609.3083343569838,609.3083343569838,,26.12578712638947,4.11148634344671,,,,,6,"[2, 3, 4, 5, 6, 7, 8, 9, 10, 11, 12]",50,42,10.0,0.95,0.01,13,0.8646153846153845,0.6,1.0,95,55,,0.12275099754333496,3,,0.2,1.0,0.2,1.0,,,,,not_applicable,609.3083343569838,
80,35,80c_cap35,case_2_supplier_customer_direct,no_clustering,related_greedy,shaw_related_removal,greedy_insertion,results/lns_operator_related_greedy/case2_no_cluster,run_2026_07_12_153335,1,lns_sa_metrics_best.json,510.91407848490496,486.6753581517322,510.91407848490496,486.6753581517322,486.6753581517322,,24.23872033317275,4.744187203658919,,,,,9,"[2, 3, 4, 5, 6, 7, 8, 9, 10, 11, 12]",50,42,10.0,0.95,0.01,9,0.892063492063492,0.45714285714285713,1.0,49,101,,0.14735817909240723,3,,0.2,1.0,0.2,1.0,,,,,not_applicable,486.6753581517322,
20,15,20c_cap15,case_2_supplier_customer_direct,sweep,related_greedy,shaw_related_removal,greedy_insertion,results/lns_operator_related_greedy/case2_sweep,run_2026_07_12_152518,1,lns_sa_metrics_best.json,60.841478664336925,60.84147866433693,60.841478664336925,60.84147866433693,60.84147866433693,,-7.105427357601002e-15,-1.1678590845567246e-14,,,,,2,"[2, 3, 4]",50,42,10.0,0.95,0.01,5,0.8933333333333333,0.6666666666666666,1.0,147,3,,0.08823895454406738,3,,0.2,1.0,0.2,1.0,,,,,not_applicable,60.84147866433693,
20,25,20c_cap25,case_2_supplier_customer_direct,sweep,related_greedy,shaw_related_removal,greedy_insertion,results/lns_operator_related_greedy/case2_sweep,run_2026_07_12_152518,1,lns_sa_metrics_best.json,54.79575867334405,45.32215330899516,54.79575867334405,45.32215330899516,45.32215330899516,,9.473605364348884,17.28893913272418,,,,,3,"[2, 3, 4]",50,42,10.0,0.95,0.01,4,0.67,0.2,1.0,148,2,,0.07427597045898438,3,,0.2,1.0,0.2,1.0,,,,,not_applicable,45.32215330899516,
20,35,20c_cap35,case_2_supplier_customer_direct,sweep,related_greedy,shaw_related_removal,greedy_insertion,results/lns_operator_related_greedy/case2_sweep,run_2026_07_12_152518,1,lns_sa_metrics_best.json,40.93006594396948,40.93006594396948,40.93006594396948,40.93006594396948,40.93006594396948,,0.0,0.0,,,,,2,"[2, 3, 4]",50,42,10.0,0.95,0.01,3,0.6380952380952382,0.42857142857142855,0.8571428571428571,150,0,,0.07441186904907227,3,,0.2,1.0,0.2,1.0,,,,,not_applicable,40.93006594396948,
40,15,40c_cap15,case_2_supplier_customer_direct,sweep,related_greedy,shaw_related_removal,greedy_insertion,results/lns_operator_related_greedy/case2_sweep,run_2026_07_12_152519,1,lns_sa_metrics_best.json,263.78637596551715,241.71326207932074,263.78637596551715,241.71326207932074,241.71326207932074,,22.07311388619641,8.367799059145446,,,,,5,"[2, 3, 4, 5]",50,42,10.0,0.95,0.01,10,0.9333333333333333,0.8,1.0,108,42,,0.09510612487792969,3,,0.2,1.0,0.2,1.0,,,,,not_applicable,241.71326207932074,
40,25,40c_cap25,case_2_supplier_customer_direct,sweep,related_greedy,shaw_related_removal,greedy_insertion,results/lns_operator_related_greedy/case2_sweep,run_2026_07_12_152519,2,lns_sa_metrics_best.json,181.96909660488316,175.69688649355305,181.96909660488316,175.69688649355305,175.69688649355305,,6.272210111330111,3.4468545639643495,,,,,4,"[2, 3, 4, 5]",50,42,10.0,0.95,0.01,7,0.7999999999999999,0.52,1.0,140,10,,0.09202313423156738,3,,0.2,1.0,0.2,1.0,,,,,not_applicable,175.69688649355305,
40,35,40c_cap35,case_2_supplier_customer_direct,sweep,related_greedy,shaw_related_removal,greedy_insertion,results/lns_operator_related_greedy/case2_sweep,run_2026_07_12_152520,1,lns_sa_metrics_best.json,155.96515611108038,147.29802358577734,155.96515611108038,147.29802358577734,147.29802358577734,,8.667132525303032,5.557095406059921,,,,,4,"[2, 3, 4, 5]",50,42,10.0,0.95,0.01,6,0.6666666666666666,0.2,1.0,133,17,,0.0899970531463623,3,,0.2,1.0,0.2,1.0,,,,,not_applicable,147.29802358577734,
60,15,60c_cap15,case_2_supplier_customer_direct,sweep,related_greedy,shaw_related_removal,greedy_insertion,results/lns_operator_related_greedy/case2_sweep,run_2026_07_12_152520,1,lns_sa_metrics_best.json,560.368195578196,529.194737859613,560.368195578196,529.194737859613,529.194737859613,,31.173457718582995,5.563031229211317,,,,,6,"[2, 3, 4, 5, 6, 7, 8]",50,42,10.0,0.95,0.01,17,0.8705882352941176,0.26666666666666666,1.0,62,88,,0.10650300979614258,3,,0.2,1.0,0.2,1.0,,,,,not_applicable,529.194737859613,
60,25,60c_cap25,case_2_supplier_customer_direct,sweep,related_greedy,shaw_related_removal,greedy_insertion,results/lns_operator_related_greedy/case2_sweep,run_2026_07_12_152521,1,lns_sa_metrics_best.json,392.9086790418891,379.38125615623994,392.9086790418891,379.38125615623994,379.38125615623994,,13.527422885649173,3.442892358253806,,,,,7,"[2, 3, 4, 5, 6, 7, 8]",50,42,10.0,0.95,0.01,11,0.8072727272727271,0.08,1.0,75,75,,0.11507773399353027,3,,0.2,1.0,0.2,1.0,,,,,not_applicable,379.38125615623994,
60,35,60c_cap35,case_2_supplier_customer_direct,sweep,related_greedy,shaw_related_removal,greedy_insertion,results/lns_operator_related_greedy/case2_sweep,run_2026_07_12_152522,1,lns_sa_metrics_best.json,325.1353058716005,308.5929379828173,325.1353058716005,308.5929379828173,308.5929379828173,,16.54236788878319,5.087841151067105,,,,,7,"[2, 3, 4, 5, 6, 7, 8]",50,42,10.0,0.95,0.01,8,0.7928571428571428,0.22857142857142856,1.0,85,65,,0.11123394966125488,3,,0.2,1.0,0.2,1.0,,,,,not_applicable,308.5929379828173,
80,15,80c_cap15,case_2_supplier_customer_direct,sweep,related_greedy,shaw_related_removal,greedy_insertion,results/lns_operator_related_greedy/case2_sweep,run_2026_07_12_152523,1,lns_sa_metrics_best.json,980.1147782629438,882.2713456773118,980.1147782629438,882.2713456773118,882.2713456773118,,97.84343258563194,9.982854534551528,,,,,6,"[2, 3, 4, 5, 6, 7, 8, 9, 10, 11, 12]",50,42,10.0,0.95,0.01,20,0.9366666666666668,0.4,1.0,83,67,,0.1257469654083252,3,,0.2,1.0,0.2,1.0,,,,,not_applicable,882.2713456773118,
80,25,80c_cap25,case_2_supplier_customer_direct,sweep,related_greedy,shaw_related_removal,greedy_insertion,results/lns_operator_related_greedy/case2_sweep,run_2026_07_12_152524,1,lns_sa_metrics_best.json,650.9513970158838,619.3863095724821,650.9513970158838,619.3863095724821,619.3863095724821,,31.565087443401694,4.849069775117401,,,,,5,"[2, 3, 4, 5, 6, 7, 8, 9, 10, 11, 12]",50,42,10.0,0.95,0.01,13,0.8646153846153847,0.44,1.0,99,51,,0.13880610466003418,3,,0.2,1.0,0.2,1.0,,,,,not_applicable,619.3863095724821,
80,35,80c_cap35,case_2_supplier_customer_direct,sweep,related_greedy,shaw_related_removal,greedy_insertion,results/lns_operator_related_greedy/case2_sweep,run_2026_07_12_152526,1,lns_sa_metrics_best.json,530.7845381062182,489.2369786318561,530.7845381062182,489.2369786318561,489.2369786318561,,41.54755947436206,7.827575313817404,,,,,6,"[2, 3, 4, 5, 6, 7, 8, 9, 10, 11, 12]",50,42,10.0,0.95,0.01,9,0.892063492063492,0.6285714285714286,1.0,111,39,,0.12636995315551758,3,,0.2,1.0,0.2,1.0,,,,,not_applicable,489.2369786318561,
20,15,20c_cap15,case_3_hybrid,kmeans,related_greedy,shaw_related_removal,greedy_insertion,results/lns_operator_related_greedy/case3_kmeans,run_2026_07_12_161858,1,lns_sa_metrics_best.json,94.76529987543388,84.21746207443732,118.76529987543388,108.21746207443732,84.21746207443732,24.0,10.547837800996561,8.881245458109047,10.547837800996561,11.130485330454686,10.547837800996561,8.881245458109047,4,"[2, 3, 4, 5]",50,42,10.0,0.95,0.01,7,0.6380952380952379,0.3333333333333333,1.0,187,13,,0.07804322242736816,3,,0.2,1.0,0.2,1.0,,,,,ok,108.21746207443732,
20,25,20c_cap25,case_3_hybrid,kmeans,related_greedy,shaw_related_removal,greedy_insertion,results/lns_operator_related_greedy/case3_kmeans,run_2026_07_12_161859,1,lns_sa_metrics_best.json,77.41526031217806,66.75822855161768,101.41526031217806,90.75822855161768,66.75822855161768,24.0,10.657031760560386,10.508311794256349,10.657031760560386,13.766060745111188,10.657031760560386,10.508311794256349,3,"[2, 3, 4, 5]",50,42,10.0,0.95,0.01,5,0.5360000000000001,0.2,0.72,197,3,,0.08121180534362793,3,,0.2,1.0,0.2,1.0,,,,,ok,90.75822855161768,
20,35,20c_cap35,case_3_hybrid,kmeans,related_greedy,shaw_related_removal,greedy_insertion,results/lns_operator_related_greedy/case3_kmeans,run_2026_07_12_161859,1,lns_sa_metrics_best.json,77.41526031217806,62.77406702661598,101.41526031217806,86.77406702661598,62.77406702661598,24.0,14.641193285562082,14.43687393839283,14.641193285562082,18.912541566767686,14.641193285562082,14.43687393839283,3,"[2, 3, 4, 5]",50,42,10.0,0.95,0.01,4,0.47857142857142854,0.14285714285714285,0.7714285714285715,200,0,,0.0917360782623291,3,,0.2,1.0,0.2,1.0,,,,,ok,86.77406702661598,
40,15,40c_cap15,case_3_hybrid,kmeans,related_greedy,shaw_related_removal,greedy_insertion,results/lns_operator_related_greedy/case3_kmeans,run_2026_07_12_161859,1,lns_sa_metrics_best.json,306.1763991767963,282.8707640827188,402.1763991767963,378.8707640827188,282.8707640827188,96.0,23.305635094077502,5.794878849624483,23.305635094077502,7.611832641816414,23.305635094077502,5.794878849624483,6,"[2, 3, 4, 5, 6, 7, 8, 9, 10]",50,42,10.0,0.95,0.01,12,0.7777777777777777,0.4,1.0,144,56,,0.1468808650970459,3,,0.2,1.0,0.2,1.0,,,,,ok,378.8707640827188,
40,25,40c_cap25,case_3_hybrid,kmeans,related_greedy,shaw_related_removal,greedy_insertion,results/lns_operator_related_greedy/case3_kmeans,run_2026_07_12_161901,2,lns_sa_metrics_best.json,222.52907906106748,206.47961641307649,270.5290790610675,254.47961641307649,206.47961641307649,48.0,16.049462647990993,5.932620147044559,16.049462647990993,7.212299046807552,16.049462647990993,5.932620147044559,3,"[2, 3, 4, 5, 6, 7, 8, 9, 10]",50,42,10.0,0.95,0.01,7,0.7999999999999999,0.52,0.92,181,19,,0.09247899055480957,3,,0.2,1.0,0.2,1.0,,,,,ok,254.47961641307649,
40,35,40c_cap35,case_3_hybrid,kmeans,related_greedy,shaw_related_removal,greedy_insertion,results/lns_operator_related_greedy/case3_kmeans,run_2026_07_12_161902,1,lns_sa_metrics_best.json,219.77181860775102,185.1821422378102,267.771818607751,233.1821422378102,185.1821422378102,48.0,34.589676369940804,12.917593998422191,34.589676369940804,15.73890437321106,34.589676369940804,12.917593998422191,5,"[2, 3, 4, 5, 6, 7, 8, 9, 10]",50,42,10.0,0.95,0.01,6,0.6666666666666666,0.17142857142857143,1.0,175,25,,0.10334110260009766,3,,0.2,1.0,0.2,1.0,,,,,ok,233.1821422378102,
60,15,60c_cap15,case_3_hybrid,kmeans,related_greedy,shaw_related_removal,greedy_insertion,results/lns_operator_related_greedy/case3_kmeans,run_2026_07_12_161903,1,lns_sa_metrics_best.json,676.25997150048,629.2774648958437,868.25997150048,821.2774648958437,629.2774648958437,192.0,46.98250660463634,5.4111105137604945,46.98250660463634,6.947403156273163,46.98250660463634,5.4111105137604945,9,"[2, 3, 4, 5, 6, 7, 8, 9, 10, 11, 12, 13, 14]",50,42,10.0,0.95,0.01,18,0.8222222222222222,0.4,1.0,67,133,,0.12481379508972168,3,,0.2,1.0,0.2,1.0,,,,,ok,821.2774648958437,
60,25,60c_cap25,case_3_hybrid,kmeans,related_greedy,shaw_related_removal,greedy_insertion,results/lns_operator_related_greedy/case3_kmeans,run_2026_07_12_161904,1,lns_sa_metrics_best.json,526.6801338014434,451.66990091172335,646.6801338014434,571.6699009117233,451.66990091172335,120.0,75.0102328897201,11.599278989564759,75.01023288972004,14.242085105491874,75.0102328897201,11.599278989564759,4,"[2, 3, 4, 5, 6, 7, 8, 9, 10, 11, 12, 13, 14]",50,42,10.0,0.95,0.01,11,0.8072727272727274,0.44,1.0,151,49,,0.1071319580078125,3,,0.2,1.0,0.2,1.0,,,,,ok,571.6699009117233,
60,35,60c_cap35,case_3_hybrid,kmeans,related_greedy,shaw_related_removal,greedy_insertion,results/lns_operator_related_greedy/case3_kmeans,run_2026_07_12_161906,1,lns_sa_metrics_best.json,453.87935067541724,389.94523012935724,525.8793506754173,461.94523012935724,389.94523012935724,72.0,63.93412054606006,12.157564366036766,63.93412054606,14.086148764185841,63.93412054606006,12.157564366036766,13,"[2, 3, 4, 5, 6, 7, 8, 9, 10, 11, 12, 13, 14]",50,42,10.0,0.95,0.01,9,0.7047619047619048,0.14285714285714285,1.0,82,118,,0.1465620994567871,3,,0.2,1.0,0.2,1.0,,,,,ok,461.94523012935724,
80,15,80c_cap15,case_3_hybrid,kmeans,related_greedy,shaw_related_removal,greedy_insertion,results/lns_operator_related_greedy/case3_kmeans,run_2026_07_12_161908,1,lns_sa_metrics_best.json,1062.6121024423817,1028.3642364018951,1350.6121024423817,1316.3642364018951,1028.3642364018951,288.0,34.24786604048654,2.5357292429524625,34.24786604048654,3.2229885168603727,34.24786604048654,2.5357292429524625,16,"[2, 3, 4, 5, 6, 7, 8, 9, 10, 11, 12, 13, 14, 15, 16, 17, 18, 19, 20]",50,42,10.0,0.95,0.01,23,0.8144927536231884,0.26666666666666666,1.0,40,160,,0.2205948829650879,3,,0.2,1.0,0.2,1.0,,,,,ok,1316.3642364018951,
80,25,80c_cap25,case_3_hybrid,kmeans,related_greedy,shaw_related_removal,greedy_insertion,results/lns_operator_related_greedy/case3_kmeans,run_2026_07_12_161912,1,lns_sa_metrics_best.json,770.8893340006891,706.0174941906298,962.8893340006891,898.0174941906298,706.0174941906298,192.0,64.87183981005933,6.737206189679624,64.87183981005933,8.415194885807221,64.87183981005933,6.737206189679624,8,"[2, 3, 4, 5, 6, 7, 8, 9, 10, 11, 12, 13, 14, 15, 16, 17, 18, 19, 20]",50,42,10.0,0.95,0.01,13,0.8646153846153847,0.44,1.0,64,136,,0.14800572395324707,3,,0.2,1.0,0.2,1.0,,,,,ok,898.0174941906298,
80,35,80c_cap35,case_3_hybrid,kmeans,related_greedy,shaw_related_removal,greedy_insertion,results/lns_operator_related_greedy/case3_kmeans,run_2026_07_12_161915,1,lns_sa_metrics_best.json,662.9118360421799,580.1226490200232,822.9118360421799,740.1226490200232,580.1226490200232,160.0,82.78918702215663,10.060517226284386,82.78918702215663,12.488717582180703,82.78918702215663,10.060517226284386,14,"[2, 3, 4, 5, 6, 7, 8, 9, 10, 11, 12, 13, 14, 15, 16, 17, 18, 19, 20]",50,42,10.0,0.95,0.01,10,0.8028571428571428,0.3142857142857143,0.9714285714285714,108,92,,0.1992337703704834,3,,0.2,1.0,0.2,1.0,,,,,ok,740.1226490200232,
100,15,100c_cap15,case_3_hybrid,kmeans,related_greedy,shaw_related_removal,greedy_insertion,results/lns_operator_related_greedy/case3_kmeans,run_2026_08_06_235841,1,lns_sa_metrics_best.json,1548.3882132372098,1494.2772727388829,1988.3882132372098,1934.2772727388829,1494.2772727388829,440.0,54.110940498326954,2.7213468747247926,54.110940498326954,3.4946623873606866,54.110940498326954,2.7213468747247926,11,"[2, 3, 4, 5, 6, 7, 8, 9, 10, 11, 12, 13, 14, 15, 16, 17, 18, 19, 20, 21, 22, 23, 24, 25]",50,42,10.0,0.95,0.01,27,0.8543209876543211,0.3333333333333333,1.0,52,148,,0.20293092727661133,3,,0.2,1.0,0.2,1.0,,,,,ok,1934.2772727388829,
100,25,100c_cap25,case_3_hybrid,kmeans,related_greedy,shaw_related_removal,greedy_insertion,results/lns_operator_related_greedy/case3_kmeans,run_2026_08_06_235847,1,lns_sa_metrics_best.json,1107.8336358545364,1061.1689196358284,1427.8336358545364,1381.1689196358284,1061.1689196358284,320.0,46.66471621870801,3.268218022527526,46.66471621870801,4.212249448692069,46.66471621870801,3.268218022527526,8,"[2, 3, 4, 5, 6, 7, 8, 9, 10, 11, 12, 13, 14, 15, 16, 17, 18, 19, 20, 21, 22, 23, 24, 25]",50,42,10.0,0.95,0.01,17,0.8141176470588236,0.24,1.0,58,142,,0.16106414794921875,3,,0.2,1.0,0.2,1.0,,,,,ok,1381.1689196358284,
100,35,100c_cap35,case_3_hybrid,kmeans,related_greedy,shaw_related_removal,greedy_insertion,results/lns_operator_related_greedy/case3_kmeans,run_2026_08_06_235853,1,lns_sa_metrics_best.json,940.2984713334815,861.6443907270277,1180.2984713334815,1101.6443907270277,861.6443907270277,240.0,78.65408060645382,6.663914468820057,78.65408060645382,8.36479937002458,78.65408060645382,6.663914468820057,23,"[2, 3, 4, 5, 6, 7, 8, 9, 10, 11, 12, 13, 14, 15, 16, 17, 18, 19, 20, 21, 22, 23, 24, 25]",50,42,10.0,0.95,0.01,13,0.7604395604395606,0.3142857142857143,1.0,55,145,,0.36226391792297363,3,,0.2,1.0,0.2,1.0,,,,,ok,1101.6443907270277,
150,15,150c_cap15,case_3_hybrid,kmeans,related_greedy,shaw_related_removal,greedy_insertion,results/lns_operator_related_greedy/case3_kmeans,run_2026_08_06_235900,1,lns_sa_metrics_best.json,3407.799321342537,3272.7911355140363,4367.799321342537,4232.791135514037,3272.7911355140363,960.0,135.00818582850025,3.090988754194929,135.0081858285007,3.961741085602214,135.00818582850025,3.090988754194929,10,"[2, 3, 4, 5, 6, 7, 8, 9, 10, 11, 12, 13, 14, 15, 16, 17, 18, 19, 20, 21, 22, 23, 24, 25, 26, 27, 28, 29, 30, 31, 32, 33, 34, 35, 36, 37]",50,42,10.0,0.95,0.01,41,0.8634146341463418,0.4,1.0,36,164,,0.2553091049194336,3,,0.2,1.0,0.2,1.0,,,,,ok,4232.791135514037,
150,25,150c_cap25,case_3_hybrid,kmeans,related_greedy,shaw_related_removal,greedy_insertion,results/lns_operator_related_greedy/case3_kmeans,run_2026_08_06_235919,1,lns_sa_metrics_best.json,2335.1454350079275,2260.5443979646593,2935.1454350079275,2860.5443979646593,2260.5443979646593,600.0,74.6010370432682,2.541647039137831,74.6010370432682,3.1947062450529957,74.6010370432682,2.541647039137831,16,"[2, 3, 4, 5, 6, 7, 8, 9, 10, 11, 12, 13, 14, 15, 16, 17, 18, 19, 20, 21, 22, 23, 24, 25, 26, 27, 28, 29, 30, 31, 32, 33, 34, 35, 36, 37]",50,42,10.0,0.95,0.01,26,0.8169230769230771,0.2,1.0,16,184,,0.38557910919189453,3,,0.2,1.0,0.2,1.0,,,,,ok,2860.5443979646593,
150,35,150c_cap35,case_3_hybrid,kmeans,related_greedy,shaw_related_removal,greedy_insertion,results/lns_operator_related_greedy/case3_kmeans,run_2026_08_06_235938,1,lns_sa_metrics_best.json,1945.6999709924216,1829.8782042582732,2425.6999709924216,2309.8782042582734,1829.8782042582732,480.0,115.82176673414824,4.774777100185326,115.82176673414847,5.952704346039155,115.82176673414824,4.774777100185326,33,"[2, 3, 4, 5, 6, 7, 8, 9, 10, 11, 12, 13, 14, 15, 16, 17, 18, 19, 20, 21, 22, 23, 24, 25, 26, 27, 28, 29, 30, 31, 32, 33, 34, 35, 36, 37]",50,42,10.0,0.95,0.01,18,0.842857142857143,0.3142857142857143,1.0,14,186,,0.8857800960540771,3,,0.2,1.0,0.2,1.0,,,,,ok,2309.8782042582734,
200,15,200c_cap15,case_3_hybrid,kmeans,related_greedy,shaw_related_removal,greedy_insertion,results/lns_operator_related_greedy/case3_kmeans,run_2026_08_06_235958,1,lns_sa_metrics_best.json,5747.04406883622,5637.197354368687,7587.04406883622,7477.197354368687,5637.197354368687,1840.0,109.84671446753237,1.4478196445270128,109.84671446753237,1.911360225392815,109.84671446753237,1.4478196445270128,18,"[2, 3, 4, 5, 6, 7, 8, 9, 10, 11, 12, 13, 14, 15, 16, 17, 18, 19, 20, 21, 22, 23, 24, 25, 26, 27, 28, 29, 30, 31, 32, 33, 34, 35, 36, 37, 38, 39, 40, 41, 42, 43, 44, 45, 46, 47, 48, 49, 50, 51, 52]",50,42,10.0,0.95,0.01,53,0.8817610062893082,0.4,1.0,9,191,,0.6046221256256104,3,,0.2,1.0,0.2,1.0,,,,,ok,7477.197354368687,
200,25,200c_cap25,case_3_hybrid,kmeans,related_greedy,shaw_related_removal,greedy_insertion,results/lns_operator_related_greedy/case3_kmeans,run_2026_08_07_000055,1,lns_sa_metrics_best.json,3849.316644734236,3780.0276114574067,4969.3166447342355,4900.027611457406,3780.0276114574067,1120.0,69.28903327682929,1.3943372546052544,69.28903327682929,1.8000346469707778,69.28903327682929,1.3943372546052544,20,"[2, 3, 4, 5, 6, 7, 8, 9, 10, 11, 12, 13, 14, 15, 16, 17, 18, 19, 20, 21, 22, 23, 24, 25, 26, 27, 28, 29, 30, 31, 32, 33, 34, 35, 36, 37, 38, 39, 40, 41, 42, 43, 44, 45, 46, 47, 48, 49, 50, 51, 52]",50,42,10.0,0.95,0.01,31,0.9045161290322581,0.64,1.0,12,188,,0.6710169315338135,3,,0.2,1.0,0.2,1.0,,,,,ok,4900.027611457406,
200,35,200c_cap35,case_3_hybrid,kmeans,related_greedy,shaw_related_removal,greedy_insertion,results/lns_operator_related_greedy/case3_kmeans,run_2026_08_07_000152,1,lns_sa_metrics_best.json,2971.8886701170895,2897.4225792827897,3851.8886701170895,3777.4225792827897,2897.4225792827897,880.0,74.46609083429985,1.9332358022703764,74.46609083429985,2.50568238248864,74.46609083429985,1.9332358022703764,27,"[2, 3, 4, 5, 6, 7, 8, 9, 10, 11, 12, 13, 14, 15, 16, 17, 18, 19, 20, 21, 22, 23, 24, 25, 26, 27, 28, 29, 30, 31, 32, 33, 34, 35, 36, 37, 38, 39, 40, 41, 42, 43, 44, 45, 46, 47, 48, 49, 50, 51, 52]",50,42,10.0,0.95,0.01,23,0.8708074534161491,0.17142857142857143,1.0,11,189,,1.030691146850586,3,,0.2,1.0,0.2,1.0,,,,,ok,3777.4225792827897,
20,15,20c_cap15,case_3_hybrid,no_clustering,related_greedy,shaw_related_removal,greedy_insertion,results/lns_operator_related_greedy/case3_no_cluster,run_2026_07_12_162303,1,lns_sa_metrics_best.json,90.7811383504322,84.21746207443732,114.7811383504322,108.21746207443732,84.21746207443732,24.0,6.5636762759948795,5.7184275834202545,6.5636762759948795,7.23022028062466,6.5636762759948795,5.7184275834202545,4,"[2, 3, 4, 5]",50,42,10.0,0.95,0.01,7,0.6380952380952382,0.3333333333333333,1.0,187,13,,0.07831811904907227,3,,0.2,1.0,0.2,1.0,,,,,ok,108.21746207443732,
20,25,20c_cap25,case_3_hybrid,no_clustering,related_greedy,shaw_related_removal,greedy_insertion,results/lns_operator_related_greedy/case3_no_cluster,run_2026_07_12_162304,1,lns_sa_metrics_best.json,73.43109878717637,67.06293349289469,97.43109878717637,91.06293349289469,67.06293349289469,24.0,6.368165294281681,6.536070488327329,6.368165294281681,8.672300155467353,6.368165294281681,6.536070488327329,3,"[2, 3, 4, 5]",50,42,10.0,0.95,0.01,5,0.5360000000000001,0.08,1.0,197,3,,0.07706594467163086,3,,0.2,1.0,0.2,1.0,,,,,ok,91.06293349289469,
20,35,20c_cap35,case_3_hybrid,no_clustering,related_greedy,shaw_related_removal,greedy_insertion,results/lns_operator_related_greedy/case3_no_cluster,run_2026_07_12_162304,1,lns_sa_metrics_best.json,73.43109878717637,62.77406702661598,97.43109878717637,86.77406702661598,62.77406702661598,24.0,10.657031760560386,10.938018654432991,10.657031760560386,14.512967852282058,10.657031760560386,10.938018654432991,3,"[2, 3, 4, 5]",50,42,10.0,0.95,0.01,4,0.47857142857142854,0.14285714285714285,0.7714285714285715,199,1,,0.07641816139221191,3,,0.2,1.0,0.2,1.0,,,,,ok,86.77406702661598,
40,15,40c_cap15,case_3_hybrid,no_clustering,related_greedy,shaw_related_removal,greedy_insertion,results/lns_operator_related_greedy/case3_no_cluster,run_2026_07_12_162304,1,lns_sa_metrics_best.json,317.7139933885292,291.34189918368406,413.7139933885292,387.34189918368406,291.34189918368406,96.0,26.372094204845155,6.374474788450884,26.372094204845155,8.300576856429169,26.372094204845155,6.374474788450884,6,"[2, 3, 4, 5, 6, 7, 8, 9, 10]",50,42,10.0,0.95,0.01,12,0.7777777777777777,0.4,1.0,144,56,,0.10516500473022461,3,,0.2,1.0,0.2,1.0,,,,,ok,387.34189918368406,
40,25,40c_cap25,case_3_hybrid,no_clustering,related_greedy,shaw_related_removal,greedy_insertion,results/lns_operator_related_greedy/case3_no_cluster,run_2026_07_12_162305,2,lns_sa_metrics_best.json,213.48666061666222,206.47961641307649,261.4866606166622,254.47961641307649,206.47961641307649,48.0,7.007044203585735,2.6796947068202526,7.007044203585735,3.2821929873022,7.007044203585735,2.6796947068202526,3,"[2, 3, 4, 5, 6, 7, 8, 9, 10]",50,42,10.0,0.95,0.01,7,0.7999999999999999,0.52,0.92,181,19,,0.0925912857055664,3,,0.2,1.0,0.2,1.0,,,,,ok,254.47961641307649,
40,35,40c_cap35,case_3_hybrid,no_clustering,related_greedy,shaw_related_removal,greedy_insertion,results/lns_operator_related_greedy/case3_no_cluster,run_2026_07_12_162306,1,lns_sa_metrics_best.json,202.9587964753435,185.1821422378102,250.9587964753435,233.1821422378102,185.1821422378102,48.0,17.77665423753328,7.083495174188813,17.77665423753328,8.758750320877509,17.77665423753328,7.083495174188813,5,"[2, 3, 4, 5, 6, 7, 8, 9, 10]",50,42,10.0,0.95,0.01,6,0.6666666666666666,0.17142857142857143,1.0,175,25,,0.11357808113098145,3,,0.2,1.0,0.2,1.0,,,,,ok,233.1821422378102,
60,15,60c_cap15,case_3_hybrid,no_clustering,related_greedy,shaw_related_removal,greedy_insertion,results/lns_operator_related_greedy/case3_no_cluster,run_2026_07_12_162307,1,lns_sa_metrics_best.json,683.447635460772,634.4747701703138,875.447635460772,826.4747701703138,634.4747701703138,192.0,48.97286529045812,5.594037073923029,48.97286529045812,7.165562180552606,48.97286529045812,5.594037073923029,14,"[2, 3, 4, 5, 6, 7, 8, 9, 10, 11, 12, 13, 14]",50,42,10.0,0.95,0.01,18,0.8222222222222222,0.4,1.0,55,145,,0.1507856845855713,3,,0.2,1.0,0.2,1.0,,,,,ok,826.4747701703138,
60,25,60c_cap25,case_3_hybrid,no_clustering,related_greedy,shaw_related_removal,greedy_insertion,results/lns_operator_related_greedy/case3_no_cluster,run_2026_07_12_162309,1,lns_sa_metrics_best.json,477.911393962637,450.5295181681444,597.911393962637,570.5295181681445,450.5295181681444,120.0,27.381875794492544,4.57958755611264,27.3818757944926,5.729487963752819,27.381875794492544,4.57958755611264,10,"[2, 3, 4, 5, 6, 7, 8, 9, 10, 11, 12, 13, 14]",50,42,10.0,0.95,0.01,11,0.8072727272727274,0.44,1.0,94,106,,0.13482904434204102,3,,0.2,1.0,0.2,1.0,,,,,ok,570.5295181681445,
60,35,60c_cap35,case_3_hybrid,no_clustering,related_greedy,shaw_related_removal,greedy_insertion,results/lns_operator_related_greedy/case3_no_cluster,run_2026_07_12_162311,1,lns_sa_metrics_best.json,417.15203122299897,389.9452301293572,489.15203122299897,461.9452301293572,389.9452301293572,72.0,27.206801093641786,5.562033755766723,27.206801093641786,6.5220349074838175,27.206801093641786,5.562033755766723,10,"[2, 3, 4, 5, 6, 7, 8, 9, 10, 11, 12, 13, 14]",50,42,10.0,0.95,0.01,9,0.7047619047619048,0.14285714285714285,1.0,92,108,,0.13465094566345215,3,,0.2,1.0,0.2,1.0,,,,,ok,461.9452301293572,
80,15,80c_cap15,case_3_hybrid,no_clustering,related_greedy,shaw_related_removal,greedy_insertion,results/lns_operator_related_greedy/case3_no_cluster,run_2026_07_12_162313,1,lns_sa_metrics_best.json,1075.3883639913515,1025.0342797741555,1363.3883639913515,1313.0342797741555,1025.0342797741555,288.0,50.35408421719603,3.693304530616887,50.35408421719603,4.682409248906564,50.35408421719603,3.693304530616887,11,"[2, 3, 4, 5, 6, 7, 8, 9, 10, 11, 12, 13, 14, 15, 16, 17, 18, 19, 20]",50,42,10.0,0.95,0.01,23,0.8144927536231884,0.26666666666666666,1.0,51,149,,0.1771690845489502,3,,0.2,1.0,0.2,1.0,,,,,ok,1313.0342797741555,
80,25,80c_cap25,case_3_hybrid,no_clustering,related_greedy,shaw_related_removal,greedy_insertion,results/lns_operator_related_greedy/case3_no_cluster,run_2026_07_12_162316,1,lns_sa_metrics_best.json,752.5164985260036,710.4471836056612,944.5164985260036,902.4471836056612,710.4471836056612,192.0,42.069314920342435,4.454058238897372,42.069314920342435,5.590484062840612,42.069314920342435,4.454058238897372,9,"[2, 3, 4, 5, 6, 7, 8, 9, 10, 11, 12, 13, 14, 15, 16, 17, 18, 19, 20]",50,42,10.0,0.95,0.01,13,0.8646153846153847,0.44,1.0,70,130,,0.15453076362609863,3,,0.2,1.0,0.2,1.0,,,,,ok,902.4471836056612,
80,35,80c_cap35,case_3_hybrid,no_clustering,related_greedy,shaw_related_removal,greedy_insertion,results/lns_operator_related_greedy/case3_no_cluster,run_2026_07_12_162320,1,lns_sa_metrics_best.json,620.3949986042885,580.1226490200232,780.3949986042885,740.1226490200232,580.1226490200232,160.0,40.27234958426527,5.160508416416184,40.27234958426527,6.491404617198164,40.27234958426527,5.160508416416184,14,"[2, 3, 4, 5, 6, 7, 8, 9, 10, 11, 12, 13, 14, 15, 16, 17, 18, 19, 20]",50,42,10.0,0.95,0.01,10,0.8028571428571428,0.3142857142857143,0.9714285714285714,101,99,,0.20302104949951172,3,,0.2,1.0,0.2,1.0,,,,,ok,740.1226490200232,
100,15,100c_cap15,case_3_hybrid,no_clustering,related_greedy,shaw_related_removal,greedy_insertion,results/lns_operator_related_greedy/case3_no_cluster,run_2026_08_07_000714,1,lns_sa_metrics_best.json,1556.0477506692682,1486.0685002065134,1996.0477506692682,1926.0685002065134,1486.0685002065134,440.0,69.97925046275486,3.50589060002653,69.97925046275486,4.497243123333217,69.97925046275486,3.50589060002653,12,"[2, 3, 4, 5, 6, 7, 8, 9, 10, 11, 12, 13, 14, 15, 16, 17, 18, 19, 20, 21, 22, 23, 24, 25]",50,42,10.0,0.95,0.01,27,0.8543209876543211,0.3333333333333333,1.0,45,155,,0.21363496780395508,3,,0.2,1.0,0.2,1.0,,,,,ok,1926.0685002065134,
100,25,100c_cap25,case_3_hybrid,no_clustering,related_greedy,shaw_related_removal,greedy_insertion,results/lns_operator_related_greedy/case3_no_cluster,run_2026_08_07_000720,1,lns_sa_metrics_best.json,1103.5460774339185,1057.0635322035732,1423.5460774339185,1377.0635322035732,1057.0635322035732,320.0,46.482545230345295,3.265264536721891,46.482545230345295,4.2121073311620485,46.482545230345295,3.265264536721891,7,"[2, 3, 4, 5, 6, 7, 8, 9, 10, 11, 12, 13, 14, 15, 16, 17, 18, 19, 20, 21, 22, 23, 24, 25]",50,42,10.0,0.95,0.01,17,0.8141176470588236,0.24,1.0,82,118,,0.17061281204223633,3,,0.2,1.0,0.2,1.0,,,,,ok,1377.0635322035732,
100,35,100c_cap35,case_3_hybrid,no_clustering,related_greedy,shaw_related_removal,greedy_insertion,results/lns_operator_related_greedy/case3_no_cluster,run_2026_08_07_000726,1,lns_sa_metrics_best.json,933.1421556057326,853.7670438364856,1173.1421556057326,1093.7670438364858,853.7670438364856,240.0,79.37511176924681,6.76602672489105,79.37511176924693,8.506218617646953,79.37511176924681,6.76602672489105,18,"[2, 3, 4, 5, 6, 7, 8, 9, 10, 11, 12, 13, 14, 15, 16, 17, 18, 19, 20, 21, 22, 23, 24, 25]",50,42,10.0,0.95,0.01,13,0.7604395604395605,0.2857142857142857,1.0,67,133,,0.287106990814209,3,,0.2,1.0,0.2,1.0,,,,,ok,1093.7670438364858,
150,15,150c_cap15,case_3_hybrid,no_clustering,related_greedy,shaw_related_removal,greedy_insertion,results/lns_operator_related_greedy/case3_no_cluster,run_2026_08_07_000732,1,lns_sa_metrics_best.json,3329.976600546286,3281.234647177061,4289.976600546286,4241.234647177062,3281.234647177061,960.0,48.741953369224575,1.13618226642583,48.74195336922503,1.4637326088486284,48.741953369224575,1.13618226642583,5,"[2, 3, 4, 5, 6, 7, 8, 9, 10, 11, 12, 13, 14, 15, 16, 17, 18, 19, 20, 21, 22, 23, 24, 25, 26, 27, 28, 29, 30, 31, 32, 33, 34, 35, 36, 37]",50,42,10.0,0.95,0.01,41,0.8634146341463416,0.4,1.0,69,131,,0.1730952262878418,3,,0.2,1.0,0.2,1.0,,,,,ok,4241.234647177062,
150,25,150c_cap25,case_3_hybrid,no_clustering,related_greedy,shaw_related_removal,greedy_insertion,results/lns_operator_related_greedy/case3_no_cluster,run_2026_08_07_000751,1,lns_sa_metrics_best.json,2340.1576192604707,2228.399177864763,2940.1576192604707,2828.399177864763,2228.399177864763,600.0,111.7584413957079,3.8011037457174894,111.7584413957079,4.775680085644208,111.7584413957079,3.8011037457174894,18,"[2, 3, 4, 5, 6, 7, 8, 9, 10, 11, 12, 13, 14, 15, 16, 17, 18, 19, 20, 21, 22, 23, 24, 25, 26, 27, 28, 29, 30, 31, 32, 33, 34, 35, 36, 37]",50,42,10.0,0.95,0.01,26,0.816923076923077,0.24,1.0,22,178,,0.4598410129547119,3,,0.2,1.0,0.2,1.0,,,,,ok,2828.399177864763,
150,35,150c_cap35,case_3_hybrid,no_clustering,related_greedy,shaw_related_removal,greedy_insertion,results/lns_operator_related_greedy/case3_no_cluster,run_2026_08_07_000811,1,lns_sa_metrics_best.json,1900.844730990529,1796.020167851496,2380.8447309905287,2276.020167851496,1796.020167851496,480.0,104.82456313903276,4.402830716954039,104.82456313903299,5.514630491908141,104.82456313903276,4.402830716954039,23,"[2, 3, 4, 5, 6, 7, 8, 9, 10, 11, 12, 13, 14, 15, 16, 17, 18, 19, 20, 21, 22, 23, 24, 25, 26, 27, 28, 29, 30, 31, 32, 33, 34, 35, 36, 37]",50,42,10.0,0.95,0.01,18,0.842857142857143,0.3142857142857143,1.0,24,176,,0.5822839736938477,3,,0.2,1.0,0.2,1.0,,,,,ok,2276.020167851496,
200,15,200c_cap15,case_3_hybrid,no_clustering,related_greedy,shaw_related_removal,greedy_insertion,results/lns_operator_related_greedy/case3_no_cluster,run_2026_08_07_000830,1,lns_sa_metrics_best.json,5727.450203775925,5616.667596540035,7567.450203775925,7456.667596540035,5616.667596540035,1840.0,110.78260723588937,1.4639357280555643,110.78260723588937,1.934239553280689,110.78260723588937,1.4639357280555643,4,"[2, 3, 4, 5, 6, 7, 8, 9, 10, 11, 12, 13, 14, 15, 16, 17, 18, 19, 20, 21, 22, 23, 24, 25, 26, 27, 28, 29, 30, 31, 32, 33, 34, 35, 36, 37, 38, 39, 40, 41, 42, 43, 44, 45, 46, 47, 48, 49, 50, 51, 52]",50,42,10.0,0.95,0.01,54,0.8654320987654321,0.5333333333333333,1.0,84,116,,0.18691205978393555,3,,0.2,1.0,0.2,1.0,,,,,ok,7456.667596540035,
200,25,200c_cap25,case_3_hybrid,no_clustering,related_greedy,shaw_related_removal,greedy_insertion,results/lns_operator_related_greedy/case3_no_cluster,run_2026_08_07_000927,1,lns_sa_metrics_best.json,3835.780200182673,3732.5747972965796,4955.780200182673,4852.57479729658,3732.5747972965796,1120.0,103.205402886093,2.082525832810115,103.20540288609345,2.690597414345547,103.205402886093,2.082525832810115,16,"[2, 3, 4, 5, 6, 7, 8, 9, 10, 11, 12, 13, 14, 15, 16, 17, 18, 19, 20, 21, 22, 23, 24, 25, 26, 27, 28, 29, 30, 31, 32, 33, 34, 35, 36, 37, 38, 39, 40, 41, 42, 43, 44, 45, 46, 47, 48, 49, 50, 51, 52]",50,42,10.0,0.95,0.01,31,0.9045161290322581,0.64,1.0,13,187,,0.515455961227417,3,,0.2,1.0,0.2,1.0,,,,,ok,4852.57479729658,
200,35,200c_cap35,case_3_hybrid,no_clustering,related_greedy,shaw_related_removal,greedy_insertion,results/lns_operator_related_greedy/case3_no_cluster,run_2026_08_07_001024,1,lns_sa_metrics_best.json,3068.150105240352,2875.7855761303517,3948.150105240352,3755.7855761303517,2875.7855761303517,880.0,192.36452911000015,4.872269898114463,192.36452911000015,6.269723530848265,192.36452911000015,4.872269898114463,34,"[2, 3, 4, 5, 6, 7, 8, 9, 10, 11, 12, 13, 14, 15, 16, 17, 18, 19, 20, 21, 22, 23, 24, 25, 26, 27, 28, 29, 30, 31, 32, 33, 34, 35, 36, 37, 38, 39, 40, 41, 42, 43, 44, 45, 46, 47, 48, 49, 50, 51, 52]",50,42,10.0,0.95,0.01,23,0.8708074534161491,0.17142857142857143,1.0,12,188,,1.3498868942260742,3,,0.2,1.0,0.2,1.0,,,,,ok,3755.7855761303517,
20,15,20c_cap15,case_3_hybrid,sweep,related_greedy,shaw_related_removal,greedy_insertion,results/lns_operator_related_greedy/case3_sweep,run_2026_07_12_161055,1,lns_sa_metrics_best.json,90.7811383504322,84.21746207443732,114.7811383504322,108.21746207443732,84.21746207443732,24.0,6.5636762759948795,5.7184275834202545,6.5636762759948795,7.23022028062466,6.5636762759948795,5.7184275834202545,4,"[2, 3, 4, 5]",50,42,10.0,0.95,0.01,7,0.6380952380952379,0.3333333333333333,1.0,186,14,,0.08040308952331543,3,,0.2,1.0,0.2,1.0,,,,,ok,108.21746207443732,
20,25,20c_cap25,case_3_hybrid,sweep,related_greedy,shaw_related_removal,greedy_insertion,results/lns_operator_related_greedy/case3_sweep,run_2026_07_12_161055,1,lns_sa_metrics_best.json,73.43109878717637,67.06293349289469,97.43109878717637,91.06293349289469,67.06293349289469,24.0,6.368165294281681,6.536070488327329,6.368165294281681,8.672300155467353,6.368165294281681,6.536070488327329,3,"[2, 3, 4, 5]",50,42,10.0,0.95,0.01,5,0.5360000000000001,0.08,1.0,197,3,,0.08125996589660645,3,,0.2,1.0,0.2,1.0,,,,,ok,91.06293349289469,
20,35,20c_cap35,case_3_hybrid,sweep,related_greedy,shaw_related_removal,greedy_insertion,results/lns_operator_related_greedy/case3_sweep,run_2026_07_12_161056,1,lns_sa_metrics_best.json,73.43109878717637,62.77406702661598,97.43109878717637,86.77406702661598,62.77406702661598,24.0,10.657031760560386,10.938018654432991,10.657031760560386,14.512967852282058,10.657031760560386,10.938018654432991,3,"[2, 3, 4, 5]",50,42,10.0,0.95,0.01,4,0.47857142857142854,0.14285714285714285,0.7714285714285715,199,1,,0.0762319564819336,3,,0.2,1.0,0.2,1.0,,,,,ok,86.77406702661598,
40,15,40c_cap15,case_3_hybrid,sweep,related_greedy,shaw_related_removal,greedy_insertion,results/lns_operator_related_greedy/case3_sweep,run_2026_07_12_161056,1,lns_sa_metrics_best.json,322.0540449853214,291.2632582434044,418.0540449853214,387.2632582434044,291.2632582434044,96.0,30.79078674191703,7.365264637733178,30.79078674191703,9.560751439504637,30.79078674191703,7.365264637733178,6,"[2, 3, 4, 5, 6, 7, 8, 9, 10]",50,42,10.0,0.95,0.01,12,0.7777777777777777,0.4,1.0,144,56,,0.10461688041687012,3,,0.2,1.0,0.2,1.0,,,,,ok,387.2632582434044,
40,25,40c_cap25,case_3_hybrid,sweep,related_greedy,shaw_related_removal,greedy_insertion,results/lns_operator_related_greedy/case3_sweep,run_2026_07_12_161057,2,lns_sa_metrics_best.json,216.64980673822936,206.47961641307649,264.64980673822936,254.47961641307649,206.47961641307649,48.0,10.170190325152873,3.842885982234032,10.170190325152873,4.694299283378162,10.170190325152873,3.842885982234032,3,"[2, 3, 4, 5, 6, 7, 8, 9, 10]",50,42,10.0,0.95,0.01,7,0.7999999999999999,0.52,0.92,180,20,,0.09413385391235352,3,,0.2,1.0,0.2,1.0,,,,,ok,254.47961641307649,
40,35,40c_cap35,case_3_hybrid,sweep,related_greedy,shaw_related_removal,greedy_insertion,results/lns_operator_related_greedy/case3_sweep,run_2026_07_12_161058,1,lns_sa_metrics_best.json,201.53998274758732,184.8060457177843,249.53998274758732,232.8060457177843,184.8060457177843,48.0,16.73393702980303,6.705914156742413,16.73393702980303,8.303035855054599,16.73393702980303,6.705914156742413,6,"[2, 3, 4, 5, 6, 7, 8, 9, 10]",50,42,10.0,0.95,0.01,6,0.6666666666666666,0.17142857142857143,1.0,163,37,,0.09954690933227539,3,,0.2,1.0,0.2,1.0,,,,,ok,232.8060457177843,
60,15,60c_cap15,case_3_hybrid,sweep,related_greedy,shaw_related_removal,greedy_insertion,results/lns_operator_related_greedy/case3_sweep,run_2026_07_12_161059,1,lns_sa_metrics_best.json,675.2666631002465,638.4568596497306,867.2666631002465,830.4568596497306,638.4568596497306,192.0,36.809803450515915,4.244346637161252,36.809803450515915,5.451150702674526,36.809803450515915,4.244346637161252,6,"[2, 3, 4, 5, 6, 7, 8, 9, 10, 11, 12, 13, 14]",50,42,10.0,0.95,0.01,18,0.8222222222222222,0.6666666666666666,1.0,127,73,,0.11621212959289551,3,,0.2,1.0,0.2,1.0,,,,,ok,830.4568596497306,
60,25,60c_cap25,case_3_hybrid,sweep,related_greedy,shaw_related_removal,greedy_insertion,results/lns_operator_related_greedy/case3_sweep,run_2026_07_12_161101,1,lns_sa_metrics_best.json,496.33892142505834,453.0605204447601,616.3389214250583,573.0605204447601,453.0605204447601,120.0,43.278400980298215,7.021851042642697,43.27840098029827,8.71952593522989,43.278400980298215,7.021851042642697,14,"[2, 3, 4, 5, 6, 7, 8, 9, 10, 11, 12, 13, 14]",50,42,10.0,0.95,0.01,11,0.8072727272727274,0.44,1.0,79,121,,0.15548062324523926,3,,0.2,1.0,0.2,1.0,,,,,ok,573.0605204447601,
60,35,60c_cap35,case_3_hybrid,sweep,related_greedy,shaw_related_removal,greedy_insertion,results/lns_operator_related_greedy/case3_sweep,run_2026_07_12_161103,1,lns_sa_metrics_best.json,407.6220534739992,389.9216498238485,479.6220534739992,461.9216498238485,389.9216498238485,72.0,17.70040365015069,3.69048994347593,17.70040365015069,4.342356724641676,17.70040365015069,3.69048994347593,6,"[2, 3, 4, 5, 6, 7, 8, 9, 10, 11, 12, 13, 14]",50,42,10.0,0.95,0.01,9,0.7047619047619048,0.14285714285714285,1.0,92,108,,0.11022591590881348,3,,0.2,1.0,0.2,1.0,,,,,ok,461.9216498238485,
80,15,80c_cap15,case_3_hybrid,sweep,related_greedy,shaw_related_removal,greedy_insertion,results/lns_operator_related_greedy/case3_sweep,run_2026_07_12_161105,1,lns_sa_metrics_best.json,1049.585948333372,1018.1133458676711,1337.585948333372,1306.1133458676711,1018.1133458676711,288.0,31.472602465700902,2.352940572149077,31.472602465700902,2.998573153125379,31.472602465700902,2.352940572149077,7,"[2, 3, 4, 5, 6, 7, 8, 9, 10, 11, 12, 13, 14, 15, 16, 17, 18, 19, 20]",50,42,10.0,0.95,0.01,23,0.8144927536231887,0.26666666666666666,1.0,80,120,,0.1474320888519287,3,,0.2,1.0,0.2,1.0,,,,,ok,1306.1133458676711,
80,25,80c_cap25,case_3_hybrid,sweep,related_greedy,shaw_related_removal,greedy_insertion,results/lns_operator_related_greedy/case3_sweep,run_2026_07_12_161108,1,lns_sa_metrics_best.json,738.7267073726305,714.3734409386462,930.7267073726305,906.3734409386462,714.3734409386462,192.0,24.35326643398423,2.6165861837930513,24.35326643398423,3.2966543907150077,24.35326643398423,2.6165861837930513,9,"[2, 3, 4, 5, 6, 7, 8, 9, 10, 11, 12, 13, 14, 15, 16, 17, 18, 19, 20]",50,42,10.0,0.95,0.01,13,0.8646153846153847,0.44,1.0,75,125,,0.15501713752746582,3,,0.2,1.0,0.2,1.0,,,,,ok,906.3734409386462,
80,35,80c_cap35,case_3_hybrid,sweep,related_greedy,shaw_related_removal,greedy_insertion,results/lns_operator_related_greedy/case3_sweep,run_2026_07_12_161112,1,lns_sa_metrics_best.json,645.5221529097106,595.7389519890199,805.5221529097106,755.7389519890199,595.7389519890199,160.0,49.78320092069066,6.180239828397465,49.78320092069066,7.712082489546079,49.78320092069066,6.180239828397465,12,"[2, 3, 4, 5, 6, 7, 8, 9, 10, 11, 12, 13, 14, 15, 16, 17, 18, 19, 20]",50,42,10.0,0.95,0.01,10,0.8028571428571428,0.3142857142857143,0.9714285714285714,103,97,,0.18163299560546875,3,,0.2,1.0,0.2,1.0,,,,,ok,755.7389519890199,
100,15,100c_cap15,case_3_hybrid,sweep,related_greedy,shaw_related_removal,greedy_insertion,results/lns_operator_related_greedy/case3_sweep,run_2026_08_07_000255,1,lns_sa_metrics_best.json,1559.309487256861,1504.1138366972004,1999.309487256861,1944.1138366972004,1504.1138366972004,440.0,55.195650559660635,2.7607356895700748,55.195650559660635,3.53974955008841,55.195650559660635,2.7607356895700748,5,"[2, 3, 4, 5, 6, 7, 8, 9, 10, 11, 12, 13, 14, 15, 16, 17, 18, 19, 20, 21, 22, 23, 24, 25]",50,42,10.0,0.95,0.01,27,0.8543209876543213,0.3333333333333333,1.0,80,120,,0.15007996559143066,3,,0.2,1.0,0.2,1.0,,,,,ok,1944.1138366972004,
100,25,100c_cap25,case_3_hybrid,sweep,related_greedy,shaw_related_removal,greedy_insertion,results/lns_operator_related_greedy/case3_sweep,run_2026_08_07_000301,1,lns_sa_metrics_best.json,1136.469985691432,1070.800240419064,1456.469985691432,1390.800240419064,1070.800240419064,320.0,65.66974527236789,4.508829287078814,65.66974527236789,5.778396798786922,65.66974527236789,4.508829287078814,6,"[2, 3, 4, 5, 6, 7, 8, 9, 10, 11, 12, 13, 14, 15, 16, 17, 18, 19, 20, 21, 22, 23, 24, 25]",50,42,10.0,0.95,0.01,18,0.768888888888889,0.2,1.0,91,109,,0.14652013778686523,3,,0.2,1.0,0.2,1.0,,,,,ok,1390.800240419064,
100,35,100c_cap35,case_3_hybrid,sweep,related_greedy,shaw_related_removal,greedy_insertion,results/lns_operator_related_greedy/case3_sweep,run_2026_08_07_000307,1,lns_sa_metrics_best.json,952.5407880911066,867.3909345163561,1192.5407880911066,1107.390934516356,867.3909345163561,240.0,85.14985357475052,7.140204714595081,85.14985357475052,8.93923437603034,85.14985357475052,7.140204714595081,19,"[2, 3, 4, 5, 6, 7, 8, 9, 10, 11, 12, 13, 14, 15, 16, 17, 18, 19, 20, 21, 22, 23, 24, 25]",50,42,10.0,0.95,0.01,13,0.7604395604395606,0.2857142857142857,0.9714285714285714,64,136,,0.30400609970092773,3,,0.2,1.0,0.2,1.0,,,,,ok,1107.390934516356,
150,15,150c_cap15,case_3_hybrid,sweep,related_greedy,shaw_related_removal,greedy_insertion,results/lns_operator_related_greedy/case3_sweep,run_2026_08_07_000313,1,lns_sa_metrics_best.json,3435.5814609849253,3321.6310619440815,4395.581460984926,4281.631061944081,3321.6310619440815,960.0,113.95039904084479,2.5923851042749577,113.95039904084388,3.3167718575409983,113.95039904084479,2.5923851042749577,20,"[2, 3, 4, 5, 6, 7, 8, 9, 10, 11, 12, 13, 14, 15, 16, 17, 18, 19, 20, 21, 22, 23, 24, 25, 26, 27, 28, 29, 30, 31, 32, 33, 34, 35, 36, 37]",50,42,10.0,0.95,0.01,41,0.8634146341463419,0.6,1.0,16,184,,0.5879707336425781,3,,0.2,1.0,0.2,1.0,,,,,ok,4281.631061944081,
150,25,150c_cap25,case_3_hybrid,sweep,related_greedy,shaw_related_removal,greedy_insertion,results/lns_operator_related_greedy/case3_sweep,run_2026_08_07_000333,1,lns_sa_metrics_best.json,2366.760677206669,2221.957633071792,2966.760677206669,2821.957633071792,2221.957633071792,600.0,144.80304413487693,4.8808468188008725,144.80304413487693,6.1181954529419675,144.80304413487693,4.8808468188008725,22,"[2, 3, 4, 5, 6, 7, 8, 9, 10, 11, 12, 13, 14, 15, 16, 17, 18, 19, 20, 21, 22, 23, 24, 25, 26, 27, 28, 29, 30, 31, 32, 33, 34, 35, 36, 37]",50,42,10.0,0.95,0.01,25,0.8496000000000001,0.2,1.0,28,172,,0.5441489219665527,3,,0.2,1.0,0.2,1.0,,,,,ok,2821.957633071792,
150,35,150c_cap35,case_3_hybrid,sweep,related_greedy,shaw_related_removal,greedy_insertion,results/lns_operator_related_greedy/case3_sweep,run_2026_08_07_000353,1,lns_sa_metrics_best.json,1901.4403643340665,1793.6126132578627,2381.4403643340665,2273.612613257863,1793.6126132578627,480.0,107.82775107620364,4.527837551218967,107.82775107620387,5.670845801885979,107.82775107620364,4.527837551218967,22,"[2, 3, 4, 5, 6, 7, 8, 9, 10, 11, 12, 13, 14, 15, 16, 17, 18, 19, 20, 21, 22, 23, 24, 25, 26, 27, 28, 29, 30, 31, 32, 33, 34, 35, 36, 37]",50,42,10.0,0.95,0.01,18,0.842857142857143,0.3142857142857143,1.0,23,177,,0.5898981094360352,3,,0.2,1.0,0.2,1.0,,,,,ok,2273.612613257863,
200,15,200c_cap15,case_3_hybrid,sweep,related_greedy,shaw_related_removal,greedy_insertion,results/lns_operator_related_greedy/case3_sweep,run_2026_08_07_000412,1,lns_sa_metrics_best.json,6052.847461556266,5712.3727341309595,7892.847461556266,7552.3727341309595,5712.3727341309595,1840.0,340.4747274253068,4.313712244961769,340.4747274253068,5.625033995780992,340.4747274253068,4.313712244961769,5,"[2, 3, 4, 5, 6, 7, 8, 9, 10, 11, 12, 13, 14, 15, 16, 17, 18, 19, 20, 21, 22, 23, 24, 25, 26, 27, 28, 29, 30, 31, 32, 33, 34, 35, 36, 37, 38, 39, 40, 41, 42, 43, 44, 45, 46, 47, 48, 49, 50, 51, 52]",50,42,10.0,0.95,0.01,54,0.865432098765432,0.6666666666666666,1.0,88,112,,0.1979060173034668,3,,0.2,1.0,0.2,1.0,,,,,ok,7552.3727341309595,
200,25,200c_cap25,case_3_hybrid,sweep,related_greedy,shaw_related_removal,greedy_insertion,results/lns_operator_related_greedy/case3_sweep,run_2026_08_07_000511,1,lns_sa_metrics_best.json,3940.603472208074,3708.049189497552,5060.603472208074,4828.049189497552,3708.049189497552,1120.0,232.55428271052187,4.595386380056613,232.55428271052187,5.901489057466942,232.55428271052187,4.595386380056613,8,"[2, 3, 4, 5, 6, 7, 8, 9, 10, 11, 12, 13, 14, 15, 16, 17, 18, 19, 20, 21, 22, 23, 24, 25, 26, 27, 28, 29, 30, 31, 32, 33, 34, 35, 36, 37, 38, 39, 40, 41, 42, 43, 44, 45, 46, 47, 48, 49, 50, 51, 52]",50,42,10.0,0.95,0.01,31,0.9045161290322582,0.64,1.0,58,142,,0.24831628799438477,3,,0.2,1.0,0.2,1.0,,,,,ok,4828.049189497552,
200,35,200c_cap35,case_3_hybrid,sweep,related_greedy,shaw_related_removal,greedy_insertion,results/lns_operator_related_greedy/case3_sweep,run_2026_08_07_000610,1,lns_sa_metrics_best.json,3143.78267907474,2973.289766488851,4023.78267907474,3853.289766488851,2973.289766488851,880.0,170.49291258588892,4.237130237488208,170.49291258588892,5.423177426375649,170.49291258588892,4.237130237488208,24,"[2, 3, 4, 5, 6, 7, 8, 9, 10, 11, 12, 13, 14, 15, 16, 17, 18, 19, 20, 21, 22, 23, 24, 25, 26, 27, 28, 29, 30, 31, 32, 33, 34, 35, 36, 37, 38, 39, 40, 41, 42, 43, 44, 45, 46, 47, 48, 49, 50, 51, 52]",50,42,10.0,0.95,0.01,24,0.8345238095238097,0.17142857142857143,1.0,24,176,,0.8556180000305176,3,,0.2,1.0,0.2,1.0,,,,,ok,3853.289766488851,
20,15,20c_cap15,case_2_supplier_customer_direct,kmeans,related_regret,shaw_related_removal,regret_2_insertion,results/lns_operator_related_regret/case2_kmeans,run_2026_07_12_163539,1,lns_sa_metrics_best.json,65.63297277702314,60.84147866433693,65.63297277702314,60.84147866433693,60.84147866433693,,4.791494112686209,7.300437432515048,,,,,2,"[2, 3, 4]",50,42,10.0,0.95,0.01,5,0.8933333333333333,0.6666666666666666,1.0,148,2,,0.09145092964172363,3,,0.2,1.0,0.2,1.0,,,,,not_applicable,60.84147866433693,
20,25,20c_cap25,case_2_supplier_customer_direct,kmeans,related_regret,shaw_related_removal,regret_2_insertion,results/lns_operator_related_regret/case2_kmeans,run_2026_07_12_163539,1,lns_sa_metrics_best.json,50.129832412654935,45.32215330899516,50.129832412654935,45.32215330899516,45.32215330899516,,4.807679103659773,9.590455168659425,,,,,2,"[2, 3, 4]",50,42,10.0,0.95,0.01,4,0.67,0.2,1.0,150,0,,0.07419228553771973,3,,0.2,1.0,0.2,1.0,,,,,not_applicable,45.32215330899516,
20,35,20c_cap35,case_2_supplier_customer_direct,kmeans,related_regret,shaw_related_removal,regret_2_insertion,results/lns_operator_related_regret/case2_kmeans,run_2026_07_12_163539,1,lns_sa_metrics_best.json,45.72156005665569,40.93006594396948,45.72156005665569,40.93006594396948,40.93006594396948,,4.791494112686209,10.479725772149612,,,,,2,"[2, 3, 4]",50,42,10.0,0.95,0.01,3,0.6380952380952382,0.42857142857142855,0.8571428571428571,150,0,,0.0722041130065918,3,,0.2,1.0,0.2,1.0,,,,,not_applicable,40.93006594396948,
40,15,40c_cap15,case_2_supplier_customer_direct,kmeans,related_regret,shaw_related_removal,regret_2_insertion,results/lns_operator_related_regret/case2_kmeans,run_2026_07_12_163540,1,lns_sa_metrics_best.json,233.6240619252252,231.88130912372975,233.6240619252252,231.88130912372975,231.88130912372975,,1.7427528014954419,0.7459646010491999,,,,,4,"[2, 3, 4, 5]",50,42,10.0,0.95,0.01,10,0.9333333333333332,0.7333333333333333,1.0,125,25,,0.098876953125,3,,0.2,1.0,0.2,1.0,,,,,not_applicable,231.88130912372975,
40,25,40c_cap25,case_2_supplier_customer_direct,kmeans,related_regret,shaw_related_removal,regret_2_insertion,results/lns_operator_related_regret/case2_kmeans,run_2026_07_12_163540,2,lns_sa_metrics_best.json,192.33005162510995,177.39589604822459,192.33005162510995,177.39589604822459,177.39589604822459,,14.93415557688536,7.764858091961126,,,,,5,"[2, 3, 4, 5]",50,42,10.0,0.95,0.01,7,0.7999999999999999,0.48,1.0,126,24,,0.11128592491149902,3,,0.2,1.0,0.2,1.0,,,,,not_applicable,177.39589604822459,
40,35,40c_cap35,case_2_supplier_customer_direct,kmeans,related_regret,shaw_related_removal,regret_2_insertion,results/lns_operator_related_regret/case2_kmeans,run_2026_07_12_163541,1,lns_sa_metrics_best.json,145.59337216574968,145.5933721657497,145.59337216574968,145.5933721657497,145.5933721657497,,-2.842170943040401e-14,-1.9521293454242905e-14,,,,,2,"[2, 3, 4, 5]",50,42,10.0,0.95,0.01,6,0.6666666666666666,0.22857142857142856,1.0,149,1,,0.0879220962524414,3,,0.2,1.0,0.2,1.0,,,,,not_applicable,145.5933721657497,
60,15,60c_cap15,case_2_supplier_customer_direct,kmeans,related_regret,shaw_related_removal,regret_2_insertion,results/lns_operator_related_regret/case2_kmeans,run_2026_07_12_163541,1,lns_sa_metrics_best.json,562.5058941860796,542.3494112480732,562.5058941860796,542.3494112480732,542.3494112480732,,20.15648293800632,3.583337196345619,,,,,3,"[2, 3, 4, 5, 6, 7, 8]",50,42,10.0,0.95,0.01,17,0.8705882352941176,0.13333333333333333,1.0,121,29,,0.1044607162475586,3,,0.2,1.0,0.2,1.0,,,,,not_applicable,542.3494112480732,
60,25,60c_cap25,case_2_supplier_customer_direct,kmeans,related_regret,shaw_related_removal,regret_2_insertion,results/lns_operator_related_regret/case2_kmeans,run_2026_07_12_163542,1,lns_sa_metrics_best.json,379.97834577997935,369.45452631591536,379.97834577997935,369.45452631591536,369.45452631591536,,10.52381946406399,2.76958399891494,,,,,4,"[2, 3, 4, 5, 6, 7, 8]",50,42,10.0,0.95,0.01,11,0.8072727272727271,0.08,1.0,135,15,,0.10465884208679199,3,,0.2,1.0,0.2,1.0,,,,,not_applicable,369.45452631591536,
60,35,60c_cap35,case_2_supplier_customer_direct,kmeans,related_regret,shaw_related_removal,regret_2_insertion,results/lns_operator_related_regret/case2_kmeans,run_2026_07_12_163543,1,lns_sa_metrics_best.json,325.4872658221094,300.83836367056057,325.4872658221094,300.83836367056057,300.83836367056057,,24.64890215154884,7.57292365625768,,,,,5,"[2, 3, 4, 5, 6, 7, 8]",50,42,10.0,0.95,0.01,8,0.7928571428571428,0.22857142857142856,1.0,135,15,,0.11939787864685059,3,,0.2,1.0,0.2,1.0,,,,,not_applicable,300.83836367056057,
80,15,80c_cap15,case_2_supplier_customer_direct,kmeans,related_regret,shaw_related_removal,regret_2_insertion,results/lns_operator_related_regret/case2_kmeans,run_2026_07_12_163544,1,lns_sa_metrics_best.json,889.1231593454308,875.4404754972815,889.1231593454308,875.4404754972815,875.4404754972815,,13.682683848149395,1.5388963502224524,,,,,5,"[2, 3, 4, 5, 6, 7, 8, 9, 10, 11, 12]",50,42,10.0,0.95,0.01,20,0.9366666666666668,0.4,1.0,91,59,,0.16327929496765137,3,,0.2,1.0,0.2,1.0,,,,,not_applicable,875.4404754972815,
80,25,80c_cap25,case_2_supplier_customer_direct,kmeans,related_regret,shaw_related_removal,regret_2_insertion,results/lns_operator_related_regret/case2_kmeans,run_2026_07_12_163546,1,lns_sa_metrics_best.json,629.4745790143811,604.3460307849814,629.4745790143811,604.3460307849814,604.3460307849814,,25.128548229399712,3.9919877731592432,,,,,6,"[2, 3, 4, 5, 6, 7, 8, 9, 10, 11, 12]",50,42,10.0,0.95,0.01,13,0.8646153846153847,0.24,1.0,94,56,,0.15702581405639648,3,,0.2,1.0,0.2,1.0,,,,,not_applicable,604.3460307849814,
80,35,80c_cap35,case_2_supplier_customer_direct,kmeans,related_regret,shaw_related_removal,regret_2_insertion,results/lns_operator_related_regret/case2_kmeans,run_2026_07_12_163548,1,lns_sa_metrics_best.json,511.49035579173557,482.78662940368235,511.49035579173557,482.78662940368235,482.78662940368235,,28.703726388053212,5.6117825220033195,,,,,8,"[2, 3, 4, 5, 6, 7, 8, 9, 10, 11, 12]",50,42,10.0,0.95,0.01,9,0.892063492063492,0.6285714285714286,1.0,98,52,,0.20451903343200684,3,,0.2,1.0,0.2,1.0,,,,,not_applicable,482.78662940368235,
20,15,20c_cap15,case_2_supplier_customer_direct,no_clustering,related_regret,shaw_related_removal,regret_2_insertion,results/lns_operator_related_regret/case2_no_cluster,run_2026_07_12_163750,1,lns_sa_metrics_best.json,63.40611899389782,63.40611899389783,63.40611899389782,63.40611899389783,63.40611899389783,,-7.105427357601002e-15,-1.1206217113343312e-14,,,,,2,"[2, 3, 4]",50,42,10.0,0.95,0.01,5,0.8933333333333333,0.6666666666666666,1.0,148,2,,0.09021186828613281,3,,0.2,1.0,0.2,1.0,,,,,not_applicable,63.40611899389783,
20,25,20c_cap25,case_2_supplier_customer_direct,no_clustering,related_regret,shaw_related_removal,regret_2_insertion,results/lns_operator_related_regret/case2_no_cluster,run_2026_07_12_163751,1,lns_sa_metrics_best.json,45.338338299968726,45.32215330899516,45.338338299968726,45.32215330899516,45.32215330899516,,0.01618499097356363,0.035698244753656516,,,,,2,"[2, 3, 4]",50,42,10.0,0.95,0.01,4,0.67,0.2,1.0,150,0,,0.07761502265930176,3,,0.2,1.0,0.2,1.0,,,,,not_applicable,45.32215330899516,
20,35,20c_cap35,case_2_supplier_customer_direct,no_clustering,related_regret,shaw_related_removal,regret_2_insertion,results/lns_operator_related_regret/case2_no_cluster,run_2026_07_12_163751,1,lns_sa_metrics_best.json,40.93006594396948,40.93006594396948,40.93006594396948,40.93006594396948,40.93006594396948,,0.0,0.0,,,,,2,"[2, 3, 4]",50,42,10.0,0.95,0.01,3,0.6380952380952382,0.42857142857142855,0.8571428571428571,150,0,,0.07463216781616211,3,,0.2,1.0,0.2,1.0,,,,,not_applicable,40.93006594396948,
40,15,40c_cap15,case_2_supplier_customer_direct,no_clustering,related_regret,shaw_related_removal,regret_2_insertion,results/lns_operator_related_regret/case2_no_cluster,run_2026_07_12_163751,1,lns_sa_metrics_best.json,250.37669562521955,241.29013893364385,250.37669562521955,241.29013893364385,241.29013893364385,,9.086556691575709,3.6291543303922618,,,,,5,"[2, 3, 4, 5]",50,42,10.0,0.95,0.01,10,0.9333333333333332,0.7333333333333333,1.0,119,31,,0.1152489185333252,3,,0.2,1.0,0.2,1.0,,,,,not_applicable,241.29013893364385,
40,25,40c_cap25,case_2_supplier_customer_direct,no_clustering,related_regret,shaw_related_removal,regret_2_insertion,results/lns_operator_related_regret/case2_no_cluster,run_2026_07_12_163752,2,lns_sa_metrics_best.json,181.2188538338204,180.27163497325355,181.2188538338204,180.27163497325355,180.27163497325355,,0.947218860566835,0.5226933293792073,,,,,4,"[2, 3, 4, 5]",50,42,10.0,0.95,0.01,7,0.7999999999999999,0.48,1.0,129,21,,0.10585522651672363,3,,0.2,1.0,0.2,1.0,,,,,not_applicable,180.27163497325355,
40,35,40c_cap35,case_2_supplier_customer_direct,no_clustering,related_regret,shaw_related_removal,regret_2_insertion,results/lns_operator_related_regret/case2_no_cluster,run_2026_07_12_163752,1,lns_sa_metrics_best.json,150.0389587916166,146.46010834217836,150.0389587916166,146.46010834217836,146.46010834217836,,3.5788504494382494,2.3852807819126354,,,,,3,"[2, 3, 4, 5]",50,42,10.0,0.95,0.01,6,0.6666666666666666,0.2,1.0,149,1,,0.09872269630432129,3,,0.2,1.0,0.2,1.0,,,,,not_applicable,146.46010834217836,
60,15,60c_cap15,case_2_supplier_customer_direct,no_clustering,related_regret,shaw_related_removal,regret_2_insertion,results/lns_operator_related_regret/case2_no_cluster,run_2026_07_12_163753,1,lns_sa_metrics_best.json,548.9089866556761,527.004903243386,548.9089866556761,527.004903243386,527.004903243386,,21.904083412290106,3.990476371273234,,,,,3,"[2, 3, 4, 5, 6, 7, 8]",50,42,10.0,0.95,0.01,17,0.8705882352941176,0.13333333333333333,1.0,120,30,,0.10831379890441895,3,,0.2,1.0,0.2,1.0,,,,,not_applicable,527.004903243386,
60,25,60c_cap25,case_2_supplier_customer_direct,no_clustering,related_regret,shaw_related_removal,regret_2_insertion,results/lns_operator_related_regret/case2_no_cluster,run_2026_07_12_163754,1,lns_sa_metrics_best.json,405.33739929276,369.77415377243807,405.33739929276,369.77415377243807,369.77415377243807,,35.563245520321914,8.773739009125066,,,,,4,"[2, 3, 4, 5, 6, 7, 8]",50,42,10.0,0.95,0.01,11,0.8072727272727271,0.08,1.0,134,16,,0.12022185325622559,3,,0.2,1.0,0.2,1.0,,,,,not_applicable,369.77415377243807,
60,35,60c_cap35,case_2_supplier_customer_direct,no_clustering,related_regret,shaw_related_removal,regret_2_insertion,results/lns_operator_related_regret/case2_no_cluster,run_2026_07_12_163755,1,lns_sa_metrics_best.json,315.3241956473402,306.38903194767346,315.3241956473402,306.38903194767346,306.38903194767346,,8.93516369966676,2.833643539888668,,,,,3,"[2, 3, 4, 5, 6, 7, 8]",50,42,10.0,0.95,0.01,8,0.7928571428571428,0.2857142857142857,1.0,148,2,,0.09767007827758789,3,,0.2,1.0,0.2,1.0,,,,,not_applicable,306.38903194767346,
80,15,80c_cap15,case_2_supplier_customer_direct,no_clustering,related_regret,shaw_related_removal,regret_2_insertion,results/lns_operator_related_regret/case2_no_cluster,run_2026_07_12_163756,1,lns_sa_metrics_best.json,877.0411745206105,872.9797916182016,877.0411745206105,872.9797916182016,872.9797916182016,,4.061382902408923,0.4630777916018446,,,,,7,"[2, 3, 4, 5, 6, 7, 8, 9, 10, 11, 12]",50,42,10.0,0.95,0.01,20,0.9366666666666668,0.6666666666666666,1.0,54,96,,0.182297945022583,3,,0.2,1.0,0.2,1.0,,,,,not_applicable,872.9797916182016,
80,25,80c_cap25,case_2_supplier_customer_direct,no_clustering,related_regret,shaw_related_removal,regret_2_insertion,results/lns_operator_related_regret/case2_no_cluster,run_2026_07_12_163758,1,lns_sa_metrics_best.json,635.4341214833732,599.5659216643439,635.4341214833732,599.5659216643439,599.5659216643439,,35.868199819029314,5.644676388371732,,,,,9,"[2, 3, 4, 5, 6, 7, 8, 9, 10, 11, 12]",50,42,10.0,0.95,0.01,13,0.8646153846153847,0.24,1.0,64,86,,0.22271203994750977,3,,0.2,1.0,0.2,1.0,,,,,not_applicable,599.5659216643439,
80,35,80c_cap35,case_2_supplier_customer_direct,no_clustering,related_regret,shaw_related_removal,regret_2_insertion,results/lns_operator_related_regret/case2_no_cluster,run_2026_07_12_163801,1,lns_sa_metrics_best.json,510.91407848490496,481.3974591666056,510.91407848490496,481.3974591666056,481.3974591666056,,29.516619318299377,5.777217845675679,,,,,11,"[2, 3, 4, 5, 6, 7, 8, 9, 10, 11, 12]",50,42,10.0,0.95,0.01,9,0.892063492063492,0.45714285714285713,1.0,73,77,,0.2807321548461914,3,,0.2,1.0,0.2,1.0,,,,,not_applicable,481.3974591666056,
20,15,20c_cap15,case_2_supplier_customer_direct,sweep,related_regret,shaw_related_removal,regret_2_insertion,results/lns_operator_related_regret/case2_sweep,run_2026_07_12_163311,1,lns_sa_metrics_best.json,60.841478664336925,60.84147866433693,60.841478664336925,60.84147866433693,60.84147866433693,,-7.105427357601002e-15,-1.1678590845567246e-14,,,,,2,"[2, 3, 4]",50,42,10.0,0.95,0.01,5,0.8933333333333333,0.6666666666666666,1.0,148,2,,0.09201288223266602,3,,0.2,1.0,0.2,1.0,,,,,not_applicable,60.84147866433693,
20,25,20c_cap25,case_2_supplier_customer_direct,sweep,related_regret,shaw_related_removal,regret_2_insertion,results/lns_operator_related_regret/case2_sweep,run_2026_07_12_163311,1,lns_sa_metrics_best.json,54.79575867334405,50.80840922827251,54.79575867334405,50.80840922827251,50.80840922827251,,3.987349445071537,7.276748313389487,,,,,2,"[2, 3, 4]",50,42,10.0,0.95,0.01,4,0.67,0.28,0.92,150,0,,0.07622385025024414,3,,0.2,1.0,0.2,1.0,,,,,not_applicable,50.80840922827251,
20,35,20c_cap35,case_2_supplier_customer_direct,sweep,related_regret,shaw_related_removal,regret_2_insertion,results/lns_operator_related_regret/case2_sweep,run_2026_07_12_163311,1,lns_sa_metrics_best.json,40.93006594396948,40.93006594396948,40.93006594396948,40.93006594396948,40.93006594396948,,0.0,0.0,,,,,2,"[2, 3, 4]",50,42,10.0,0.95,0.01,3,0.6380952380952382,0.42857142857142855,0.8571428571428571,150,0,,0.07427000999450684,3,,0.2,1.0,0.2,1.0,,,,,not_applicable,40.93006594396948,
40,15,40c_cap15,case_2_supplier_customer_direct,sweep,related_regret,shaw_related_removal,regret_2_insertion,results/lns_operator_related_regret/case2_sweep,run_2026_07_12_163312,1,lns_sa_metrics_best.json,263.78637596551715,241.38160753659525,263.78637596551715,241.38160753659525,241.38160753659525,,22.404768428921898,8.493527517073401,,,,,5,"[2, 3, 4, 5]",50,42,10.0,0.95,0.01,10,0.9333333333333333,0.8,1.0,101,49,,0.10669398307800293,3,,0.2,1.0,0.2,1.0,,,,,not_applicable,241.38160753659525,
40,25,40c_cap25,case_2_supplier_customer_direct,sweep,related_regret,shaw_related_removal,regret_2_insertion,results/lns_operator_related_regret/case2_sweep,run_2026_07_12_163312,2,lns_sa_metrics_best.json,181.96909660488316,178.6833868087921,181.96909660488316,178.6833868087921,178.6833868087921,,3.285709796091055,1.8056416487165672,,,,,4,"[2, 3, 4, 5]",50,42,10.0,0.95,0.01,7,0.7999999999999999,0.52,1.0,128,22,,0.10062885284423828,3,,0.2,1.0,0.2,1.0,,,,,not_applicable,178.6833868087921,
40,35,40c_cap35,case_2_supplier_customer_direct,sweep,related_regret,shaw_related_removal,regret_2_insertion,results/lns_operator_related_regret/case2_sweep,run_2026_07_12_163313,1,lns_sa_metrics_best.json,155.96515611108038,148.85259122222263,155.96515611108038,148.85259122222263,148.85259122222263,,7.112564888857747,4.560355060198246,,,,,2,"[2, 3, 4, 5]",50,42,10.0,0.95,0.01,6,0.6666666666666666,0.17142857142857143,1.0,149,1,,0.08823776245117188,3,,0.2,1.0,0.2,1.0,,,,,not_applicable,148.85259122222263,
60,15,60c_cap15,case_2_supplier_customer_direct,sweep,related_regret,shaw_related_removal,regret_2_insertion,results/lns_operator_related_regret/case2_sweep,run_2026_07_12_163313,1,lns_sa_metrics_best.json,560.368195578196,531.0746161098376,560.368195578196,531.0746161098376,531.0746161098376,,29.293579468358416,5.227559254702683,,,,,6,"[2, 3, 4, 5, 6, 7, 8]",50,42,10.0,0.95,0.01,17,0.8705882352941177,0.26666666666666666,1.0,51,99,,0.1284010410308838,3,,0.2,1.0,0.2,1.0,,,,,not_applicable,531.0746161098376,
60,25,60c_cap25,case_2_supplier_customer_direct,sweep,related_regret,shaw_related_removal,regret_2_insertion,results/lns_operator_related_regret/case2_sweep,run_2026_07_12_163314,1,lns_sa_metrics_best.json,392.9086790418891,381.27632480682547,392.9086790418891,381.27632480682547,381.27632480682547,,11.632354235063644,2.9605745191043455,,,,,8,"[2, 3, 4, 5, 6, 7, 8]",50,42,10.0,0.95,0.01,11,0.8072727272727274,0.24,1.0,78,72,,0.17908287048339844,3,,0.2,1.0,0.2,1.0,,,,,not_applicable,381.27632480682547,
60,35,60c_cap35,case_2_supplier_customer_direct,sweep,related_regret,shaw_related_removal,regret_2_insertion,results/lns_operator_related_regret/case2_sweep,run_2026_07_12_163315,1,lns_sa_metrics_best.json,325.1353058716005,307.63076418900414,325.1353058716005,307.63076418900414,307.63076418900414,,17.50454168259637,5.383771422691667,,,,,6,"[2, 3, 4, 5, 6, 7, 8]",50,42,10.0,0.95,0.01,8,0.7928571428571429,0.22857142857142856,1.0,116,34,,0.13605880737304688,3,,0.2,1.0,0.2,1.0,,,,,not_applicable,307.63076418900414,
80,15,80c_cap15,case_2_supplier_customer_direct,sweep,related_regret,shaw_related_removal,regret_2_insertion,results/lns_operator_related_regret/case2_sweep,run_2026_07_12_163316,1,lns_sa_metrics_best.json,980.1147782629438,902.2590147334015,980.1147782629438,902.2590147334015,902.2590147334015,,77.85576352954229,7.943535314050254,,,,,9,"[2, 3, 4, 5, 6, 7, 8, 9, 10, 11, 12]",50,42,10.0,0.95,0.01,20,0.9366666666666668,0.4,1.0,27,123,,0.20393705368041992,3,,0.2,1.0,0.2,1.0,,,,,not_applicable,902.2590147334015,
80,25,80c_cap25,case_2_supplier_customer_direct,sweep,related_regret,shaw_related_removal,regret_2_insertion,results/lns_operator_related_regret/case2_sweep,run_2026_07_12_163318,1,lns_sa_metrics_best.json,650.9513970158838,613.9270544799705,650.9513970158838,613.9270544799705,613.9270544799705,,37.02434253591332,5.687727640748867,,,,,5,"[2, 3, 4, 5, 6, 7, 8, 9, 10, 11, 12]",50,42,10.0,0.95,0.01,13,0.8646153846153847,0.32,1.0,123,27,,0.14141368865966797,3,,0.2,1.0,0.2,1.0,,,,,not_applicable,613.9270544799705,
80,35,80c_cap35,case_2_supplier_customer_direct,sweep,related_regret,shaw_related_removal,regret_2_insertion,results/lns_operator_related_regret/case2_sweep,run_2026_07_12_163320,1,lns_sa_metrics_best.json,530.7845381062182,483.7103208468151,530.7845381062182,483.7103208468151,483.7103208468151,,47.0742172594031,8.868799650298559,,,,,11,"[2, 3, 4, 5, 6, 7, 8, 9, 10, 11, 12]",50,42,10.0,0.95,0.01,9,0.892063492063492,0.6285714285714286,1.0,62,88,,0.28420472145080566,3,,0.2,1.0,0.2,1.0,,,,,not_applicable,483.7103208468151,
20,15,20c_cap15,case_3_hybrid,kmeans,related_regret,shaw_related_removal,regret_2_insertion,results/lns_operator_related_regret/case3_kmeans,run_2026_07_12_165553,1,lns_sa_metrics_best.json,94.76529987543388,84.21746207443732,118.76529987543388,108.21746207443732,84.21746207443732,24.0,10.547837800996561,8.881245458109047,10.547837800996561,11.130485330454686,10.547837800996561,8.881245458109047,4,"[2, 3, 4, 5]",50,42,10.0,0.95,0.01,7,0.6380952380952379,0.3333333333333333,1.0,184,16,,0.08465290069580078,3,,0.2,1.0,0.2,1.0,,,,,ok,108.21746207443732,
20,25,20c_cap25,case_3_hybrid,kmeans,related_regret,shaw_related_removal,regret_2_insertion,results/lns_operator_related_regret/case3_kmeans,run_2026_07_12_165554,1,lns_sa_metrics_best.json,77.41526031217806,66.75822855161768,101.41526031217806,90.75822855161768,66.75822855161768,24.0,10.657031760560386,10.508311794256349,10.657031760560386,13.766060745111188,10.657031760560386,10.508311794256349,3,"[2, 3, 4, 5]",50,42,10.0,0.95,0.01,5,0.5360000000000001,0.2,0.72,197,3,,0.07909011840820312,3,,0.2,1.0,0.2,1.0,,,,,ok,90.75822855161768,
20,35,20c_cap35,case_3_hybrid,kmeans,related_regret,shaw_related_removal,regret_2_insertion,results/lns_operator_related_regret/case3_kmeans,run_2026_07_12_165554,1,lns_sa_metrics_best.json,77.41526031217806,62.77406702661598,101.41526031217806,86.77406702661598,62.77406702661598,24.0,14.641193285562082,14.43687393839283,14.641193285562082,18.912541566767686,14.641193285562082,14.43687393839283,3,"[2, 3, 4, 5]",50,42,10.0,0.95,0.01,4,0.47857142857142854,0.14285714285714285,0.7714285714285715,200,0,,0.09222793579101562,3,,0.2,1.0,0.2,1.0,,,,,ok,86.77406702661598,
40,15,40c_cap15,case_3_hybrid,kmeans,related_regret,shaw_related_removal,regret_2_insertion,results/lns_operator_related_regret/case3_kmeans,run_2026_07_12_165555,1,lns_sa_metrics_best.json,306.1763991767963,282.8707640827188,402.1763991767963,378.8707640827188,282.8707640827188,96.0,23.305635094077502,5.794878849624483,23.305635094077502,7.611832641816414,23.305635094077502,5.794878849624483,7,"[2, 3, 4, 5, 6, 7, 8, 9, 10]",50,42,10.0,0.95,0.01,12,0.7777777777777777,0.4,1.0,145,55,,0.11930394172668457,3,,0.2,1.0,0.2,1.0,,,,,ok,378.8707640827188,
40,25,40c_cap25,case_3_hybrid,kmeans,related_regret,shaw_related_removal,regret_2_insertion,results/lns_operator_related_regret/case3_kmeans,run_2026_07_12_165556,2,lns_sa_metrics_best.json,222.52907906106748,206.71032519132592,270.5290790610675,254.71032519132592,206.71032519132592,48.0,15.818753869741556,5.847339563142021,15.818753869741556,7.108623257907115,15.818753869741556,5.847339563142021,2,"[2, 3, 4, 5, 6, 7, 8, 9, 10]",50,42,10.0,0.95,0.01,7,0.8,0.52,0.96,200,0,,0.09316515922546387,3,,0.2,1.0,0.2,1.0,,,,,ok,254.71032519132592,
40,35,40c_cap35,case_3_hybrid,kmeans,related_regret,shaw_related_removal,regret_2_insertion,results/lns_operator_related_regret/case3_kmeans,run_2026_07_12_165557,1,lns_sa_metrics_best.json,219.77181860775102,185.14656663650132,267.771818607751,233.14656663650132,185.14656663650132,48.0,34.625251971249696,12.930879788351044,34.625251971249696,15.755091890579875,34.625251971249696,12.930879788351044,5,"[2, 3, 4, 5, 6, 7, 8, 9, 10]",50,42,10.0,0.95,0.01,6,0.6666666666666666,0.17142857142857143,1.0,200,0,,0.11581110954284668,3,,0.2,1.0,0.2,1.0,,,,,ok,233.14656663650132,
60,15,60c_cap15,case_3_hybrid,kmeans,related_regret,shaw_related_removal,regret_2_insertion,results/lns_operator_related_regret/case3_kmeans,run_2026_07_12_165558,1,lns_sa_metrics_best.json,676.25997150048,634.4152736261242,868.25997150048,826.4152736261242,634.4152736261242,192.0,41.8446978743558,4.819374294319022,41.8446978743558,6.187664454175978,41.8446978743558,4.819374294319022,11,"[2, 3, 4, 5, 6, 7, 8, 9, 10, 11, 12, 13, 14]",50,42,10.0,0.95,0.01,18,0.8222222222222222,0.4,1.0,55,145,,0.17933201789855957,3,,0.2,1.0,0.2,1.0,,,,,ok,826.4152736261242,
60,25,60c_cap25,case_3_hybrid,kmeans,related_regret,shaw_related_removal,regret_2_insertion,results/lns_operator_related_regret/case3_kmeans,run_2026_07_12_165601,1,lns_sa_metrics_best.json,526.6801338014434,454.4482632891649,646.6801338014434,574.448263289165,454.4482632891649,120.0,72.23187051227842,11.16964427029337,72.23187051227848,13.714561434266978,72.23187051227842,11.16964427029337,8,"[2, 3, 4, 5, 6, 7, 8, 9, 10, 11, 12, 13, 14]",50,42,10.0,0.95,0.01,11,0.8072727272727271,0.48,1.0,83,117,,0.1614398956298828,3,,0.2,1.0,0.2,1.0,,,,,ok,574.448263289165,
60,35,60c_cap35,case_3_hybrid,kmeans,related_regret,shaw_related_removal,regret_2_insertion,results/lns_operator_related_regret/case3_kmeans,run_2026_07_12_165603,1,lns_sa_metrics_best.json,453.87935067541724,388.05139427528934,525.8793506754173,460.05139427528934,388.05139427528934,72.0,65.82795640012796,12.51769180812696,65.8279564001279,14.503404109962132,65.82795640012796,12.51769180812696,14,"[2, 3, 4, 5, 6, 7, 8, 9, 10, 11, 12, 13, 14]",50,42,10.0,0.95,0.01,9,0.7047619047619048,0.14285714285714285,1.0,83,117,,0.23961591720581055,3,,0.2,1.0,0.2,1.0,,,,,ok,460.05139427528934,
80,15,80c_cap15,case_3_hybrid,kmeans,related_regret,shaw_related_removal,regret_2_insertion,results/lns_operator_related_regret/case3_kmeans,run_2026_07_12_165605,1,lns_sa_metrics_best.json,1062.6121024423817,1014.9644499540956,1350.6121024423817,1302.9644499540955,1014.9644499540956,288.0,47.64765248828621,3.5278561773674695,47.6476524882861,4.484011840140858,47.64765248828621,3.5278561773674695,2,"[2, 3, 4, 5, 6, 7, 8, 9, 10, 11, 12, 13, 14, 15, 16, 17, 18, 19, 20]",50,42,10.0,0.95,0.01,23,0.8144927536231886,0.4666666666666667,1.0,190,10,,0.12754392623901367,3,,0.2,1.0,0.2,1.0,,,,,ok,1302.9644499540955,
80,25,80c_cap25,case_3_hybrid,kmeans,related_regret,shaw_related_removal,regret_2_insertion,results/lns_operator_related_regret/case3_kmeans,run_2026_07_12_165610,1,lns_sa_metrics_best.json,770.8893340006891,711.3870851522066,962.8893340006891,903.3870851522066,711.3870851522066,192.0,59.50224884848251,6.179552181895902,59.50224884848251,7.7186499052572595,59.50224884848251,6.179552181895902,15,"[2, 3, 4, 5, 6, 7, 8, 9, 10, 11, 12, 13, 14, 15, 16, 17, 18, 19, 20]",50,42,10.0,0.95,0.01,13,0.8646153846153847,0.44,1.0,65,135,,0.33172607421875,3,,0.2,1.0,0.2,1.0,,,,,ok,903.3870851522066,
80,35,80c_cap35,case_3_hybrid,kmeans,related_regret,shaw_related_removal,regret_2_insertion,results/lns_operator_related_regret/case3_kmeans,run_2026_07_12_165616,1,lns_sa_metrics_best.json,662.9118360421799,579.1665693779272,822.9118360421799,739.1665693779272,579.1665693779272,160.0,83.74526666425265,10.176699738215959,83.74526666425265,12.632941834956782,83.74526666425265,10.176699738215959,10,"[2, 3, 4, 5, 6, 7, 8, 9, 10, 11, 12, 13, 14, 15, 16, 17, 18, 19, 20]",50,42,10.0,0.95,0.01,10,0.8028571428571428,0.3142857142857143,0.9714285714285714,117,83,,0.26636290550231934,3,,0.2,1.0,0.2,1.0,,,,,ok,739.1665693779272,
100,15,100c_cap15,case_3_hybrid,kmeans,related_regret,shaw_related_removal,regret_2_insertion,results/lns_operator_related_regret/case3_kmeans,run_2026_07_13_185539,1,lns_sa_metrics_best.json,1527.901943047867,1484.4865370312107,1967.901943047867,1924.4865370312107,1484.4865370312107,440.0,43.415406016656334,2.206177303195046,43.415406016656334,2.8415047323031115,43.415406016656334,2.206177303195046,8,"[2, 3, 4, 5, 6, 7, 8, 9, 10, 11, 12, 13, 14, 15, 16, 17, 18, 19, 20, 21, 22, 23, 24, 25]",50,42,10.0,0.95,0.01,27,0.8543209876543211,0.3333333333333333,1.0,58,142,,0.20655417442321777,3,,0.2,1.0,0.2,1.0,,,,,ok,1924.4865370312107,
100,25,100c_cap25,case_3_hybrid,kmeans,related_regret,shaw_related_removal,regret_2_insertion,results/lns_operator_related_regret/case3_kmeans,run_2026_07_13_185547,1,lns_sa_metrics_best.json,1092.0336222107796,1052.4610125566783,1412.0336222107796,1372.4610125566783,1052.4610125566783,320.0,39.57260965410137,2.8025260186187135,39.57260965410137,3.6237537791179135,39.57260965410137,2.8025260186187135,7,"[2, 3, 4, 5, 6, 7, 8, 9, 10, 11, 12, 13, 14, 15, 16, 17, 18, 19, 20, 21, 22, 23, 24, 25]",50,42,10.0,0.95,0.01,17,0.8141176470588236,0.2,1.0,92,108,,0.22059321403503418,3,,0.2,1.0,0.2,1.0,,,,,ok,1372.4610125566783,
100,35,100c_cap35,case_3_hybrid,kmeans,related_regret,shaw_related_removal,regret_2_insertion,results/lns_operator_related_regret/case3_kmeans,run_2026_07_13_185557,1,lns_sa_metrics_best.json,959.6993450628461,853.8507790350662,1199.699345062846,1093.8507790350664,853.8507790350662,240.0,105.84856602777973,8.822924382127995,105.84856602777984,11.029346489847644,105.84856602777973,8.822924382127995,11,"[2, 3, 4, 5, 6, 7, 8, 9, 10, 11, 12, 13, 14, 15, 16, 17, 18, 19, 20, 21, 22, 23, 24, 25]",50,42,10.0,0.95,0.01,13,0.7604395604395606,0.2857142857142857,0.9714285714285714,79,121,,0.33425188064575195,3,,0.2,1.0,0.2,1.0,,,,,ok,1093.8507790350664,
150,15,150c_cap15,case_3_hybrid,kmeans,related_regret,shaw_related_removal,regret_2_insertion,results/lns_operator_related_regret/case3_kmeans,run_2026_07_13_185609,1,lns_sa_metrics_best.json,3363.112792008648,3263.4928553880663,4323.112792008647,4223.492855388066,3263.4928553880663,960.0,99.61993662058103,2.3043566386870658,99.61993662058148,2.962134866760821,99.61993662058103,2.3043566386870658,5,"[2, 3, 4, 5, 6, 7, 8, 9, 10, 11, 12, 13, 14, 15, 16, 17, 18, 19, 20, 21, 22, 23, 24, 25, 26, 27, 28, 29, 30, 31, 32, 33, 34, 35, 36, 37]",50,42,10.0,0.95,0.01,42,0.8428571428571432,0.4,1.0,65,135,,0.20017004013061523,3,,0.2,1.0,0.2,1.0,,,,,ok,4223.492855388066,
150,25,150c_cap25,case_3_hybrid,kmeans,related_regret,shaw_related_removal,regret_2_insertion,results/lns_operator_related_regret/case3_kmeans,run_2026_07_13_185639,1,lns_sa_metrics_best.json,2417.445091713402,2241.5327747928673,3017.445091713402,2841.5327747928673,2241.5327747928673,600.0,175.91231692053452,5.829843181028553,175.91231692053452,7.2767864520907874,175.91231692053452,5.829843181028553,18,"[2, 3, 4, 5, 6, 7, 8, 9, 10, 11, 12, 13, 14, 15, 16, 17, 18, 19, 20, 21, 22, 23, 24, 25, 26, 27, 28, 29, 30, 31, 32, 33, 34, 35, 36, 37]",50,42,10.0,0.95,0.01,26,0.816923076923077,0.24,1.0,29,171,,0.9276411533355713,3,,0.2,1.0,0.2,1.0,,,,,ok,2841.5327747928673,
150,35,150c_cap35,case_3_hybrid,kmeans,related_regret,shaw_related_removal,regret_2_insertion,results/lns_operator_related_regret/case3_kmeans,run_2026_07_13_185716,1,lns_sa_metrics_best.json,1938.5389293525266,1811.747567974158,2418.538929352527,2291.7475679741583,1811.747567974158,480.0,126.79136137836849,5.242477590067658,126.79136137836849,6.540563073485292,126.79136137836849,5.242477590067658,17,"[2, 3, 4, 5, 6, 7, 8, 9, 10, 11, 12, 13, 14, 15, 16, 17, 18, 19, 20, 21, 22, 23, 24, 25, 26, 27, 28, 29, 30, 31, 32, 33, 34, 35, 36, 37]",50,42,10.0,0.95,0.01,18,0.842857142857143,0.2857142857142857,1.0,43,157,,0.8225481510162354,3,,0.2,1.0,0.2,1.0,,,,,ok,2291.7475679741583,
200,15,200c_cap15,case_3_hybrid,kmeans,related_regret,shaw_related_removal,regret_2_insertion,results/lns_operator_related_regret/case3_kmeans,run_2026_07_13_185756,1,lns_sa_metrics_best.json,5714.037453211504,5599.271269640362,7554.037453211504,7439.271269640362,5599.271269640362,1840.0,114.76618357114148,1.5192694540103198,114.76618357114148,2.0084954729626174,114.76618357114148,1.5192694540103198,10,"[2, 3, 4, 5, 6, 7, 8, 9, 10, 11, 12, 13, 14, 15, 16, 17, 18, 19, 20, 21, 22, 23, 24, 25, 26, 27, 28, 29, 30, 31, 32, 33, 34, 35, 36, 37, 38, 39, 40, 41, 42, 43, 44, 45, 46, 47, 48, 49, 50, 51, 52]",50,42,10.0,0.95,0.01,54,0.865432098765432,0.4,1.0,33,167,,0.4374229907989502,3,,0.2,1.0,0.2,1.0,,,,,ok,7439.271269640362,
200,25,200c_cap25,case_3_hybrid,kmeans,related_regret,shaw_related_removal,regret_2_insertion,results/lns_operator_related_regret/case3_kmeans,run_2026_07_13_185939,1,lns_sa_metrics_best.json,3841.1030970322995,3690.654882369556,4961.103097032299,4810.654882369556,3690.654882369556,1120.0,150.44821466274334,3.0325556982022914,150.44821466274334,3.91679709870277,150.44821466274334,3.0325556982022914,21,"[2, 3, 4, 5, 6, 7, 8, 9, 10, 11, 12, 13, 14, 15, 16, 17, 18, 19, 20, 21, 22, 23, 24, 25, 26, 27, 28, 29, 30, 31, 32, 33, 34, 35, 36, 37, 38, 39, 40, 41, 42, 43, 44, 45, 46, 47, 48, 49, 50, 51, 52]",50,42,10.0,0.95,0.01,31,0.9045161290322582,0.56,1.0,27,173,,1.3871049880981445,3,,0.2,1.0,0.2,1.0,,,,,ok,4810.654882369556,
200,35,200c_cap35,case_3_hybrid,kmeans,related_regret,shaw_related_removal,regret_2_insertion,results/lns_operator_related_regret/case3_kmeans,run_2026_07_13_190135,1,lns_sa_metrics_best.json,3017.983843633416,2860.2089647302278,3897.983843633416,3740.2089647302278,2860.2089647302278,880.0,157.77487890318844,4.0476021767222665,157.77487890318844,5.227823841271458,157.77487890318844,4.0476021767222665,26,"[2, 3, 4, 5, 6, 7, 8, 9, 10, 11, 12, 13, 14, 15, 16, 17, 18, 19, 20, 21, 22, 23, 24, 25, 26, 27, 28, 29, 30, 31, 32, 33, 34, 35, 36, 37, 38, 39, 40, 41, 42, 43, 44, 45, 46, 47, 48, 49, 50, 51, 52]",50,42,10.0,0.95,0.01,23,0.8708074534161492,0.17142857142857143,1.0,22,178,,2.1706349849700928,3,,0.2,1.0,0.2,1.0,,,,,ok,3740.2089647302278,
20,15,20c_cap15,case_3_hybrid,no_clustering,related_regret,shaw_related_removal,regret_2_insertion,results/lns_operator_related_regret/case3_no_cluster,run_2026_07_12_170011,1,lns_sa_metrics_best.json,90.7811383504322,84.21746207443732,114.7811383504322,108.21746207443732,84.21746207443732,24.0,6.5636762759948795,5.7184275834202545,6.5636762759948795,7.23022028062466,6.5636762759948795,5.7184275834202545,4,"[2, 3, 4, 5]",50,42,10.0,0.95,0.01,7,0.6380952380952382,0.3333333333333333,1.0,189,11,,0.08105015754699707,3,,0.2,1.0,0.2,1.0,,,,,ok,108.21746207443732,
20,25,20c_cap25,case_3_hybrid,no_clustering,related_regret,shaw_related_removal,regret_2_insertion,results/lns_operator_related_regret/case3_no_cluster,run_2026_07_12_170011,1,lns_sa_metrics_best.json,73.43109878717637,67.06293349289469,97.43109878717637,91.06293349289469,67.06293349289469,24.0,6.368165294281681,6.536070488327329,6.368165294281681,8.672300155467353,6.368165294281681,6.536070488327329,4,"[2, 3, 4, 5]",50,42,10.0,0.95,0.01,5,0.5360000000000001,0.08,1.0,198,2,,0.0867147445678711,3,,0.2,1.0,0.2,1.0,,,,,ok,91.06293349289469,
20,35,20c_cap35,case_3_hybrid,no_clustering,related_regret,shaw_related_removal,regret_2_insertion,results/lns_operator_related_regret/case3_no_cluster,run_2026_07_12_170012,1,lns_sa_metrics_best.json,73.43109878717637,62.77406702661598,97.43109878717637,86.77406702661598,62.77406702661598,24.0,10.657031760560386,10.938018654432991,10.657031760560386,14.512967852282058,10.657031760560386,10.938018654432991,3,"[2, 3, 4, 5]",50,42,10.0,0.95,0.01,4,0.47857142857142854,0.14285714285714285,0.7714285714285715,200,0,,0.07930493354797363,3,,0.2,1.0,0.2,1.0,,,,,ok,86.77406702661598,
40,15,40c_cap15,case_3_hybrid,no_clustering,related_regret,shaw_related_removal,regret_2_insertion,results/lns_operator_related_regret/case3_no_cluster,run_2026_07_12_170012,1,lns_sa_metrics_best.json,317.7139933885292,291.34189918368406,413.7139933885292,387.34189918368406,291.34189918368406,96.0,26.372094204845155,6.374474788450884,26.372094204845155,8.300576856429169,26.372094204845155,6.374474788450884,7,"[2, 3, 4, 5, 6, 7, 8, 9, 10]",50,42,10.0,0.95,0.01,12,0.7777777777777777,0.4,1.0,146,54,,0.12981486320495605,3,,0.2,1.0,0.2,1.0,,,,,ok,387.34189918368406,
40,25,40c_cap25,case_3_hybrid,no_clustering,related_regret,shaw_related_removal,regret_2_insertion,results/lns_operator_related_regret/case3_no_cluster,run_2026_07_12_170013,2,lns_sa_metrics_best.json,213.48666061666222,206.47961641307649,261.4866606166622,254.47961641307649,206.47961641307649,48.0,7.007044203585735,2.6796947068202526,7.007044203585735,3.2821929873022,7.007044203585735,2.6796947068202526,3,"[2, 3, 4, 5, 6, 7, 8, 9, 10]",50,42,10.0,0.95,0.01,7,0.7999999999999999,0.52,0.92,182,18,,0.09871196746826172,3,,0.2,1.0,0.2,1.0,,,,,ok,254.47961641307649,
40,35,40c_cap35,case_3_hybrid,no_clustering,related_regret,shaw_related_removal,regret_2_insertion,results/lns_operator_related_regret/case3_no_cluster,run_2026_07_12_170014,1,lns_sa_metrics_best.json,202.9587964753435,185.14656663650132,250.9587964753435,233.14656663650132,185.14656663650132,48.0,17.81222983884217,7.097671047602513,17.81222983884217,8.776278805440244,17.81222983884217,7.097671047602513,5,"[2, 3, 4, 5, 6, 7, 8, 9, 10]",50,42,10.0,0.95,0.01,6,0.6666666666666666,0.17142857142857143,1.0,200,0,,0.1720728874206543,3,,0.2,1.0,0.2,1.0,,,,,ok,233.14656663650132,
60,15,60c_cap15,case_3_hybrid,no_clustering,related_regret,shaw_related_removal,regret_2_insertion,results/lns_operator_related_regret/case3_no_cluster,run_2026_07_12_170016,1,lns_sa_metrics_best.json,683.447635460772,633.5083735145695,875.447635460772,825.5083735145695,633.5083735145695,192.0,49.939261946202464,5.704425932902094,49.939261946202464,7.306962429174845,49.939261946202464,5.704425932902094,5,"[2, 3, 4, 5, 6, 7, 8, 9, 10, 11, 12, 13, 14]",50,42,10.0,0.95,0.01,18,0.8222222222222221,0.7333333333333333,1.0,121,79,,0.12906813621520996,3,,0.2,1.0,0.2,1.0,,,,,ok,825.5083735145695,
60,25,60c_cap25,case_3_hybrid,no_clustering,related_regret,shaw_related_removal,regret_2_insertion,results/lns_operator_related_regret/case3_no_cluster,run_2026_07_12_170018,1,lns_sa_metrics_best.json,477.911393962637,450.5295181681444,597.911393962637,570.5295181681445,450.5295181681444,120.0,27.381875794492544,4.57958755611264,27.3818757944926,5.729487963752819,27.381875794492544,4.57958755611264,8,"[2, 3, 4, 5, 6, 7, 8, 9, 10, 11, 12, 13, 14]",50,42,10.0,0.95,0.01,11,0.8072727272727274,0.44,1.0,106,94,,0.22851181030273438,3,,0.2,1.0,0.2,1.0,,,,,ok,570.5295181681445,
60,35,60c_cap35,case_3_hybrid,no_clustering,related_regret,shaw_related_removal,regret_2_insertion,results/lns_operator_related_regret/case3_no_cluster,run_2026_07_12_170021,1,lns_sa_metrics_best.json,417.15203122299897,388.7081609318246,489.15203122299897,460.7081609318246,388.7081609318246,72.0,28.44387029117439,5.81493451433858,28.44387029117439,6.818586069875569,28.44387029117439,5.81493451433858,6,"[2, 3, 4, 5, 6, 7, 8, 9, 10, 11, 12, 13, 14]",50,42,10.0,0.95,0.01,9,0.7047619047619048,0.14285714285714285,1.0,113,87,,0.1463000774383545,3,,0.2,1.0,0.2,1.0,,,,,ok,460.7081609318246,
80,15,80c_cap15,case_3_hybrid,no_clustering,related_regret,shaw_related_removal,regret_2_insertion,results/lns_operator_related_regret/case3_no_cluster,run_2026_07_12_170023,1,lns_sa_metrics_best.json,1075.3883639913515,1024.4756748560824,1363.3883639913515,1312.4756748560824,1024.4756748560824,288.0,50.91268913526915,3.7342763426718015,50.91268913526915,4.73435373117712,50.91268913526915,3.7342763426718015,10,"[2, 3, 4, 5, 6, 7, 8, 9, 10, 11, 12, 13, 14, 15, 16, 17, 18, 19, 20]",50,42,10.0,0.95,0.01,23,0.8144927536231884,0.3333333333333333,1.0,61,139,,0.22633910179138184,3,,0.2,1.0,0.2,1.0,,,,,ok,1312.4756748560824,
80,25,80c_cap25,case_3_hybrid,no_clustering,related_regret,shaw_related_removal,regret_2_insertion,results/lns_operator_related_regret/case3_no_cluster,run_2026_07_12_170028,1,lns_sa_metrics_best.json,752.5164985260036,703.4532422856691,944.5164985260036,895.4532422856691,703.4532422856691,192.0,49.063256240334454,5.194536709194782,49.063256240334454,6.519891103575458,49.063256240334454,5.194536709194782,12,"[2, 3, 4, 5, 6, 7, 8, 9, 10, 11, 12, 13, 14, 15, 16, 17, 18, 19, 20]",50,42,10.0,0.95,0.01,13,0.8646153846153847,0.44,1.0,66,134,,0.35838794708251953,3,,0.2,1.0,0.2,1.0,,,,,ok,895.4532422856691,
80,35,80c_cap35,case_3_hybrid,no_clustering,related_regret,shaw_related_removal,regret_2_insertion,results/lns_operator_related_regret/case3_no_cluster,run_2026_07_12_170033,1,lns_sa_metrics_best.json,620.3949986042885,579.1665693779271,780.3949986042885,739.1665693779271,579.1665693779271,160.0,41.22842922636141,5.283020688253659,41.22842922636141,6.645512829586569,41.22842922636141,5.283020688253659,14,"[2, 3, 4, 5, 6, 7, 8, 9, 10, 11, 12, 13, 14, 15, 16, 17, 18, 19, 20]",50,42,10.0,0.95,0.01,10,0.8028571428571428,0.3142857142857143,0.9714285714285714,111,89,,0.41048502922058105,3,,0.2,1.0,0.2,1.0,,,,,ok,739.1665693779271,
100,15,100c_cap15,case_3_hybrid,no_clustering,related_regret,shaw_related_removal,regret_2_insertion,results/lns_operator_related_regret/case3_no_cluster,run_2026_07_13_190405,1,lns_sa_metrics_best.json,1556.0477506692682,1488.43956092095,1996.0477506692682,1928.43956092095,1488.43956092095,440.0,67.60818974831818,3.3871028248522297,67.60818974831818,4.34486600550911,67.60818974831818,3.3871028248522297,5,"[2, 3, 4, 5, 6, 7, 8, 9, 10, 11, 12, 13, 14, 15, 16, 17, 18, 19, 20, 21, 22, 23, 24, 25]",50,42,10.0,0.95,0.01,27,0.8543209876543211,0.3333333333333333,1.0,70,130,,0.15925288200378418,3,,0.2,1.0,0.2,1.0,,,,,ok,1928.43956092095,
100,25,100c_cap25,case_3_hybrid,no_clustering,related_regret,shaw_related_removal,regret_2_insertion,results/lns_operator_related_regret/case3_no_cluster,run_2026_07_13_190414,1,lns_sa_metrics_best.json,1103.5460774339185,1060.0864682371696,1423.5460774339185,1380.0864682371696,1060.0864682371696,320.0,43.45960919674894,3.0529120121695783,43.45960919674894,3.9381780322037665,43.45960919674894,3.0529120121695783,6,"[2, 3, 4, 5, 6, 7, 8, 9, 10, 11, 12, 13, 14, 15, 16, 17, 18, 19, 20, 21, 22, 23, 24, 25]",50,42,10.0,0.95,0.01,18,0.768888888888889,0.2,1.0,145,55,,0.1851968765258789,3,,0.2,1.0,0.2,1.0,,,,,ok,1380.0864682371696,
100,35,100c_cap35,case_3_hybrid,no_clustering,related_regret,shaw_related_removal,regret_2_insertion,results/lns_operator_related_regret/case3_no_cluster,run_2026_07_13_190424,1,lns_sa_metrics_best.json,933.1421556057326,868.1019143897307,1173.1421556057326,1108.1019143897306,868.1019143897307,240.0,65.04024121600196,5.544105708350367,65.04024121600185,6.970024966215585,65.04024121600196,5.544105708350367,16,"[2, 3, 4, 5, 6, 7, 8, 9, 10, 11, 12, 13, 14, 15, 16, 17, 18, 19, 20, 21, 22, 23, 24, 25]",50,42,10.0,0.95,0.01,13,0.7604395604395605,0.2857142857142857,1.0,69,131,,0.5155179500579834,3,,0.2,1.0,0.2,1.0,,,,,ok,1108.1019143897306,
150,15,150c_cap15,case_3_hybrid,no_clustering,related_regret,shaw_related_removal,regret_2_insertion,results/lns_operator_related_regret/case3_no_cluster,run_2026_07_13_190436,1,lns_sa_metrics_best.json,3329.976600546286,3280.4267961946966,4289.976600546286,4240.426796194697,3280.4267961946966,960.0,49.549804351589046,1.1550133943686167,49.5498043515895,1.4879925685802358,49.549804351589046,1.1550133943686167,16,"[2, 3, 4, 5, 6, 7, 8, 9, 10, 11, 12, 13, 14, 15, 16, 17, 18, 19, 20, 21, 22, 23, 24, 25, 26, 27, 28, 29, 30, 31, 32, 33, 34, 35, 36, 37]",50,42,10.0,0.95,0.01,41,0.8634146341463418,0.4,1.0,8,192,,0.6024501323699951,3,,0.2,1.0,0.2,1.0,,,,,ok,4240.426796194697,
150,25,150c_cap25,case_3_hybrid,no_clustering,related_regret,shaw_related_removal,regret_2_insertion,results/lns_operator_related_regret/case3_no_cluster,run_2026_07_13_190507,1,lns_sa_metrics_best.json,2340.1576192604707,2249.404393401149,2940.1576192604707,2849.404393401149,2249.404393401149,600.0,90.7532258593219,3.0866789339732335,90.7532258593219,3.8780817630566893,90.7532258593219,3.0866789339732335,16,"[2, 3, 4, 5, 6, 7, 8, 9, 10, 11, 12, 13, 14, 15, 16, 17, 18, 19, 20, 21, 22, 23, 24, 25, 26, 27, 28, 29, 30, 31, 32, 33, 34, 35, 36, 37]",50,42,10.0,0.95,0.01,24,0.8849999999999999,0.24,1.0,35,165,,0.6803200244903564,3,,0.2,1.0,0.2,1.0,,,,,ok,2849.404393401149,
150,35,150c_cap35,case_3_hybrid,no_clustering,related_regret,shaw_related_removal,regret_2_insertion,results/lns_operator_related_regret/case3_no_cluster,run_2026_07_13_190541,1,lns_sa_metrics_best.json,1900.844730990529,1815.032572697627,2380.8447309905287,2295.032572697627,1815.032572697627,480.0,85.81215829290159,3.604273608266769,85.81215829290181,4.514422293092038,85.81215829290159,3.604273608266769,23,"[2, 3, 4, 5, 6, 7, 8, 9, 10, 11, 12, 13, 14, 15, 16, 17, 18, 19, 20, 21, 22, 23, 24, 25, 26, 27, 28, 29, 30, 31, 32, 33, 34, 35, 36, 37]",50,42,10.0,0.95,0.01,18,0.842857142857143,0.3142857142857143,1.0,24,176,,1.1891639232635498,3,,0.2,1.0,0.2,1.0,,,,,ok,2295.032572697627,
200,15,200c_cap15,case_3_hybrid,no_clustering,related_regret,shaw_related_removal,regret_2_insertion,results/lns_operator_related_regret/case3_no_cluster,run_2026_07_13_190620,1,lns_sa_metrics_best.json,5727.450203775925,5615.378361960127,7567.450203775925,7455.378361960127,5615.378361960127,1840.0,112.0718418157976,1.4809723063638687,112.0718418157976,1.9567493007955306,112.0718418157976,1.4809723063638687,15,"[2, 3, 4, 5, 6, 7, 8, 9, 10, 11, 12, 13, 14, 15, 16, 17, 18, 19, 20, 21, 22, 23, 24, 25, 26, 27, 28, 29, 30, 31, 32, 33, 34, 35, 36, 37, 38, 39, 40, 41, 42, 43, 44, 45, 46, 47, 48, 49, 50, 51, 52]",50,42,10.0,0.95,0.01,54,0.8654320987654321,0.3333333333333333,1.0,18,182,,0.7311627864837646,3,,0.2,1.0,0.2,1.0,,,,,ok,7455.378361960127,
200,25,200c_cap25,case_3_hybrid,no_clustering,related_regret,shaw_related_removal,regret_2_insertion,results/lns_operator_related_regret/case3_no_cluster,run_2026_07_13_190757,1,lns_sa_metrics_best.json,3835.780200182673,3733.945721877033,4955.780200182673,4853.945721877033,3733.945721877033,1120.0,101.83447830564,2.0548626894688815,101.83447830564,2.6548569780090707,101.83447830564,2.0548626894688815,17,"[2, 3, 4, 5, 6, 7, 8, 9, 10, 11, 12, 13, 14, 15, 16, 17, 18, 19, 20, 21, 22, 23, 24, 25, 26, 27, 28, 29, 30, 31, 32, 33, 34, 35, 36, 37, 38, 39, 40, 41, 42, 43, 44, 45, 46, 47, 48, 49, 50, 51, 52]",50,42,10.0,0.95,0.01,31,0.9045161290322581,0.6,1.0,31,169,,0.9896388053894043,3,,0.2,1.0,0.2,1.0,,,,,ok,4853.945721877033,
200,35,200c_cap35,case_3_hybrid,no_clustering,related_regret,shaw_related_removal,regret_2_insertion,results/lns_operator_related_regret/case3_no_cluster,run_2026_07_13_190956,1,lns_sa_metrics_best.json,3068.150105240352,2890.236856103774,3948.150105240352,3770.236856103774,2890.236856103774,880.0,177.9132491365781,4.506243288481739,177.9132491365781,5.798713981845447,177.9132491365781,4.506243288481739,38,"[2, 3, 4, 5, 6, 7, 8, 9, 10, 11, 12, 13, 14, 15, 16, 17, 18, 19, 20, 21, 22, 23, 24, 25, 26, 27, 28, 29, 30, 31, 32, 33, 34, 35, 36, 37, 38, 39, 40, 41, 42, 43, 44, 45, 46, 47, 48, 49, 50, 51, 52]",50,42,10.0,0.95,0.01,22,0.9103896103896105,0.5714285714285714,1.0,16,184,,4.130650758743286,3,,0.2,1.0,0.2,1.0,,,,,ok,3770.236856103774,
20,15,20c_cap15,case_3_hybrid,sweep,related_regret,shaw_related_removal,regret_2_insertion,results/lns_operator_related_regret/case3_sweep,run_2026_07_12_164146,1,lns_sa_metrics_best.json,90.7811383504322,84.21746207443732,114.7811383504322,108.21746207443732,84.21746207443732,24.0,6.5636762759948795,5.7184275834202545,6.5636762759948795,7.23022028062466,6.5636762759948795,5.7184275834202545,4,"[2, 3, 4, 5]",50,42,10.0,0.95,0.01,7,0.6380952380952379,0.3333333333333333,1.0,188,12,,0.08639311790466309,3,,0.2,1.0,0.2,1.0,,,,,ok,108.21746207443732,
20,25,20c_cap25,case_3_hybrid,sweep,related_regret,shaw_related_removal,regret_2_insertion,results/lns_operator_related_regret/case3_sweep,run_2026_07_12_164147,1,lns_sa_metrics_best.json,73.43109878717637,67.06293349289469,97.43109878717637,91.06293349289469,67.06293349289469,24.0,6.368165294281681,6.536070488327329,6.368165294281681,8.672300155467353,6.368165294281681,6.536070488327329,4,"[2, 3, 4, 5]",50,42,10.0,0.95,0.01,5,0.5360000000000001,0.08,1.0,198,2,,0.08392715454101562,3,,0.2,1.0,0.2,1.0,,,,,ok,91.06293349289469,
20,35,20c_cap35,case_3_hybrid,sweep,related_regret,shaw_related_removal,regret_2_insertion,results/lns_operator_related_regret/case3_sweep,run_2026_07_12_164147,1,lns_sa_metrics_best.json,73.43109878717637,62.77406702661598,97.43109878717637,86.77406702661598,62.77406702661598,24.0,10.657031760560386,10.938018654432991,10.657031760560386,14.512967852282058,10.657031760560386,10.938018654432991,3,"[2, 3, 4, 5]",50,42,10.0,0.95,0.01,4,0.47857142857142854,0.14285714285714285,0.7714285714285715,200,0,,0.07771992683410645,3,,0.2,1.0,0.2,1.0,,,,,ok,86.77406702661598,
40,15,40c_cap15,case_3_hybrid,sweep,related_regret,shaw_related_removal,regret_2_insertion,results/lns_operator_related_regret/case3_sweep,run_2026_07_12_164147,1,lns_sa_metrics_best.json,322.0540449853214,291.2632582434045,418.0540449853214,387.2632582434045,291.2632582434045,96.0,30.790786741916918,7.365264637733151,30.790786741916918,9.560751439504603,30.790786741916918,7.365264637733151,7,"[2, 3, 4, 5, 6, 7, 8, 9, 10]",50,42,10.0,0.95,0.01,12,0.7777777777777777,0.4,1.0,146,54,,0.12530803680419922,3,,0.2,1.0,0.2,1.0,,,,,ok,387.2632582434045,
40,25,40c_cap25,case_3_hybrid,sweep,related_regret,shaw_related_removal,regret_2_insertion,results/lns_operator_related_regret/case3_sweep,run_2026_07_12_164149,2,lns_sa_metrics_best.json,216.64980673822936,209.64276253464357,264.64980673822936,257.64276253464357,209.64276253464357,48.0,7.007044203585792,2.6476664728935946,7.007044203585792,3.234272076712336,7.007044203585792,2.6476664728935946,8,"[2, 3, 4, 5, 6, 7, 8, 9, 10]",50,42,10.0,0.95,0.01,7,0.8,0.52,0.96,164,36,,0.13384509086608887,3,,0.2,1.0,0.2,1.0,,,,,ok,257.64276253464357,
40,35,40c_cap35,case_3_hybrid,sweep,related_regret,shaw_related_removal,regret_2_insertion,results/lns_operator_related_regret/case3_sweep,run_2026_07_12_164150,1,lns_sa_metrics_best.json,201.53998274758732,184.8060457177843,249.53998274758732,232.8060457177843,184.8060457177843,48.0,16.73393702980303,6.705914156742413,16.73393702980303,8.303035855054599,16.73393702980303,6.705914156742413,7,"[2, 3, 4, 5, 6, 7, 8, 9, 10]",50,42,10.0,0.95,0.01,6,0.6666666666666666,0.17142857142857143,1.0,193,7,,0.1384420394897461,3,,0.2,1.0,0.2,1.0,,,,,ok,232.8060457177843,
60,15,60c_cap15,case_3_hybrid,sweep,related_regret,shaw_related_removal,regret_2_insertion,results/lns_operator_related_regret/case3_sweep,run_2026_07_12_164151,1,lns_sa_metrics_best.json,675.2666631002465,634.6982804773054,867.2666631002465,826.6982804773054,634.6982804773054,192.0,40.56838262294116,4.677728817330535,40.56838262294116,6.007757355692027,40.56838262294116,4.677728817330535,12,"[2, 3, 4, 5, 6, 7, 8, 9, 10, 11, 12, 13, 14]",50,42,10.0,0.95,0.01,18,0.8222222222222221,0.7333333333333333,1.0,47,153,,0.20411419868469238,3,,0.2,1.0,0.2,1.0,,,,,ok,826.6982804773054,
60,25,60c_cap25,case_3_hybrid,sweep,related_regret,shaw_related_removal,regret_2_insertion,results/lns_operator_related_regret/case3_sweep,run_2026_07_12_164154,1,lns_sa_metrics_best.json,496.33892142505834,451.8356013599114,616.3389214250583,571.8356013599114,451.8356013599114,120.0,44.50332006514691,7.220592196619559,44.503320065146966,8.966316793648122,44.50332006514691,7.220592196619559,13,"[2, 3, 4, 5, 6, 7, 8, 9, 10, 11, 12, 13, 14]",50,42,10.0,0.95,0.01,11,0.8072727272727274,0.48,1.0,63,137,,0.24637079238891602,3,,0.2,1.0,0.2,1.0,,,,,ok,571.8356013599114,
60,35,60c_cap35,case_3_hybrid,sweep,related_regret,shaw_related_removal,regret_2_insertion,results/lns_operator_related_regret/case3_sweep,run_2026_07_12_164157,1,lns_sa_metrics_best.json,407.6220534739992,387.6886820580697,479.6220534739992,459.6886820580697,387.6886820580697,72.0,19.933371415929514,4.15605814443854,19.933371415929514,4.890160197674633,19.933371415929514,4.15605814443854,6,"[2, 3, 4, 5, 6, 7, 8, 9, 10, 11, 12, 13, 14]",50,42,10.0,0.95,0.01,9,0.7047619047619048,0.14285714285714285,1.0,120,80,,0.14784789085388184,3,,0.2,1.0,0.2,1.0,,,,,ok,459.6886820580697,
80,15,80c_cap15,case_3_hybrid,sweep,related_regret,shaw_related_removal,regret_2_insertion,results/lns_operator_related_regret/case3_sweep,run_2026_07_12_164159,1,lns_sa_metrics_best.json,1049.585948333372,1021.8900062301635,1337.585948333372,1309.8900062301636,1021.8900062301635,288.0,27.69594210320838,2.070591586112088,27.695942103208495,2.6387493227388026,27.69594210320838,2.070591586112088,10,"[2, 3, 4, 5, 6, 7, 8, 9, 10, 11, 12, 13, 14, 15, 16, 17, 18, 19, 20]",50,42,10.0,0.95,0.01,24,0.7805555555555556,0.3333333333333333,1.0,40,160,,0.25042295455932617,3,,0.2,1.0,0.2,1.0,,,,,ok,1309.8900062301636,
80,25,80c_cap25,case_3_hybrid,sweep,related_regret,shaw_related_removal,regret_2_insertion,results/lns_operator_related_regret/case3_sweep,run_2026_07_12_164204,1,lns_sa_metrics_best.json,738.7267073726305,713.9947944591928,930.7267073726305,905.9947944591928,713.9947944591928,192.0,24.731912913437668,2.657269069161446,24.731912913437668,3.3479110294251666,24.731912913437668,2.657269069161446,9,"[2, 3, 4, 5, 6, 7, 8, 9, 10, 11, 12, 13, 14, 15, 16, 17, 18, 19, 20]",50,42,10.0,0.95,0.01,13,0.8646153846153847,0.44,1.0,67,133,,0.20897984504699707,3,,0.2,1.0,0.2,1.0,,,,,ok,905.9947944591928,
80,35,80c_cap35,case_3_hybrid,sweep,related_regret,shaw_related_removal,regret_2_insertion,results/lns_operator_related_regret/case3_sweep,run_2026_07_12_164209,1,lns_sa_metrics_best.json,645.5221529097106,593.2387460111877,805.5221529097106,753.2387460111877,593.2387460111877,160.0,52.28340689852291,6.490623095797497,52.28340689852291,8.09939777633562,52.28340689852291,6.490623095797497,10,"[2, 3, 4, 5, 6, 7, 8, 9, 10, 11, 12, 13, 14, 15, 16, 17, 18, 19, 20]",50,42,10.0,0.95,0.01,10,0.802857142857143,0.3142857142857143,0.9714285714285714,116,84,,0.25850796699523926,3,,0.2,1.0,0.2,1.0,,,,,ok,753.2387460111877,
100,15,100c_cap15,case_3_hybrid,sweep,related_regret,shaw_related_removal,regret_2_insertion,results/lns_operator_related_regret/case3_sweep,run_2026_07_13_184719,1,lns_sa_metrics_best.json,1559.309487256861,1499.8969879123354,1999.309487256861,1939.8969879123354,1499.8969879123354,440.0,59.41249934452571,2.971650948650388,59.41249934452571,3.810180072016636,59.41249934452571,2.971650948650388,9,"[2, 3, 4, 5, 6, 7, 8, 9, 10, 11, 12, 13, 14, 15, 16, 17, 18, 19, 20, 21, 22, 23, 24, 25]",50,42,10.0,0.95,0.01,28,0.8238095238095238,0.3333333333333333,1.0,43,157,,0.23218202590942383,3,,0.2,1.0,0.2,1.0,,,,,ok,1939.8969879123354,
100,25,100c_cap25,case_3_hybrid,sweep,related_regret,shaw_related_removal,regret_2_insertion,results/lns_operator_related_regret/case3_sweep,run_2026_07_13_184729,1,lns_sa_metrics_best.json,1136.469985691432,1073.9704874883666,1456.469985691432,1393.9704874883666,1073.9704874883666,320.0,62.499498203065286,4.291162798895222,62.499498203065286,5.499441163423282,62.499498203065286,4.291162798895222,6,"[2, 3, 4, 5, 6, 7, 8, 9, 10, 11, 12, 13, 14, 15, 16, 17, 18, 19, 20, 21, 22, 23, 24, 25]",50,42,10.0,0.95,0.01,17,0.8141176470588236,0.2,1.0,157,43,,0.18125486373901367,3,,0.2,1.0,0.2,1.0,,,,,ok,1393.9704874883666,
100,35,100c_cap35,case_3_hybrid,sweep,related_regret,shaw_related_removal,regret_2_insertion,results/lns_operator_related_regret/case3_sweep,run_2026_07_13_184739,1,lns_sa_metrics_best.json,952.5407880911066,883.3629850021587,1192.5407880911066,1123.3629850021587,883.3629850021587,240.0,69.17780308894794,5.800875222027455,69.17780308894794,7.262450485462189,69.17780308894794,5.800875222027455,17,"[2, 3, 4, 5, 6, 7, 8, 9, 10, 11, 12, 13, 14, 15, 16, 17, 18, 19, 20, 21, 22, 23, 24, 25]",50,42,10.0,0.95,0.01,13,0.7604395604395606,0.2857142857142857,1.0,71,129,,0.557136058807373,3,,0.2,1.0,0.2,1.0,,,,,ok,1123.3629850021587,
150,15,150c_cap15,case_3_hybrid,sweep,related_regret,shaw_related_removal,regret_2_insertion,results/lns_operator_related_regret/case3_sweep,run_2026_07_13_184751,1,lns_sa_metrics_best.json,3435.5814609849253,3327.0762824352523,4395.581460984926,4287.076282435252,3327.0762824352523,960.0,108.50517854967347,2.4685056917443755,108.50517854967302,3.158276984023728,108.50517854967347,2.4685056917443755,10,"[2, 3, 4, 5, 6, 7, 8, 9, 10, 11, 12, 13, 14, 15, 16, 17, 18, 19, 20, 21, 22, 23, 24, 25, 26, 27, 28, 29, 30, 31, 32, 33, 34, 35, 36, 37]",50,42,10.0,0.95,0.01,41,0.8634146341463418,0.4,1.0,32,168,,0.3713510036468506,3,,0.2,1.0,0.2,1.0,,,,,ok,4287.076282435252,
150,25,150c_cap25,case_3_hybrid,sweep,related_regret,shaw_related_removal,regret_2_insertion,results/lns_operator_related_regret/case3_sweep,run_2026_07_13_184822,1,lns_sa_metrics_best.json,2366.760677206669,2230.2549552947085,2966.760677206669,2830.2549552947085,2230.2549552947085,600.0,136.50572191196034,4.601170662693503,136.50572191196034,5.767618298993755,136.50572191196034,4.601170662693503,13,"[2, 3, 4, 5, 6, 7, 8, 9, 10, 11, 12, 13, 14, 15, 16, 17, 18, 19, 20, 21, 22, 23, 24, 25, 26, 27, 28, 29, 30, 31, 32, 33, 34, 35, 36, 37]",50,42,10.0,0.95,0.01,25,0.8496000000000001,0.2,1.0,49,151,,0.5662121772766113,3,,0.2,1.0,0.2,1.0,,,,,ok,2830.2549552947085,
150,35,150c_cap35,case_3_hybrid,sweep,related_regret,shaw_related_removal,regret_2_insertion,results/lns_operator_related_regret/case3_sweep,run_2026_07_13_184900,1,lns_sa_metrics_best.json,1901.4403643340665,1824.3524278846078,2381.4403643340665,2304.352427884608,1824.3524278846078,480.0,77.08793644945854,3.2370298918241023,77.08793644945877,4.054186389193276,77.08793644945854,3.2370298918241023,10,"[2, 3, 4, 5, 6, 7, 8, 9, 10, 11, 12, 13, 14, 15, 16, 17, 18, 19, 20, 21, 22, 23, 24, 25, 26, 27, 28, 29, 30, 31, 32, 33, 34, 35, 36, 37]",50,42,10.0,0.95,0.01,18,0.842857142857143,0.3142857142857143,1.0,61,139,,0.4592111110687256,3,,0.2,1.0,0.2,1.0,,,,,ok,2304.352427884608,
200,15,200c_cap15,case_3_hybrid,sweep,related_regret,shaw_related_removal,regret_2_insertion,results/lns_operator_related_regret/case3_sweep,run_2026_07_13_184941,1,lns_sa_metrics_best.json,6052.847461556266,5682.975809765803,7892.847461556266,7522.975809765803,5682.975809765803,1840.0,369.87165179046315,4.6861624222690095,369.87165179046315,6.110704988679234,369.87165179046315,4.6861624222690095,23,"[2, 3, 4, 5, 6, 7, 8, 9, 10, 11, 12, 13, 14, 15, 16, 17, 18, 19, 20, 21, 22, 23, 24, 25, 26, 27, 28, 29, 30, 31, 32, 33, 34, 35, 36, 37, 38, 39, 40, 41, 42, 43, 44, 45, 46, 47, 48, 49, 50, 51, 52]",50,42,10.0,0.95,0.01,53,0.8817610062893081,0.6666666666666666,1.0,19,181,,1.3809788227081299,3,,0.2,1.0,0.2,1.0,,,,,ok,7522.975809765803,
200,25,200c_cap25,case_3_hybrid,sweep,related_regret,shaw_related_removal,regret_2_insertion,results/lns_operator_related_regret/case3_sweep,run_2026_07_13_185125,1,lns_sa_metrics_best.json,3940.603472208074,3701.931927035354,5060.603472208074,4821.9319270353535,3701.931927035354,1120.0,238.67154517272047,4.716266478562522,238.67154517272002,6.056725749139713,238.67154517272047,4.716266478562522,5,"[2, 3, 4, 5, 6, 7, 8, 9, 10, 11, 12, 13, 14, 15, 16, 17, 18, 19, 20, 21, 22, 23, 24, 25, 26, 27, 28, 29, 30, 31, 32, 33, 34, 35, 36, 37, 38, 39, 40, 41, 42, 43, 44, 45, 46, 47, 48, 49, 50, 51, 52]",50,42,10.0,0.95,0.01,31,0.904516129032258,0.8,1.0,126,74,,0.23605799674987793,3,,0.2,1.0,0.2,1.0,,,,,ok,4821.9319270353535,
200,35,200c_cap35,case_3_hybrid,sweep,related_regret,shaw_related_removal,regret_2_insertion,results/lns_operator_related_regret/case3_sweep,run_2026_07_13_185320,1,lns_sa_metrics_best.json,3143.78267907474,2957.20059037321,4023.78267907474,3837.20059037321,2957.20059037321,880.0,186.58208870152976,4.636982252342562,186.58208870152976,5.934955044553001,186.58208870152976,4.636982252342562,6,"[2, 3, 4, 5, 6, 7, 8, 9, 10, 11, 12, 13, 14, 15, 16, 17, 18, 19, 20, 21, 22, 23, 24, 25, 26, 27, 28, 29, 30, 31, 32, 33, 34, 35, 36, 37, 38, 39, 40, 41, 42, 43, 44, 45, 46, 47, 48, 49, 50, 51, 52]",50,42,10.0,0.95,0.01,24,0.8345238095238098,0.3142857142857143,1.0,125,75,,0.28493499755859375,3,,0.2,1.0,0.2,1.0,,,,,ok,3837.20059037321,
20,15,20c_cap15,case_2_supplier_customer_direct,kmeans,worst_greedy,worst_removal,greedy_insertion,results/lns_operator_worst_greedy/case2_kmeans,run_2026_07_11_222753,2,lns_sa_metrics_best.json,65.63297277702314,64.00408170216987,65.63297277702314,64.00408170216987,64.00408170216987,,1.6288910748532714,2.4818182171743945,,,,,3,"[2, 3, 4]",50,42,10.0,0.95,0.01,6,0.7444444444444445,0.26666666666666666,1.0,142,8,,0.0736079216003418,3,0.2,,,,,,,,,not_applicable,64.00408170216987,
20,25,20c_cap25,case_2_supplier_customer_direct,kmeans,worst_greedy,worst_removal,greedy_insertion,results/lns_operator_worst_greedy/case2_kmeans,run_2026_07_11_222753,2,lns_sa_metrics_best.json,50.129832412654935,48.50094133780166,50.129832412654935,48.50094133780166,48.50094133780166,,1.6288910748532714,3.2493447443524044,,,,,3,"[2, 3, 4]",50,42,10.0,0.95,0.01,5,0.536,0.16,1.0,147,3,,0.07201623916625977,3,0.2,,,,,,,,,not_applicable,48.50094133780166,
20,35,20c_cap35,case_2_supplier_customer_direct,kmeans,worst_greedy,worst_removal,greedy_insertion,results/lns_operator_worst_greedy/case2_kmeans,run_2026_07_11_222753,2,lns_sa_metrics_best.json,45.72156005665569,44.09266898180241,45.72156005665569,44.09266898180241,44.09266898180241,,1.6288910748532786,3.5626323179586277,,,,,3,"[2, 3, 4]",50,42,10.0,0.95,0.01,4,0.4785714285714286,0.11428571428571428,0.8571428571428571,150,0,,0.06994819641113281,3,0.2,,,,,,,,,not_applicable,44.09266898180241,
40,15,40c_cap15,case_2_supplier_customer_direct,kmeans,worst_greedy,worst_removal,greedy_insertion,results/lns_operator_worst_greedy/case2_kmeans,run_2026_07_11_222754,2,lns_sa_metrics_best.json,233.6240619252252,232.2342048996545,233.6240619252252,232.2342048996545,232.2342048996545,,1.3898570255707057,0.5949117629910697,,,,,4,"[2, 3, 4, 5]",50,42,10.0,0.95,0.01,10,0.9333333333333333,0.8,1.0,93,57,,0.08944201469421387,3,0.2,,,,,,,,,not_applicable,232.2342048996545,
40,25,40c_cap25,case_2_supplier_customer_direct,kmeans,worst_greedy,worst_removal,greedy_insertion,results/lns_operator_worst_greedy/case2_kmeans,run_2026_07_11_222754,4,lns_sa_metrics_best.json,192.33005162510995,184.74771870752858,192.33005162510995,184.74771870752858,184.74771870752858,,7.582332917581368,3.942354745664429,,,,,5,"[2, 3, 4, 5]",50,42,10.0,0.95,0.01,7,0.8,0.28,1.0,94,56,,0.09012031555175781,3,0.2,,,,,,,,,not_applicable,184.74771870752858,
40,35,40c_cap35,case_2_supplier_customer_direct,kmeans,worst_greedy,worst_removal,greedy_insertion,results/lns_operator_worst_greedy/case2_kmeans,run_2026_07_11_222754,2,lns_sa_metrics_best.json,145.59337216574968,145.5933721657497,145.59337216574968,145.5933721657497,145.5933721657497,,-2.842170943040401e-14,-1.9521293454242905e-14,,,,,2,"[2, 3, 4, 5]",50,42,10.0,0.95,0.01,6,0.6666666666666666,0.22857142857142856,1.0,148,2,,0.08412384986877441,3,0.2,,,,,,,,,not_applicable,145.5933721657497,
60,15,60c_cap15,case_2_supplier_customer_direct,kmeans,worst_greedy,worst_removal,greedy_insertion,results/lns_operator_worst_greedy/case2_kmeans,run_2026_07_11_222755,2,lns_sa_metrics_best.json,562.5058941860796,547.986318743376,562.5058941860796,547.986318743376,547.986318743376,,14.519575442703513,2.5812308089167098,,,,,8,"[2, 3, 4, 5, 6, 7, 8]",50,42,10.0,0.95,0.01,17,0.8705882352941176,0.26666666666666666,1.0,26,124,,0.10712695121765137,3,0.2,,,,,,,,,not_applicable,547.986318743376,
60,25,60c_cap25,case_2_supplier_customer_direct,kmeans,worst_greedy,worst_removal,greedy_insertion,results/lns_operator_worst_greedy/case2_kmeans,run_2026_07_11_222756,2,lns_sa_metrics_best.json,379.97834577997935,375.05874710547766,379.97834577997935,375.05874710547766,375.05874710547766,,4.919598674501685,1.2947050086244398,,,,,2,"[2, 3, 4, 5, 6, 7, 8]",50,42,10.0,0.95,0.01,11,0.8072727272727271,0.08,1.0,142,8,,0.0862269401550293,3,0.2,,,,,,,,,not_applicable,375.05874710547766,
60,35,60c_cap35,case_2_supplier_customer_direct,kmeans,worst_greedy,worst_removal,greedy_insertion,results/lns_operator_worst_greedy/case2_kmeans,run_2026_07_11_222756,2,lns_sa_metrics_best.json,325.4872658221094,319.7391160237388,325.4872658221094,319.7391160237388,319.7391160237388,,5.748149798370605,1.766013728325758,,,,,2,"[2, 3, 4, 5, 6, 7, 8]",50,42,10.0,0.95,0.01,9,0.7047619047619047,0.08571428571428572,1.0,131,19,,0.08735513687133789,3,0.2,,,,,,,,,not_applicable,319.7391160237388,
80,15,80c_cap15,case_2_supplier_customer_direct,kmeans,worst_greedy,worst_removal,greedy_insertion,results/lns_operator_worst_greedy/case2_kmeans,run_2026_07_11_222757,2,lns_sa_metrics_best.json,889.1231593454308,884.8915183135455,889.1231593454308,884.8915183135455,884.8915183135455,,4.231641031885374,0.4759341816043452,,,,,3,"[2, 3, 4, 5, 6, 7, 8, 9, 10, 11, 12]",50,42,10.0,0.95,0.01,20,0.9366666666666668,0.4,1.0,100,50,,0.10382890701293945,3,0.2,,,,,,,,,not_applicable,884.8915183135455,
80,25,80c_cap25,case_2_supplier_customer_direct,kmeans,worst_greedy,worst_removal,greedy_insertion,results/lns_operator_worst_greedy/case2_kmeans,run_2026_07_11_222759,2,lns_sa_metrics_best.json,629.4745790143811,613.4810478710715,629.4745790143811,613.4810478710715,613.4810478710715,,15.99353114330961,2.5407747471473696,,,,,8,"[2, 3, 4, 5, 6, 7, 8, 9, 10, 11, 12]",50,42,10.0,0.95,0.01,13,0.8646153846153847,0.6,1.0,46,104,,0.12529516220092773,3,0.2,,,,,,,,,not_applicable,613.4810478710715,
80,35,80c_cap35,case_2_supplier_customer_direct,kmeans,worst_greedy,worst_removal,greedy_insertion,results/lns_operator_worst_greedy/case2_kmeans,run_2026_07_11_222800,2,lns_sa_metrics_best.json,511.49035579173557,495.08504192557234,511.49035579173557,495.08504192557234,495.08504192557234,,16.405313866163226,3.2073554624054355,,,,,4,"[2, 3, 4, 5, 6, 7, 8, 9, 10, 11, 12]",50,42,10.0,0.95,0.01,10,0.8028571428571428,0.05714285714285714,1.0,128,22,,0.10700297355651855,3,0.2,,,,,,,,,not_applicable,495.08504192557234,
20,15,20c_cap15,case_2_supplier_customer_direct,no_clustering,worst_greedy,worst_removal,greedy_insertion,results/lns_operator_worst_greedy/case2_no_cluster,run_2026_07_11_223921,1,lns_sa_metrics_best.json,63.40611899389782,63.40611899389783,63.40611899389782,63.40611899389783,63.40611899389783,,-7.105427357601002e-15,-1.1206217113343312e-14,,,,,2,"[2, 3, 4]",50,42,10.0,0.95,0.01,5,0.8933333333333333,0.6666666666666666,1.0,150,0,,0.08518195152282715,3,0.2,,,,,,,,,not_applicable,63.40611899389783,
20,25,20c_cap25,case_2_supplier_customer_direct,no_clustering,worst_greedy,worst_removal,greedy_insertion,results/lns_operator_worst_greedy/case2_no_cluster,run_2026_07_11_223921,1,lns_sa_metrics_best.json,45.338338299968726,45.338338299968726,45.338338299968726,45.338338299968726,45.338338299968726,,0.0,0.0,,,,,2,"[2, 3, 4]",50,42,10.0,0.95,0.01,4,0.67,0.2,1.0,144,6,,0.07113075256347656,3,0.2,,,,,,,,,not_applicable,45.338338299968726,
20,35,20c_cap35,case_2_supplier_customer_direct,no_clustering,worst_greedy,worst_removal,greedy_insertion,results/lns_operator_worst_greedy/case2_no_cluster,run_2026_07_11_223922,1,lns_sa_metrics_best.json,40.93006594396948,40.93006594396948,40.93006594396948,40.93006594396948,40.93006594396948,,0.0,0.0,,,,,2,"[2, 3, 4]",50,42,10.0,0.95,0.01,3,0.6380952380952382,0.42857142857142855,0.8571428571428571,150,0,,0.0777590274810791,3,0.2,,,,,,,,,not_applicable,40.93006594396948,
40,15,40c_cap15,case_2_supplier_customer_direct,no_clustering,worst_greedy,worst_removal,greedy_insertion,results/lns_operator_worst_greedy/case2_no_cluster,run_2026_07_11_223922,1,lns_sa_metrics_best.json,250.37669562521955,241.8098727242758,250.37669562521955,241.8098727242758,241.8098727242758,,8.566822900943748,3.4215735931618556,,,,,5,"[2, 3, 4, 5]",50,42,10.0,0.95,0.01,10,0.9333333333333332,0.7333333333333333,1.0,80,70,,0.09272980690002441,3,0.2,,,,,,,,,not_applicable,241.8098727242758,
40,25,40c_cap25,case_2_supplier_customer_direct,no_clustering,worst_greedy,worst_removal,greedy_insertion,results/lns_operator_worst_greedy/case2_no_cluster,run_2026_07_11_223922,2,lns_sa_metrics_best.json,181.2188538338204,180.30724918211544,181.2188538338204,180.30724918211544,180.30724918211544,,0.9116046517049483,0.5030407335767058,,,,,3,"[2, 3, 4, 5]",50,42,10.0,0.95,0.01,7,0.7999999999999999,0.48,1.0,107,43,,0.10002923011779785,3,0.2,,,,,,,,,not_applicable,180.30724918211544,
40,35,40c_cap35,case_2_supplier_customer_direct,no_clustering,worst_greedy,worst_removal,greedy_insertion,results/lns_operator_worst_greedy/case2_no_cluster,run_2026_07_11_223923,1,lns_sa_metrics_best.json,150.0389587916166,148.92121565641466,150.0389587916166,148.92121565641466,148.92121565641466,,1.1177431352019482,0.7449686029575419,,,,,5,"[2, 3, 4, 5]",50,42,10.0,0.95,0.01,6,0.6666666666666666,0.2,1.0,76,74,,0.08959627151489258,3,0.2,,,,,,,,,not_applicable,148.92121565641466,
60,15,60c_cap15,case_2_supplier_customer_direct,no_clustering,worst_greedy,worst_removal,greedy_insertion,results/lns_operator_worst_greedy/case2_no_cluster,run_2026_07_11_223923,1,lns_sa_metrics_best.json,548.9089866556761,535.5373966187557,548.9089866556761,535.5373966187557,535.5373966187557,,13.371590036920452,2.436030446210983,,,,,3,"[2, 3, 4, 5, 6, 7, 8]",50,42,10.0,0.95,0.01,17,0.8705882352941177,0.13333333333333333,1.0,96,54,,0.10846209526062012,3,0.2,,,,,,,,,not_applicable,535.5373966187557,
60,25,60c_cap25,case_2_supplier_customer_direct,no_clustering,worst_greedy,worst_removal,greedy_insertion,results/lns_operator_worst_greedy/case2_no_cluster,run_2026_07_11_223924,1,lns_sa_metrics_best.json,405.33739929276,375.32997597771276,405.33739929276,375.32997597771276,375.32997597771276,,30.00742331504722,7.403072938101619,,,,,6,"[2, 3, 4, 5, 6, 7, 8]",50,42,10.0,0.95,0.01,11,0.8072727272727271,0.08,1.0,36,114,,0.09917688369750977,3,0.2,,,,,,,,,not_applicable,375.32997597771276,
60,35,60c_cap35,case_2_supplier_customer_direct,no_clustering,worst_greedy,worst_removal,greedy_insertion,results/lns_operator_worst_greedy/case2_no_cluster,run_2026_07_11_223925,1,lns_sa_metrics_best.json,315.3241956473402,308.5005157043731,315.3241956473402,308.5005157043731,308.5005157043731,,6.823679942967146,2.1640204073013085,,,,,2,"[2, 3, 4, 5, 6, 7, 8]",50,42,10.0,0.95,0.01,8,0.7928571428571429,0.2857142857142857,1.0,126,24,,0.08952116966247559,3,0.2,,,,,,,,,not_applicable,308.5005157043731,
80,15,80c_cap15,case_2_supplier_customer_direct,no_clustering,worst_greedy,worst_removal,greedy_insertion,results/lns_operator_worst_greedy/case2_no_cluster,run_2026_07_11_223926,1,lns_sa_metrics_best.json,877.0411745206105,868.2554887346167,877.0411745206105,868.2554887346167,868.2554887346167,,8.785685785993792,1.0017415420428848,,,,,9,"[2, 3, 4, 5, 6, 7, 8, 9, 10, 11, 12]",50,42,10.0,0.95,0.01,20,0.9366666666666668,0.26666666666666666,1.0,14,136,,0.12803101539611816,3,0.2,,,,,,,,,not_applicable,868.2554887346167,
80,25,80c_cap25,case_2_supplier_customer_direct,no_clustering,worst_greedy,worst_removal,greedy_insertion,results/lns_operator_worst_greedy/case2_no_cluster,run_2026_07_11_223927,1,lns_sa_metrics_best.json,635.4341214833732,625.4374798962683,635.4341214833732,625.4374798962683,625.4374798962683,,9.996641587104932,1.5731987391184663,,,,,12,"[2, 3, 4, 5, 6, 7, 8, 9, 10, 11, 12]",50,42,10.0,0.95,0.01,13,0.8646153846153845,0.6,1.0,15,135,,0.13921213150024414,3,0.2,,,,,,,,,not_applicable,625.4374798962683,
80,35,80c_cap35,case_2_supplier_customer_direct,no_clustering,worst_greedy,worst_removal,greedy_insertion,results/lns_operator_worst_greedy/case2_no_cluster,run_2026_07_11_223928,1,lns_sa_metrics_best.json,510.91407848490496,494.6860486556235,510.91407848490496,494.6860486556235,494.6860486556235,,16.228029829281468,3.1762737635660843,,,,,10,"[2, 3, 4, 5, 6, 7, 8, 9, 10, 11, 12]",50,42,10.0,0.95,0.01,9,0.892063492063492,0.45714285714285713,1.0,49,101,,0.1317150592803955,3,0.2,,,,,,,,,not_applicable,494.6860486556235,
20,15,20c_cap15,case_2_supplier_customer_direct,sweep,worst_greedy,worst_removal,greedy_insertion,results/lns_operator_worst_greedy/case2_sweep,run_2026_07_11_193036,1,lns_sa_metrics_best.json,60.841478664336925,60.84147866433693,60.841478664336925,60.84147866433693,60.84147866433693,,-7.105427357601002e-15,-1.1678590845567246e-14,,,,,2,"[2, 3, 4]",50,42,10.0,0.95,0.01,5,0.8933333333333333,0.6666666666666666,1.0,150,0,,0.08838295936584473,3,0.2,,,,,,,,,not_applicable,60.84147866433693,
20,25,20c_cap25,case_2_supplier_customer_direct,sweep,worst_greedy,worst_removal,greedy_insertion,results/lns_operator_worst_greedy/case2_sweep,run_2026_07_11_193036,1,lns_sa_metrics_best.json,54.79575867334405,50.88551621231972,54.79575867334405,50.88551621231972,50.88551621231972,,3.9102424610243247,7.136031247116398,,,,,3,"[2, 3, 4]",50,42,10.0,0.95,0.01,4,0.67,0.4,0.88,150,0,,0.07137680053710938,3,0.2,,,,,,,,,not_applicable,50.88551621231972,
20,35,20c_cap35,case_2_supplier_customer_direct,sweep,worst_greedy,worst_removal,greedy_insertion,results/lns_operator_worst_greedy/case2_sweep,run_2026_07_11_193037,1,lns_sa_metrics_best.json,40.93006594396948,40.93006594396948,40.93006594396948,40.93006594396948,40.93006594396948,,0.0,0.0,,,,,2,"[2, 3, 4]",50,42,10.0,0.95,0.01,3,0.6380952380952382,0.42857142857142855,0.8571428571428571,150,0,,0.07315301895141602,3,0.2,,,,,,,,,not_applicable,40.93006594396948,
40,15,40c_cap15,case_2_supplier_customer_direct,sweep,worst_greedy,worst_removal,greedy_insertion,results/lns_operator_worst_greedy/case2_sweep,run_2026_07_11_193037,1,lns_sa_metrics_best.json,263.78637596551715,255.01807090965755,263.78637596551715,255.01807090965755,255.01807090965755,,8.7683050558596,3.324017407557779,,,,,4,"[2, 3, 4, 5]",50,42,10.0,0.95,0.01,10,0.9333333333333332,0.7333333333333333,1.0,105,45,,0.0952901840209961,3,0.2,,,,,,,,,not_applicable,255.01807090965755,
40,25,40c_cap25,case_2_supplier_customer_direct,sweep,worst_greedy,worst_removal,greedy_insertion,results/lns_operator_worst_greedy/case2_sweep,run_2026_07_11_193038,2,lns_sa_metrics_best.json,181.96909660488316,179.2715004920197,181.96909660488316,179.2715004920197,179.2715004920197,,2.697596112863465,1.4824473843055144,,,,,5,"[2, 3, 4, 5]",50,42,10.0,0.95,0.01,7,0.7999999999999999,0.28,1.0,84,66,,0.09179306030273438,3,0.2,,,,,,,,,not_applicable,179.2715004920197,
40,35,40c_cap35,case_2_supplier_customer_direct,sweep,worst_greedy,worst_removal,greedy_insertion,results/lns_operator_worst_greedy/case2_sweep,run_2026_07_11_193038,1,lns_sa_metrics_best.json,155.96515611108038,150.0940570353186,155.96515611108038,150.0940570353186,150.0940570353186,,5.8710990757617765,3.764365850780353,,,,,3,"[2, 3, 4, 5]",50,42,10.0,0.95,0.01,6,0.6666666666666666,0.17142857142857143,1.0,122,28,,0.08905601501464844,3,0.2,,,,,,,,,not_applicable,150.0940570353186,
60,15,60c_cap15,case_2_supplier_customer_direct,sweep,worst_greedy,worst_removal,greedy_insertion,results/lns_operator_worst_greedy/case2_sweep,run_2026_07_11_193038,1,lns_sa_metrics_best.json,560.368195578196,540.051374561409,560.368195578196,540.051374561409,540.051374561409,,20.316821016787003,3.625619936517598,,,,,5,"[2, 3, 4, 5, 6, 7, 8]",50,42,10.0,0.95,0.01,17,0.8705882352941176,0.26666666666666666,1.0,51,99,,0.10192108154296875,3,0.2,,,,,,,,,not_applicable,540.051374561409,
60,25,60c_cap25,case_2_supplier_customer_direct,sweep,worst_greedy,worst_removal,greedy_insertion,results/lns_operator_worst_greedy/case2_sweep,run_2026_07_11_193039,1,lns_sa_metrics_best.json,392.9086790418891,382.4148301900354,392.9086790418891,382.4148301900354,382.4148301900354,,10.493848851853727,2.6708111608639085,,,,,7,"[2, 3, 4, 5, 6, 7, 8]",50,42,10.0,0.95,0.01,11,0.8072727272727271,0.08,1.0,51,99,,0.11006808280944824,3,0.2,,,,,,,,,not_applicable,382.4148301900354,
60,35,60c_cap35,case_2_supplier_customer_direct,sweep,worst_greedy,worst_removal,greedy_insertion,results/lns_operator_worst_greedy/case2_sweep,run_2026_07_11_193040,1,lns_sa_metrics_best.json,325.1353058716005,310.1524205236676,325.1353058716005,310.1524205236676,310.1524205236676,,14.982885347932893,4.608200056209768,,,,,6,"[2, 3, 4, 5, 6, 7, 8]",50,42,10.0,0.95,0.01,8,0.7928571428571429,0.2857142857142857,1.0,72,78,,0.10416483879089355,3,0.2,,,,,,,,,not_applicable,310.1524205236676,
80,15,80c_cap15,case_2_supplier_customer_direct,sweep,worst_greedy,worst_removal,greedy_insertion,results/lns_operator_worst_greedy/case2_sweep,run_2026_07_11_193041,1,lns_sa_metrics_best.json,980.1147782629438,935.4099507112677,980.1147782629438,935.4099507112677,935.4099507112677,,44.70482755167609,4.561182888284411,,,,,6,"[2, 3, 4, 5, 6, 7, 8, 9, 10, 11, 12]",50,42,10.0,0.95,0.01,22,0.8515151515151516,0.3333333333333333,1.0,27,123,,0.12320518493652344,3,0.2,,,,,,,,,not_applicable,935.4099507112677,
80,25,80c_cap25,case_2_supplier_customer_direct,sweep,worst_greedy,worst_removal,greedy_insertion,results/lns_operator_worst_greedy/case2_sweep,run_2026_07_11_193042,1,lns_sa_metrics_best.json,650.9513970158838,632.1910818332085,650.9513970158838,632.1910818332085,632.1910818332085,,18.7603151826753,2.881984011199154,,,,,9,"[2, 3, 4, 5, 6, 7, 8, 9, 10, 11, 12]",50,42,10.0,0.95,0.01,13,0.8646153846153847,0.44,1.0,23,127,,0.1314229965209961,3,0.2,,,,,,,,,not_applicable,632.1910818332085,
80,35,80c_cap35,case_2_supplier_customer_direct,sweep,worst_greedy,worst_removal,greedy_insertion,results/lns_operator_worst_greedy/case2_sweep,run_2026_07_11_193044,1,lns_sa_metrics_best.json,530.7845381062182,518.8637512224277,530.7845381062182,518.8637512224277,518.8637512224277,,11.92078688379047,2.245880583922536,,,,,5,"[2, 3, 4, 5, 6, 7, 8, 9, 10, 11, 12]",50,42,10.0,0.95,0.01,10,0.8028571428571428,0.05714285714285714,1.0,80,70,,0.13131403923034668,3,0.2,,,,,,,,,not_applicable,518.8637512224277,
20,15,20c_cap15,case_3_hybrid,kmeans,worst_greedy,worst_removal,greedy_insertion,results/lns_operator_worst_greedy/case3_kmeans,run_2026_07_12_235110,2,lns_sa_metrics_best.json,94.76529987543388,93.25934560676711,118.76529987543388,117.25934560676711,93.25934560676711,24.0,1.5059542686667697,1.2680086441462943,1.5059542686667697,1.589141036483081,1.5059542686667697,1.2680086441462943,3,"[2, 3, 4, 5]",50,42,10.0,0.95,0.01,9,0.49629629629629624,0.06666666666666667,1.0,199,1,,0.08050704002380371,3,0.2,,,,,,,,,ok,117.25934560676711,
20,25,20c_cap25,case_3_hybrid,kmeans,worst_greedy,worst_removal,greedy_insertion,results/lns_operator_worst_greedy/case3_kmeans,run_2026_07_12_235111,2,lns_sa_metrics_best.json,77.41526031217806,75.9093060435113,101.41526031217806,99.9093060435113,75.9093060435113,24.0,1.5059542686667697,1.4849385230892445,1.5059542686667697,1.9452938123491275,1.5059542686667697,1.4849385230892445,3,"[2, 3, 4, 5]",50,42,10.0,0.95,0.01,7,0.38285714285714295,0.04,0.72,199,1,,0.08228802680969238,3,0.2,,,,,,,,,ok,99.9093060435113,
20,35,20c_cap35,case_3_hybrid,kmeans,worst_greedy,worst_removal,greedy_insertion,results/lns_operator_worst_greedy/case3_kmeans,run_2026_07_12_235111,2,lns_sa_metrics_best.json,77.41526031217806,75.9093060435113,101.41526031217806,99.9093060435113,75.9093060435113,24.0,1.5059542686667697,1.4849385230892445,1.5059542686667697,1.9452938123491275,1.5059542686667697,1.4849385230892445,3,"[2, 3, 4, 5]",50,42,10.0,0.95,0.01,7,0.27346938775510204,0.02857142857142857,0.5142857142857142,199,1,,0.09329605102539062,3,0.2,,,,,,,,,ok,99.9093060435113,
40,15,40c_cap15,case_3_hybrid,kmeans,worst_greedy,worst_removal,greedy_insertion,results/lns_operator_worst_greedy/case3_kmeans,run_2026_07_12_235112,2,lns_sa_metrics_best.json,306.1763991767963,297.3303948040831,402.1763991767963,393.3303948040831,297.3303948040831,96.0,8.846004372713196,2.1995334362781698,8.846004372713196,2.889185579455856,8.846004372713196,2.1995334362781698,10,"[2, 3, 4, 5, 6, 7, 8, 9, 10]",50,42,10.0,0.95,0.01,14,0.6666666666666666,0.06666666666666667,1.0,170,30,,0.10889315605163574,3,0.2,,,,,,,,,ok,393.3303948040831,
40,25,40c_cap25,case_3_hybrid,kmeans,worst_greedy,worst_removal,greedy_insertion,results/lns_operator_worst_greedy/case3_kmeans,run_2026_07_12_235113,3,lns_sa_metrics_best.json,222.52907906106748,212.57412307259068,270.5290790610675,260.5741230725907,212.57412307259068,48.0,9.954955988476797,3.679809957224461,9.954955988476797,4.473552863509092,9.954955988476797,3.679809957224461,3,"[2, 3, 4, 5, 6, 7, 8, 9, 10]",50,42,10.0,0.95,0.01,8,0.7000000000000001,0.16,0.96,167,33,,0.09480619430541992,3,0.2,,,,,,,,,ok,260.5741230725907,
40,35,40c_cap35,case_3_hybrid,kmeans,worst_greedy,worst_removal,greedy_insertion,results/lns_operator_worst_greedy/case3_kmeans,run_2026_07_12_235114,2,lns_sa_metrics_best.json,219.77181860775102,199.37548438506474,267.771818607751,247.37548438506474,199.37548438506474,48.0,20.396334222686278,7.61705781016639,20.396334222686278,9.280686828682834,20.396334222686278,7.61705781016639,4,"[2, 3, 4, 5, 6, 7, 8, 9, 10]",50,42,10.0,0.95,0.01,8,0.49999999999999994,0.11428571428571428,1.0,198,2,,0.1120612621307373,3,0.2,,,,,,,,,ok,247.37548438506474,
60,15,60c_cap15,case_3_hybrid,kmeans,worst_greedy,worst_removal,greedy_insertion,results/lns_operator_worst_greedy/case3_kmeans,run_2026_07_12_235115,2,lns_sa_metrics_best.json,676.25997150048,656.7499565338927,868.25997150048,848.7499565338927,656.7499565338927,192.0,19.510014966587278,2.247024578695149,19.510014966587278,2.8849873996384288,19.510014966587278,2.247024578695149,11,"[2, 3, 4, 5, 6, 7, 8, 9, 10, 11, 12, 13, 14]",50,42,10.0,0.95,0.01,20,0.7399999999999999,0.13333333333333333,1.0,34,166,,0.1302812099456787,3,0.2,,,,,,,,,ok,848.7499565338927,
60,25,60c_cap25,case_3_hybrid,kmeans,worst_greedy,worst_removal,greedy_insertion,results/lns_operator_worst_greedy/case3_kmeans,run_2026_07_12_235116,2,lns_sa_metrics_best.json,526.6801338014434,492.1826269492968,646.6801338014434,612.1826269492967,492.1826269492968,120.0,34.49750685214667,5.334554913471145,34.497506852146614,6.549992042257674,34.49750685214667,5.334554913471145,13,"[2, 3, 4, 5, 6, 7, 8, 9, 10, 11, 12, 13, 14]",50,42,10.0,0.95,0.01,14,0.6342857142857143,0.04,1.0,76,124,,0.13126778602600098,3,0.2,,,,,,,,,ok,612.1826269492967,
60,35,60c_cap35,case_3_hybrid,kmeans,worst_greedy,worst_removal,greedy_insertion,results/lns_operator_worst_greedy/case3_kmeans,run_2026_07_12_235118,2,lns_sa_metrics_best.json,453.87935067541724,420.7395528159815,525.8793506754173,492.7395528159815,420.7395528159815,72.0,33.13979785943582,6.301787247754158,33.13979785943576,7.301455289851912,33.13979785943582,6.301787247754158,14,"[2, 3, 4, 5, 6, 7, 8, 9, 10, 11, 12, 13, 14]",50,42,10.0,0.95,0.01,12,0.5285714285714286,0.02857142857142857,1.0,136,64,,0.12843799591064453,3,0.2,,,,,,,,,ok,492.7395528159815,
80,15,80c_cap15,case_3_hybrid,kmeans,worst_greedy,worst_removal,greedy_insertion,results/lns_operator_worst_greedy/case3_kmeans,run_2026_07_12_235120,2,lns_sa_metrics_best.json,1062.6121024423817,1055.4905540248237,1350.6121024423817,1343.4905540248237,1055.4905540248237,288.0,7.12154841755796,0.5272830300187371,7.12154841755796,0.6701926696665037,7.12154841755796,0.5272830300187371,4,"[2, 3, 4, 5, 6, 7, 8, 9, 10, 11, 12, 13, 14, 15, 16, 17, 18, 19, 20]",50,42,10.0,0.95,0.01,25,0.7493333333333332,0.26666666666666666,1.0,87,113,,0.1316530704498291,3,0.2,,,,,,,,,ok,1343.4905540248237,
80,25,80c_cap25,case_3_hybrid,kmeans,worst_greedy,worst_removal,greedy_insertion,results/lns_operator_worst_greedy/case3_kmeans,run_2026_07_12_235123,2,lns_sa_metrics_best.json,770.8893340006891,737.9620550847819,962.8893340006891,929.9620550847819,737.9620550847819,192.0,32.92727891590721,3.41963274004691,32.92727891590721,4.27133668396011,32.92727891590721,3.41963274004691,19,"[2, 3, 4, 5, 6, 7, 8, 9, 10, 11, 12, 13, 14, 15, 16, 17, 18, 19, 20]",50,42,10.0,0.95,0.01,15,0.7493333333333333,0.16,1.0,69,131,,0.16821718215942383,3,0.2,,,,,,,,,ok,929.9620550847819,
80,35,80c_cap35,case_3_hybrid,kmeans,worst_greedy,worst_removal,greedy_insertion,results/lns_operator_worst_greedy/case3_kmeans,run_2026_07_12_235126,2,lns_sa_metrics_best.json,662.9118360421799,629.4217123383182,822.9118360421799,789.4217123383182,629.4217123383182,160.0,33.49012370386163,4.069709808153134,33.49012370386163,5.0519725072054245,33.49012370386163,4.069709808153134,10,"[2, 3, 4, 5, 6, 7, 8, 9, 10, 11, 12, 13, 14, 15, 16, 17, 18, 19, 20]",50,42,10.0,0.95,0.01,13,0.6175824175824176,0.08571428571428572,1.0,123,77,,0.1459658145904541,3,0.2,,,,,,,,,ok,789.4217123383182,
100,15,100c_cap15,case_3_hybrid,kmeans,worst_greedy,worst_removal,greedy_insertion,results/lns_operator_worst_greedy/case3_kmeans,run_2026_08_06_233057,2,lns_sa_metrics_best.json,1548.3882132372098,1519.767597496501,1988.3882132372098,1959.767597496501,1519.767597496501,440.0,28.6206157407089,1.4393877186645005,28.6206157407089,1.8484134337907336,28.6206157407089,1.4393877186645005,3,"[2, 3, 4, 5, 6, 7, 8, 9, 10, 11, 12, 13, 14, 15, 16, 17, 18, 19, 20, 21, 22, 23, 24, 25]",50,42,10.0,0.95,0.01,28,0.8238095238095239,0.4,1.0,79,121,,0.12741374969482422,3,0.2,,,,,,,,,ok,1959.767597496501,
100,25,100c_cap25,case_3_hybrid,kmeans,worst_greedy,worst_removal,greedy_insertion,results/lns_operator_worst_greedy/case3_kmeans,run_2026_08_06_233102,1,lns_sa_metrics_best.json,1107.8336358545364,1071.3280263521292,1427.8336358545364,1391.3280263521292,1071.3280263521292,320.0,36.5056095024072,2.556713092177518,36.5056095024072,3.295224871399423,36.5056095024072,2.556713092177518,5,"[2, 3, 4, 5, 6, 7, 8, 9, 10, 11, 12, 13, 14, 15, 16, 17, 18, 19, 20, 21, 22, 23, 24, 25]",50,42,10.0,0.95,0.01,17,0.8141176470588236,0.44,1.0,70,130,,0.12690377235412598,3,0.2,,,,,,,,,ok,1391.3280263521292,
100,35,100c_cap35,case_3_hybrid,kmeans,worst_greedy,worst_removal,greedy_insertion,results/lns_operator_worst_greedy/case3_kmeans,run_2026_08_06_233106,1,lns_sa_metrics_best.json,940.2984713334815,865.5998619986038,1180.2984713334815,1105.599861998604,865.5998619986038,240.0,74.69860933487757,6.3287898060635746,74.69860933487769,7.944138123392254,74.69860933487757,6.3287898060635746,12,"[2, 3, 4, 5, 6, 7, 8, 9, 10, 11, 12, 13, 14, 15, 16, 17, 18, 19, 20, 21, 22, 23, 24, 25]",50,42,10.0,0.95,0.01,14,0.7061224489795919,0.11428571428571428,0.9714285714285714,83,117,,0.15839266777038574,3,0.2,,,,,,,,,ok,1105.599861998604,
150,15,150c_cap15,case_3_hybrid,kmeans,worst_greedy,worst_removal,greedy_insertion,results/lns_operator_worst_greedy/case3_kmeans,run_2026_08_06_233110,1,lns_sa_metrics_best.json,3407.799321342537,3345.5551430403434,4367.799321342537,4305.555143040343,3345.5551430403434,960.0,62.244178302194086,1.4250695538608673,62.24417830219363,1.8265212365167063,62.244178302194086,1.4250695538608673,14,"[2, 3, 4, 5, 6, 7, 8, 9, 10, 11, 12, 13, 14, 15, 16, 17, 18, 19, 20, 21, 22, 23, 24, 25, 26, 27, 28, 29, 30, 31, 32, 33, 34, 35, 36, 37]",50,42,10.0,0.95,0.01,42,0.8428571428571432,0.4,1.0,12,188,,0.24704527854919434,3,0.2,,,,,,,,,ok,4305.555143040343,
150,25,150c_cap25,case_3_hybrid,kmeans,worst_greedy,worst_removal,greedy_insertion,results/lns_operator_worst_greedy/case3_kmeans,run_2026_08_06_233119,1,lns_sa_metrics_best.json,2335.1454350079275,2274.7126285089203,2935.1454350079275,2874.7126285089203,2274.7126285089203,600.0,60.432806499007256,2.058937379327646,60.432806499007256,2.5879675669452293,60.432806499007256,2.058937379327646,5,"[2, 3, 4, 5, 6, 7, 8, 9, 10, 11, 12, 13, 14, 15, 16, 17, 18, 19, 20, 21, 22, 23, 24, 25, 26, 27, 28, 29, 30, 31, 32, 33, 34, 35, 36, 37]",50,42,10.0,0.95,0.01,26,0.8169230769230771,0.12,1.0,58,142,,0.15577197074890137,3,0.2,,,,,,,,,ok,2874.7126285089203,
150,35,150c_cap35,case_3_hybrid,kmeans,worst_greedy,worst_removal,greedy_insertion,results/lns_operator_worst_greedy/case3_kmeans,run_2026_08_06_233128,1,lns_sa_metrics_best.json,1945.6999709924216,1860.931166900693,2425.6999709924216,2340.931166900693,1860.931166900693,480.0,84.76880409172873,3.494612075088884,84.76880409172873,4.3567253613357275,84.76880409172873,3.494612075088884,25,"[2, 3, 4, 5, 6, 7, 8, 9, 10, 11, 12, 13, 14, 15, 16, 17, 18, 19, 20, 21, 22, 23, 24, 25, 26, 27, 28, 29, 30, 31, 32, 33, 34, 35, 36, 37]",50,42,10.0,0.95,0.01,19,0.7984962406015038,0.08571428571428572,1.0,14,186,,0.33446407318115234,3,0.2,,,,,,,,,ok,2340.931166900693,
200,15,200c_cap15,case_3_hybrid,kmeans,worst_greedy,worst_removal,greedy_insertion,results/lns_operator_worst_greedy/case3_kmeans,run_2026_08_06_233138,1,lns_sa_metrics_best.json,5747.04406883622,5684.923860848612,7587.04406883622,7524.923860848612,5684.923860848612,1840.0,62.1202079876075,0.8187669324706606,62.1202079876075,1.0809071105693973,62.1202079876075,0.8187669324706606,6,"[2, 3, 4, 5, 6, 7, 8, 9, 10, 11, 12, 13, 14, 15, 16, 17, 18, 19, 20, 21, 22, 23, 24, 25, 26, 27, 28, 29, 30, 31, 32, 33, 34, 35, 36, 37, 38, 39, 40, 41, 42, 43, 44, 45, 46, 47, 48, 49, 50, 51, 52]",50,42,10.0,0.95,0.01,54,0.8654320987654321,0.3333333333333333,1.0,47,153,,0.20399093627929688,3,0.2,,,,,,,,,ok,7524.923860848612,
200,25,200c_cap25,case_3_hybrid,kmeans,worst_greedy,worst_removal,greedy_insertion,results/lns_operator_worst_greedy/case3_kmeans,run_2026_08_06_233156,1,lns_sa_metrics_best.json,3849.316644734236,3719.690078840889,4969.3166447342355,4839.690078840889,3719.690078840889,1120.0,129.6265658933462,2.608539064032189,129.6265658933471,3.3675215072439633,129.6265658933462,2.608539064032189,25,"[2, 3, 4, 5, 6, 7, 8, 9, 10, 11, 12, 13, 14, 15, 16, 17, 18, 19, 20, 21, 22, 23, 24, 25, 26, 27, 28, 29, 30, 31, 32, 33, 34, 35, 36, 37, 38, 39, 40, 41, 42, 43, 44, 45, 46, 47, 48, 49, 50, 51, 52]",50,42,10.0,0.95,0.01,31,0.9045161290322582,0.6,1.0,12,188,,0.48553991317749023,3,0.2,,,,,,,,,ok,4839.690078840889,
200,35,200c_cap35,case_3_hybrid,kmeans,worst_greedy,worst_removal,greedy_insertion,results/lns_operator_worst_greedy/case3_kmeans,run_2026_08_06_233215,1,lns_sa_metrics_best.json,2971.8886701170895,2874.3917798115267,3851.8886701170895,3754.3917798115267,2874.3917798115267,880.0,97.49689030556283,2.5311450733751117,97.49689030556283,3.2806373699631743,97.49689030556283,2.5311450733751117,9,"[2, 3, 4, 5, 6, 7, 8, 9, 10, 11, 12, 13, 14, 15, 16, 17, 18, 19, 20, 21, 22, 23, 24, 25, 26, 27, 28, 29, 30, 31, 32, 33, 34, 35, 36, 37, 38, 39, 40, 41, 42, 43, 44, 45, 46, 47, 48, 49, 50, 51, 52]",50,42,10.0,0.95,0.01,24,0.8345238095238097,0.17142857142857143,1.0,55,145,,0.23209404945373535,3,0.2,,,,,,,,,ok,3754.3917798115267,
20,15,20c_cap15,case_3_hybrid,no_clustering,worst_greedy,worst_removal,greedy_insertion,results/lns_operator_worst_greedy/case3_no_cluster,run_2026_07_12_235136,2,lns_sa_metrics_best.json,90.7811383504322,88.20162359943902,114.7811383504322,112.20162359943902,88.20162359943902,24.0,2.5795147509931837,2.247333305858846,2.5795147509931837,2.8414655267218323,2.5795147509931837,2.247333305858846,4,"[2, 3, 4, 5]",50,42,10.0,0.95,0.01,8,0.5583333333333332,0.06666666666666667,1.0,200,0,,0.07939314842224121,3,0.2,,,,,,,,,ok,112.20162359943902,
20,25,20c_cap25,case_3_hybrid,no_clustering,worst_greedy,worst_removal,greedy_insertion,results/lns_operator_worst_greedy/case3_no_cluster,run_2026_07_12_235136,2,lns_sa_metrics_best.json,73.43109878717637,71.79766262125987,97.43109878717637,95.79766262125987,71.79766262125987,24.0,1.6334361659164927,1.6765038948031257,1.6334361659164927,2.2244473974856924,1.6334361659164927,1.6765038948031257,3,"[2, 3, 4, 5]",50,42,10.0,0.95,0.01,6,0.44666666666666677,0.12,0.72,199,1,,0.07734799385070801,3,0.2,,,,,,,,,ok,95.79766262125987,
20,35,20c_cap35,case_3_hybrid,no_clustering,worst_greedy,worst_removal,greedy_insertion,results/lns_operator_worst_greedy/case3_no_cluster,run_2026_07_12_235137,2,lns_sa_metrics_best.json,73.43109878717637,71.79766262125987,97.43109878717637,95.79766262125987,71.79766262125987,24.0,1.6334361659164927,1.6765038948031257,1.6334361659164927,2.2244473974856924,1.6334361659164927,1.6765038948031257,3,"[2, 3, 4, 5]",50,42,10.0,0.95,0.01,6,0.319047619047619,0.08571428571428572,0.5142857142857142,199,1,,0.08975505828857422,3,0.2,,,,,,,,,ok,95.79766262125987,
40,15,40c_cap15,case_3_hybrid,no_clustering,worst_greedy,worst_removal,greedy_insertion,results/lns_operator_worst_greedy/case3_no_cluster,run_2026_07_12_235137,2,lns_sa_metrics_best.json,317.7139933885292,304.6311489969305,413.7139933885292,400.6311489969305,304.6311489969305,96.0,13.082844391598712,3.1622919699775016,13.082844391598712,4.117805530711968,13.082844391598712,3.1622919699775016,10,"[2, 3, 4, 5, 6, 7, 8, 9, 10]",50,42,10.0,0.95,0.01,14,0.6666666666666666,0.06666666666666667,0.9333333333333333,170,30,,0.1073601245880127,3,0.2,,,,,,,,,ok,400.6311489969305,
40,25,40c_cap25,case_3_hybrid,no_clustering,worst_greedy,worst_removal,greedy_insertion,results/lns_operator_worst_greedy/case3_no_cluster,run_2026_07_12_235138,3,lns_sa_metrics_best.json,213.48666061666222,206.47961641307649,261.4866606166622,254.47961641307649,206.47961641307649,48.0,7.007044203585735,2.6796947068202526,7.007044203585735,3.2821929873022,7.007044203585735,2.6796947068202526,4,"[2, 3, 4, 5, 6, 7, 8, 9, 10]",50,42,10.0,0.95,0.01,7,0.7999999999999999,0.52,0.92,150,50,,0.10558795928955078,3,0.2,,,,,,,,,ok,254.47961641307649,
40,35,40c_cap35,case_3_hybrid,no_clustering,worst_greedy,worst_removal,greedy_insertion,results/lns_operator_worst_greedy/case3_no_cluster,run_2026_07_12_235139,2,lns_sa_metrics_best.json,202.9587964753435,191.40792620532062,250.9587964753435,239.40792620532062,191.40792620532062,48.0,11.55087027002287,4.602695913533253,11.55087027002287,5.691239044879797,11.55087027002287,4.602695913533253,7,"[2, 3, 4, 5, 6, 7, 8, 9, 10]",50,42,10.0,0.95,0.01,7,0.5714285714285714,0.11428571428571428,1.0,196,4,,0.10047078132629395,3,0.2,,,,,,,,,ok,239.40792620532062,
60,15,60c_cap15,case_3_hybrid,no_clustering,worst_greedy,worst_removal,greedy_insertion,results/lns_operator_worst_greedy/case3_no_cluster,run_2026_07_12_235140,2,lns_sa_metrics_best.json,683.447635460772,654.1752248451046,875.447635460772,846.1752248451046,654.1752248451046,192.0,29.272410615667354,3.343707770740678,29.272410615667354,4.2830509752122055,29.272410615667354,3.343707770740678,14,"[2, 3, 4, 5, 6, 7, 8, 9, 10, 11, 12, 13, 14]",50,42,10.0,0.95,0.01,20,0.7399999999999999,0.13333333333333333,1.0,49,151,,0.13071513175964355,3,0.2,,,,,,,,,ok,846.1752248451046,
60,25,60c_cap25,case_3_hybrid,no_clustering,worst_greedy,worst_removal,greedy_insertion,results/lns_operator_worst_greedy/case3_no_cluster,run_2026_07_12_235141,2,lns_sa_metrics_best.json,477.911393962637,464.8544560447903,597.911393962637,584.8544560447904,464.8544560447903,120.0,13.056937917846653,2.1837580032238972,13.05693791784671,2.7320834118609647,13.056937917846653,2.1837580032238972,10,"[2, 3, 4, 5, 6, 7, 8, 9, 10, 11, 12, 13, 14]",50,42,10.0,0.95,0.01,12,0.7400000000000001,0.16,1.0,86,114,,0.12691617012023926,3,0.2,,,,,,,,,ok,584.8544560447904,
60,35,60c_cap35,case_3_hybrid,no_clustering,worst_greedy,worst_removal,greedy_insertion,results/lns_operator_worst_greedy/case3_no_cluster,run_2026_07_12_235143,2,lns_sa_metrics_best.json,417.15203122299897,391.54895334416796,489.15203122299897,463.54895334416796,391.54895334416796,72.0,25.603077878831016,5.234175929887708,25.603077878831016,6.137589167136107,25.603077878831016,5.234175929887708,12,"[2, 3, 4, 5, 6, 7, 8, 9, 10, 11, 12, 13, 14]",50,42,10.0,0.95,0.01,9,0.7047619047619048,0.14285714285714285,1.0,129,71,,0.12519288063049316,3,0.2,,,,,,,,,ok,463.54895334416796,
80,15,80c_cap15,case_3_hybrid,no_clustering,worst_greedy,worst_removal,greedy_insertion,results/lns_operator_worst_greedy/case3_no_cluster,run_2026_07_12_235145,2,lns_sa_metrics_best.json,1075.3883639913515,1044.191600421451,1363.3883639913515,1332.191600421451,1044.191600421451,288.0,31.19676356990044,2.288178804648969,31.19676356990044,2.900976485751833,31.19676356990044,2.288178804648969,5,"[2, 3, 4, 5, 6, 7, 8, 9, 10, 11, 12, 13, 14, 15, 16, 17, 18, 19, 20]",50,42,10.0,0.95,0.01,24,0.7805555555555556,0.3333333333333333,1.0,78,122,,0.1495048999786377,3,0.2,,,,,,,,,ok,1332.191600421451,
80,25,80c_cap25,case_3_hybrid,no_clustering,worst_greedy,worst_removal,greedy_insertion,results/lns_operator_worst_greedy/case3_no_cluster,run_2026_07_12_235148,2,lns_sa_metrics_best.json,752.5164985260036,726.6391210057184,944.5164985260036,918.6391210057184,726.6391210057184,192.0,25.877377520285222,2.7397485973690263,25.877377520285222,3.438778760462089,25.877377520285222,2.7397485973690263,17,"[2, 3, 4, 5, 6, 7, 8, 9, 10, 11, 12, 13, 14, 15, 16, 17, 18, 19, 20]",50,42,10.0,0.95,0.01,14,0.8028571428571428,0.4,1.0,74,126,,0.17075777053833008,3,0.2,,,,,,,,,ok,918.6391210057184,
80,35,80c_cap35,case_3_hybrid,no_clustering,worst_greedy,worst_removal,greedy_insertion,results/lns_operator_worst_greedy/case3_no_cluster,run_2026_07_12_235151,2,lns_sa_metrics_best.json,620.3949986042885,600.9451504922961,780.3949986042885,760.9451504922961,600.9451504922961,160.0,19.449848111992424,2.4923081448212576,19.449848111992424,3.135074937056073,19.449848111992424,2.4923081448212576,18,"[2, 3, 4, 5, 6, 7, 8, 9, 10, 11, 12, 13, 14, 15, 16, 17, 18, 19, 20]",50,42,10.0,0.95,0.01,11,0.7298701298701299,0.05714285714285714,1.0,107,93,,0.17021584510803223,3,0.2,,,,,,,,,ok,760.9451504922961,
100,15,100c_cap15,case_3_hybrid,no_clustering,worst_greedy,worst_removal,greedy_insertion,results/lns_operator_worst_greedy/case3_no_cluster,run_2026_08_06_233436,1,lns_sa_metrics_best.json,1556.0477506692682,1507.1741140362465,1996.0477506692682,1947.1741140362465,1507.1741140362465,440.0,48.87363663302176,2.4485204132333305,48.87363663302176,3.1408828303630676,48.87363663302176,2.4485204132333305,6,"[2, 3, 4, 5, 6, 7, 8, 9, 10, 11, 12, 13, 14, 15, 16, 17, 18, 19, 20, 21, 22, 23, 24, 25]",50,42,10.0,0.95,0.01,28,0.8238095238095239,0.3333333333333333,1.0,61,139,,0.1448981761932373,3,0.2,,,,,,,,,ok,1947.1741140362465,
100,25,100c_cap25,case_3_hybrid,no_clustering,worst_greedy,worst_removal,greedy_insertion,results/lns_operator_worst_greedy/case3_no_cluster,run_2026_08_06_233441,1,lns_sa_metrics_best.json,1103.5460774339185,1081.5014902722392,1423.5460774339185,1401.5014902722392,1081.5014902722392,320.0,22.044587161679374,1.5485685719015787,22.044587161679374,1.9976136576861174,22.044587161679374,1.5485685719015787,6,"[2, 3, 4, 5, 6, 7, 8, 9, 10, 11, 12, 13, 14, 15, 16, 17, 18, 19, 20, 21, 22, 23, 24, 25]",50,42,10.0,0.95,0.01,18,0.768888888888889,0.2,1.0,106,94,,0.13599181175231934,3,0.2,,,,,,,,,ok,1401.5014902722392,
100,35,100c_cap35,case_3_hybrid,no_clustering,worst_greedy,worst_removal,greedy_insertion,results/lns_operator_worst_greedy/case3_no_cluster,run_2026_08_06_233445,1,lns_sa_metrics_best.json,933.1421556057326,879.9347325518489,1173.1421556057326,1119.9347325518488,879.9347325518489,240.0,53.20742305388376,4.535462543873123,53.207423053883645,5.701963279040266,53.20742305388376,4.535462543873123,12,"[2, 3, 4, 5, 6, 7, 8, 9, 10, 11, 12, 13, 14, 15, 16, 17, 18, 19, 20, 21, 22, 23, 24, 25]",50,42,10.0,0.95,0.01,14,0.7061224489795919,0.11428571428571428,0.9714285714285714,85,115,,0.16612505912780762,3,0.2,,,,,,,,,ok,1119.9347325518488,
150,15,150c_cap15,case_3_hybrid,no_clustering,worst_greedy,worst_removal,greedy_insertion,results/lns_operator_worst_greedy/case3_no_cluster,run_2026_08_06_233449,1,lns_sa_metrics_best.json,3329.976600546286,3308.2094278096965,4289.976600546286,4268.2094278096965,3308.2094278096965,960.0,21.7671727365896,0.507396071433531,21.7671727365896,0.653673444222361,21.7671727365896,0.507396071433531,16,"[2, 3, 4, 5, 6, 7, 8, 9, 10, 11, 12, 13, 14, 15, 16, 17, 18, 19, 20, 21, 22, 23, 24, 25, 26, 27, 28, 29, 30, 31, 32, 33, 34, 35, 36, 37]",50,42,10.0,0.95,0.01,42,0.8428571428571432,0.4,1.0,6,194,,0.23784685134887695,3,0.2,,,,,,,,,ok,4268.2094278096965,
150,25,150c_cap25,case_3_hybrid,no_clustering,worst_greedy,worst_removal,greedy_insertion,results/lns_operator_worst_greedy/case3_no_cluster,run_2026_08_06_233459,1,lns_sa_metrics_best.json,2340.1576192604707,2241.131563374526,2940.1576192604707,2841.131563374526,2241.131563374526,600.0,99.02605588594452,3.368052625384494,99.02605588594452,4.231597695425251,99.02605588594452,3.368052625384494,32,"[2, 3, 4, 5, 6, 7, 8, 9, 10, 11, 12, 13, 14, 15, 16, 17, 18, 19, 20, 21, 22, 23, 24, 25, 26, 27, 28, 29, 30, 31, 32, 33, 34, 35, 36, 37]",50,42,10.0,0.95,0.01,26,0.816923076923077,0.24,1.0,19,181,,0.31668710708618164,3,0.2,,,,,,,,,ok,2841.131563374526,
150,35,150c_cap35,case_3_hybrid,no_clustering,worst_greedy,worst_removal,greedy_insertion,results/lns_operator_worst_greedy/case3_no_cluster,run_2026_08_06_233508,1,lns_sa_metrics_best.json,1900.844730990529,1856.039268345052,2380.8447309905287,2336.039268345052,1856.039268345052,480.0,44.80546264547684,1.881914518080981,44.80546264547684,2.357134273777782,44.80546264547684,1.881914518080981,33,"[2, 3, 4, 5, 6, 7, 8, 9, 10, 11, 12, 13, 14, 15, 16, 17, 18, 19, 20, 21, 22, 23, 24, 25, 26, 27, 28, 29, 30, 31, 32, 33, 34, 35, 36, 37]",50,42,10.0,0.95,0.01,19,0.7984962406015038,0.02857142857142857,1.0,5,195,,0.308135986328125,3,0.2,,,,,,,,,ok,2336.039268345052,
200,15,200c_cap15,case_3_hybrid,no_clustering,worst_greedy,worst_removal,greedy_insertion,results/lns_operator_worst_greedy/case3_no_cluster,run_2026_08_06_233518,1,lns_sa_metrics_best.json,5727.450203775925,5659.480360019731,7567.450203775925,7499.480360019731,5659.480360019731,1840.0,67.96984375619377,0.8981868651382588,67.96984375619377,1.186738275112081,67.96984375619377,0.8981868651382588,5,"[2, 3, 4, 5, 6, 7, 8, 9, 10, 11, 12, 13, 14, 15, 16, 17, 18, 19, 20, 21, 22, 23, 24, 25, 26, 27, 28, 29, 30, 31, 32, 33, 34, 35, 36, 37, 38, 39, 40, 41, 42, 43, 44, 45, 46, 47, 48, 49, 50, 51, 52]",50,42,10.0,0.95,0.01,55,0.8496969696969698,0.3333333333333333,1.0,51,149,,0.19410490989685059,3,0.2,,,,,,,,,ok,7499.480360019731,
200,25,200c_cap25,case_3_hybrid,no_clustering,worst_greedy,worst_removal,greedy_insertion,results/lns_operator_worst_greedy/case3_no_cluster,run_2026_08_06_233537,1,lns_sa_metrics_best.json,3835.780200182673,3765.941363581815,4955.780200182673,4885.941363581815,3765.941363581815,1120.0,69.83883660085849,1.409239994103939,69.83883660085803,1.8207205042023018,69.83883660085849,1.409239994103939,8,"[2, 3, 4, 5, 6, 7, 8, 9, 10, 11, 12, 13, 14, 15, 16, 17, 18, 19, 20, 21, 22, 23, 24, 25, 26, 27, 28, 29, 30, 31, 32, 33, 34, 35, 36, 37, 38, 39, 40, 41, 42, 43, 44, 45, 46, 47, 48, 49, 50, 51, 52]",50,42,10.0,0.95,0.01,31,0.904516129032258,0.36,1.0,35,165,,0.20299482345581055,3,0.2,,,,,,,,,ok,4885.941363581815,
200,35,200c_cap35,case_3_hybrid,no_clustering,worst_greedy,worst_removal,greedy_insertion,results/lns_operator_worst_greedy/case3_no_cluster,run_2026_08_06_233555,1,lns_sa_metrics_best.json,3068.150105240352,2911.1681801015548,3948.150105240352,3791.1681801015548,2911.1681801015548,880.0,156.98192513879712,3.9760880654065334,156.98192513879712,5.116500814959297,156.98192513879712,3.9760880654065334,14,"[2, 3, 4, 5, 6, 7, 8, 9, 10, 11, 12, 13, 14, 15, 16, 17, 18, 19, 20, 21, 22, 23, 24, 25, 26, 27, 28, 29, 30, 31, 32, 33, 34, 35, 36, 37, 38, 39, 40, 41, 42, 43, 44, 45, 46, 47, 48, 49, 50, 51, 52]",50,42,10.0,0.95,0.01,24,0.8345238095238097,0.14285714285714285,1.0,27,173,,0.2646031379699707,3,0.2,,,,,,,,,ok,3791.1681801015548,
20,15,20c_cap15,case_3_hybrid,sweep,worst_greedy,worst_removal,greedy_insertion,results/lns_operator_worst_greedy/case3_sweep,run_2026_07_12_235046,2,lns_sa_metrics_best.json,90.7811383504322,88.20162359943902,114.7811383504322,112.20162359943902,88.20162359943902,24.0,2.5795147509931837,2.247333305858846,2.5795147509931837,2.8414655267218323,2.5795147509931837,2.247333305858846,4,"[2, 3, 4, 5]",50,42,10.0,0.95,0.01,8,0.5583333333333332,0.06666666666666667,1.0,200,0,,0.07611083984375,3,0.2,,,,,,,,,ok,112.20162359943902,
20,25,20c_cap25,case_3_hybrid,sweep,worst_greedy,worst_removal,greedy_insertion,results/lns_operator_worst_greedy/case3_sweep,run_2026_07_12_235046,2,lns_sa_metrics_best.json,73.43109878717637,71.79766262125987,97.43109878717637,95.79766262125987,71.79766262125987,24.0,1.6334361659164927,1.6765038948031257,1.6334361659164927,2.2244473974856924,1.6334361659164927,1.6765038948031257,3,"[2, 3, 4, 5]",50,42,10.0,0.95,0.01,6,0.44666666666666677,0.12,0.72,199,1,,0.0824589729309082,3,0.2,,,,,,,,,ok,95.79766262125987,
20,35,20c_cap35,case_3_hybrid,sweep,worst_greedy,worst_removal,greedy_insertion,results/lns_operator_worst_greedy/case3_sweep,run_2026_07_12_235047,2,lns_sa_metrics_best.json,73.43109878717637,71.79766262125987,97.43109878717637,95.79766262125987,71.79766262125987,24.0,1.6334361659164927,1.6765038948031257,1.6334361659164927,2.2244473974856924,1.6334361659164927,1.6765038948031257,3,"[2, 3, 4, 5]",50,42,10.0,0.95,0.01,6,0.319047619047619,0.08571428571428572,0.5142857142857142,199,1,,0.09069633483886719,3,0.2,,,,,,,,,ok,95.79766262125987,
40,15,40c_cap15,case_3_hybrid,sweep,worst_greedy,worst_removal,greedy_insertion,results/lns_operator_worst_greedy/case3_sweep,run_2026_07_12_235047,2,lns_sa_metrics_best.json,322.0540449853214,308.9712005937227,418.0540449853214,404.9712005937227,308.9712005937227,96.0,13.082844391598712,3.129462457912128,13.082844391598712,4.062313327626424,13.082844391598712,3.129462457912128,10,"[2, 3, 4, 5, 6, 7, 8, 9, 10]",50,42,10.0,0.95,0.01,14,0.6666666666666666,0.06666666666666667,0.9333333333333333,171,29,,0.11339282989501953,3,0.2,,,,,,,,,ok,404.9712005937227,
40,25,40c_cap25,case_3_hybrid,sweep,worst_greedy,worst_removal,greedy_insertion,results/lns_operator_worst_greedy/case3_sweep,run_2026_07_12_235048,3,lns_sa_metrics_best.json,216.64980673822936,208.91313420058236,264.64980673822936,256.91313420058236,208.91313420058236,48.0,7.736672537646996,2.9233622472656857,7.736672537646996,3.571049821888351,7.736672537646996,2.9233622472656857,3,"[2, 3, 4, 5, 6, 7, 8, 9, 10]",50,42,10.0,0.95,0.01,7,0.8,0.64,0.96,196,4,,0.10946798324584961,3,0.2,,,,,,,,,ok,256.91313420058236,
40,35,40c_cap35,case_3_hybrid,sweep,worst_greedy,worst_removal,greedy_insertion,results/lns_operator_worst_greedy/case3_sweep,run_2026_07_12_235049,2,lns_sa_metrics_best.json,201.53998274758732,189.9891124775645,249.53998274758732,237.9891124775645,189.9891124775645,48.0,11.550870270022813,4.628865540039191,11.550870270022813,5.731304584107934,11.550870270022813,4.628865540039191,7,"[2, 3, 4, 5, 6, 7, 8, 9, 10]",50,42,10.0,0.95,0.01,7,0.5714285714285714,0.11428571428571428,1.0,196,4,,0.0997927188873291,3,0.2,,,,,,,,,ok,237.9891124775645,
60,15,60c_cap15,case_3_hybrid,sweep,worst_greedy,worst_removal,greedy_insertion,results/lns_operator_worst_greedy/case3_sweep,run_2026_07_12_235050,2,lns_sa_metrics_best.json,675.2666631002465,652.8734433786051,867.2666631002465,844.8734433786051,652.8734433786051,192.0,22.393219721641458,2.582045485478674,22.393219721641458,3.3162039450949585,22.393219721641458,2.582045485478674,4,"[2, 3, 4, 5, 6, 7, 8, 9, 10, 11, 12, 13, 14]",50,42,10.0,0.95,0.01,20,0.74,0.13333333333333333,1.0,104,96,,0.11579489707946777,3,0.2,,,,,,,,,ok,844.8734433786051,
60,25,60c_cap25,case_3_hybrid,sweep,worst_greedy,worst_removal,greedy_insertion,results/lns_operator_worst_greedy/case3_sweep,run_2026_07_12_235052,2,lns_sa_metrics_best.json,496.33892142505834,475.1071368100194,616.3389214250583,595.1071368100195,475.1071368100194,120.0,21.231784615038805,3.444822950000962,21.23178461503892,4.2776787591187695,21.231784615038805,3.444822950000962,5,"[2, 3, 4, 5, 6, 7, 8, 9, 10, 11, 12, 13, 14]",50,42,10.0,0.95,0.01,12,0.7400000000000001,0.16,1.0,88,112,,0.11372494697570801,3,0.2,,,,,,,,,ok,595.1071368100195,
60,35,60c_cap35,case_3_hybrid,sweep,worst_greedy,worst_removal,greedy_insertion,results/lns_operator_worst_greedy/case3_sweep,run_2026_07_12_235053,2,lns_sa_metrics_best.json,407.6220534739992,390.52947447041305,479.6220534739992,462.52947447041305,390.52947447041305,72.0,17.09257900358614,3.563760023080912,17.09257900358614,4.193241964685901,17.09257900358614,3.563760023080912,12,"[2, 3, 4, 5, 6, 7, 8, 9, 10, 11, 12, 13, 14]",50,42,10.0,0.95,0.01,9,0.7047619047619048,0.14285714285714285,1.0,130,70,,0.12526726722717285,3,0.2,,,,,,,,,ok,462.52947447041305,
80,15,80c_cap15,case_3_hybrid,sweep,worst_greedy,worst_removal,greedy_insertion,results/lns_operator_worst_greedy/case3_sweep,run_2026_07_12_235055,2,lns_sa_metrics_best.json,1049.585948333372,1032.0314557351198,1337.585948333372,1320.0314557351198,1032.0314557351198,288.0,17.554492598252182,1.3124010924400802,17.554492598252182,1.6725159693807639,17.554492598252182,1.3124010924400802,3,"[2, 3, 4, 5, 6, 7, 8, 9, 10, 11, 12, 13, 14, 15, 16, 17, 18, 19, 20]",50,42,10.0,0.95,0.01,24,0.7805555555555556,0.3333333333333333,1.0,66,134,,0.13084888458251953,3,0.2,,,,,,,,,ok,1320.0314557351198,
80,25,80c_cap25,case_3_hybrid,sweep,worst_greedy,worst_removal,greedy_insertion,results/lns_operator_worst_greedy/case3_sweep,run_2026_07_12_235058,2,lns_sa_metrics_best.json,738.7267073726305,720.6802447823276,930.7267073726305,912.6802447823276,720.6802447823276,192.0,18.046462590302895,1.938964730178063,18.046462590302895,2.4429146002433413,18.046462590302895,1.938964730178063,13,"[2, 3, 4, 5, 6, 7, 8, 9, 10, 11, 12, 13, 14, 15, 16, 17, 18, 19, 20]",50,42,10.0,0.95,0.01,14,0.8028571428571428,0.16,1.0,78,122,,0.15131092071533203,3,0.2,,,,,,,,,ok,912.6802447823276,
80,35,80c_cap35,case_3_hybrid,sweep,worst_greedy,worst_removal,greedy_insertion,results/lns_operator_worst_greedy/case3_sweep,run_2026_07_12_235101,2,lns_sa_metrics_best.json,645.5221529097106,597.7375488367162,805.5221529097106,757.7375488367162,597.7375488367162,160.0,47.7846040729944,5.932127862702055,47.7846040729944,7.402473154113125,47.7846040729944,5.932127862702055,14,"[2, 3, 4, 5, 6, 7, 8, 9, 10, 11, 12, 13, 14, 15, 16, 17, 18, 19, 20]",50,42,10.0,0.95,0.01,11,0.7298701298701299,0.11428571428571428,1.0,129,71,,0.15755701065063477,3,0.2,,,,,,,,,ok,757.7375488367162,
100,15,100c_cap15,case_3_hybrid,sweep,worst_greedy,worst_removal,greedy_insertion,results/lns_operator_worst_greedy/case3_sweep,run_2026_08_06_233246,1,lns_sa_metrics_best.json,1559.309487256861,1531.716135644123,1999.309487256861,1971.716135644123,1531.716135644123,440.0,27.59335161273816,1.3801440841756536,27.59335161273816,1.769587874520049,27.59335161273816,1.3801440841756536,13,"[2, 3, 4, 5, 6, 7, 8, 9, 10, 11, 12, 13, 14, 15, 16, 17, 18, 19, 20, 21, 22, 23, 24, 25]",50,42,10.0,0.95,0.01,28,0.8238095238095238,0.3333333333333333,1.0,40,160,,0.49155306816101074,3,0.2,,,,,,,,,ok,1971.716135644123,
100,25,100c_cap25,case_3_hybrid,sweep,worst_greedy,worst_removal,greedy_insertion,results/lns_operator_worst_greedy/case3_sweep,run_2026_08_06_233251,1,lns_sa_metrics_best.json,1136.469985691432,1098.6037130841041,1456.469985691432,1418.6037130841041,1098.6037130841041,320.0,37.8662726073278,2.599866319205438,37.8662726073278,3.3319201636715325,37.8662726073278,2.599866319205438,14,"[2, 3, 4, 5, 6, 7, 8, 9, 10, 11, 12, 13, 14, 15, 16, 17, 18, 19, 20, 21, 22, 23, 24, 25]",50,42,10.0,0.95,0.01,18,0.768888888888889,0.16,1.0,98,102,,0.16873908042907715,3,0.2,,,,,,,,,ok,1418.6037130841041,
100,35,100c_cap35,case_3_hybrid,sweep,worst_greedy,worst_removal,greedy_insertion,results/lns_operator_worst_greedy/case3_sweep,run_2026_08_06_233255,1,lns_sa_metrics_best.json,952.5407880911066,899.9599440368914,1192.5407880911066,1139.9599440368916,899.9599440368914,240.0,52.58084405421505,4.4091442891761305,52.58084405421516,5.520062207476413,52.58084405421505,4.4091442891761305,24,"[2, 3, 4, 5, 6, 7, 8, 9, 10, 11, 12, 13, 14, 15, 16, 17, 18, 19, 20, 21, 22, 23, 24, 25]",50,42,10.0,0.95,0.01,14,0.706122448979592,0.11428571428571428,0.9714285714285714,58,142,,0.2031409740447998,3,0.2,,,,,,,,,ok,1139.9599440368916,
150,15,150c_cap15,case_3_hybrid,sweep,worst_greedy,worst_removal,greedy_insertion,results/lns_operator_worst_greedy/case3_sweep,run_2026_08_06_233259,1,lns_sa_metrics_best.json,3435.5814609849253,3427.15327842022,4395.581460984926,4387.15327842022,3427.15327842022,960.0,8.428182564705821,0.1917421537858908,8.428182564705367,0.245320411127412,8.428182564705821,0.1917421537858908,12,"[2, 3, 4, 5, 6, 7, 8, 9, 10, 11, 12, 13, 14, 15, 16, 17, 18, 19, 20, 21, 22, 23, 24, 25, 26, 27, 28, 29, 30, 31, 32, 33, 34, 35, 36, 37]",50,42,10.0,0.95,0.01,42,0.842857142857143,0.4,1.0,22,178,,0.2262401580810547,3,0.2,,,,,,,,,ok,4387.15327842022,
150,25,150c_cap25,case_3_hybrid,sweep,worst_greedy,worst_removal,greedy_insertion,results/lns_operator_worst_greedy/case3_sweep,run_2026_08_06_233309,1,lns_sa_metrics_best.json,2366.760677206669,2238.9434671144068,2966.760677206669,2838.9434671144068,2238.9434671144068,600.0,127.81721009226203,4.308308758244948,127.81721009226203,5.400512663710309,127.81721009226203,4.308308758244948,18,"[2, 3, 4, 5, 6, 7, 8, 9, 10, 11, 12, 13, 14, 15, 16, 17, 18, 19, 20, 21, 22, 23, 24, 25, 26, 27, 28, 29, 30, 31, 32, 33, 34, 35, 36, 37]",50,42,10.0,0.95,0.01,26,0.816923076923077,0.2,1.0,12,188,,0.24507737159729004,3,0.2,,,,,,,,,ok,2838.9434671144068,
150,35,150c_cap35,case_3_hybrid,sweep,worst_greedy,worst_removal,greedy_insertion,results/lns_operator_worst_greedy/case3_sweep,run_2026_08_06_233319,1,lns_sa_metrics_best.json,1901.4403643340665,1867.7183448995456,2381.4403643340665,2347.7183448995456,1867.7183448995456,480.0,33.72201943452092,1.4160345956826328,33.72201943452092,1.7734986627535507,33.72201943452092,1.4160345956826328,27,"[2, 3, 4, 5, 6, 7, 8, 9, 10, 11, 12, 13, 14, 15, 16, 17, 18, 19, 20, 21, 22, 23, 24, 25, 26, 27, 28, 29, 30, 31, 32, 33, 34, 35, 36, 37]",50,42,10.0,0.95,0.01,19,0.7984962406015038,0.05714285714285714,1.0,9,191,,0.2927060127258301,3,0.2,,,,,,,,,ok,2347.7183448995456,
200,15,200c_cap15,case_3_hybrid,sweep,worst_greedy,worst_removal,greedy_insertion,results/lns_operator_worst_greedy/case3_sweep,run_2026_08_06_233329,1,lns_sa_metrics_best.json,6052.847461556266,5859.084107482099,7892.847461556266,7699.084107482099,5859.084107482099,1840.0,193.76335407416718,2.4549233342964167,193.76335407416718,3.2011934102887185,193.76335407416718,2.4549233342964167,7,"[2, 3, 4, 5, 6, 7, 8, 9, 10, 11, 12, 13, 14, 15, 16, 17, 18, 19, 20, 21, 22, 23, 24, 25, 26, 27, 28, 29, 30, 31, 32, 33, 34, 35, 36, 37, 38, 39, 40, 41, 42, 43, 44, 45, 46, 47, 48, 49, 50, 51, 52]",50,42,10.0,0.95,0.01,56,0.8345238095238096,0.26666666666666666,1.0,58,142,,0.220717191696167,3,0.2,,,,,,,,,ok,7699.084107482099,
200,25,200c_cap25,case_3_hybrid,sweep,worst_greedy,worst_removal,greedy_insertion,results/lns_operator_worst_greedy/case3_sweep,run_2026_08_06_233349,1,lns_sa_metrics_best.json,3940.603472208074,3822.2831405372917,5060.603472208074,4942.283140537292,3822.2831405372917,1120.0,118.32033167078225,2.3380676300875236,118.32033167078225,3.002594209370748,118.32033167078225,2.3380676300875236,12,"[2, 3, 4, 5, 6, 7, 8, 9, 10, 11, 12, 13, 14, 15, 16, 17, 18, 19, 20, 21, 22, 23, 24, 25, 26, 27, 28, 29, 30, 31, 32, 33, 34, 35, 36, 37, 38, 39, 40, 41, 42, 43, 44, 45, 46, 47, 48, 49, 50, 51, 52]",50,42,10.0,0.95,0.01,32,0.87625,0.24,1.0,24,176,,0.2614309787750244,3,0.2,,,,,,,,,ok,4942.283140537292,
200,35,200c_cap35,case_3_hybrid,sweep,worst_greedy,worst_removal,greedy_insertion,results/lns_operator_worst_greedy/case3_sweep,run_2026_08_06_233407,1,lns_sa_metrics_best.json,3143.78267907474,3027.3632357617453,4023.78267907474,3907.3632357617453,3027.3632357617453,880.0,116.41944331299464,2.8932835741458343,116.41944331299464,3.703164474055139,116.41944331299464,2.8932835741458343,8,"[2, 3, 4, 5, 6, 7, 8, 9, 10, 11, 12, 13, 14, 15, 16, 17, 18, 19, 20, 21, 22, 23, 24, 25, 26, 27, 28, 29, 30, 31, 32, 33, 34, 35, 36, 37, 38, 39, 40, 41, 42, 43, 44, 45, 46, 47, 48, 49, 50, 51, 52]",50,42,10.0,0.95,0.01,24,0.8345238095238097,0.17142857142857143,1.0,59,141,,0.2097468376159668,3,0.2,,,,,,,,,ok,3907.3632357617453,
20,15,20c_cap15,case_2_supplier_customer_direct,kmeans,worst_regret,worst_removal,regret_2_insertion,results/lns_operator_worst_regret/case2_kmeans,run_2026_07_12_131355,1,lns_sa_metrics_best.json,65.63297277702314,64.00408170216987,65.63297277702314,64.00408170216987,64.00408170216987,,1.6288910748532714,2.4818182171743945,,,,,3,"[2, 3, 4]",50,42,10.0,0.95,0.01,6,0.7444444444444445,0.26666666666666666,1.0,150,0,,0.07702803611755371,3,0.2,,,,,,,,,not_applicable,64.00408170216987,
20,25,20c_cap25,case_2_supplier_customer_direct,kmeans,worst_regret,worst_removal,regret_2_insertion,results/lns_operator_worst_regret/case2_kmeans,run_2026_07_12_131355,1,lns_sa_metrics_best.json,50.129832412654935,48.50094133780166,50.129832412654935,48.50094133780166,48.50094133780166,,1.6288910748532714,3.2493447443524044,,,,,3,"[2, 3, 4]",50,42,10.0,0.95,0.01,5,0.536,0.16,1.0,150,0,,0.07639694213867188,3,0.2,,,,,,,,,not_applicable,48.50094133780166,
20,35,20c_cap35,case_2_supplier_customer_direct,kmeans,worst_regret,worst_removal,regret_2_insertion,results/lns_operator_worst_regret/case2_kmeans,run_2026_07_12_131355,1,lns_sa_metrics_best.json,45.72156005665569,44.09266898180241,45.72156005665569,44.09266898180241,44.09266898180241,,1.6288910748532786,3.5626323179586277,,,,,3,"[2, 3, 4]",50,42,10.0,0.95,0.01,4,0.4785714285714286,0.11428571428571428,0.8571428571428571,150,0,,0.07459712028503418,3,0.2,,,,,,,,,not_applicable,44.09266898180241,
40,15,40c_cap15,case_2_supplier_customer_direct,kmeans,worst_regret,worst_removal,regret_2_insertion,results/lns_operator_worst_regret/case2_kmeans,run_2026_07_12_131355,1,lns_sa_metrics_best.json,233.6240619252252,233.62406192522522,233.6240619252252,233.62406192522522,233.62406192522522,,-2.842170943040401e-14,-1.2165574554345687e-14,,,,,2,"[2, 3, 4, 5]",50,42,10.0,0.95,0.01,10,0.9333333333333333,0.8,1.0,135,15,,0.1014862060546875,3,0.2,,,,,,,,,not_applicable,233.62406192522522,
40,25,40c_cap25,case_2_supplier_customer_direct,kmeans,worst_regret,worst_removal,regret_2_insertion,results/lns_operator_worst_regret/case2_kmeans,run_2026_07_12_131356,2,lns_sa_metrics_best.json,192.33005162510995,190.26896003217905,192.33005162510995,190.26896003217905,190.26896003217905,,2.061091592930893,1.0716430300493947,,,,,4,"[2, 3, 4, 5]",50,42,10.0,0.95,0.01,7,0.8,0.28,1.0,117,33,,0.0977330207824707,3,0.2,,,,,,,,,not_applicable,190.26896003217905,
40,35,40c_cap35,case_2_supplier_customer_direct,kmeans,worst_regret,worst_removal,regret_2_insertion,results/lns_operator_worst_regret/case2_kmeans,run_2026_07_12_131356,1,lns_sa_metrics_best.json,145.59337216574968,145.5933721657497,145.59337216574968,145.5933721657497,145.5933721657497,,-2.842170943040401e-14,-1.9521293454242905e-14,,,,,2,"[2, 3, 4, 5]",50,42,10.0,0.95,0.01,6,0.6666666666666666,0.22857142857142856,1.0,150,0,,0.08971285820007324,3,0.2,,,,,,,,,not_applicable,145.5933721657497,
60,15,60c_cap15,case_2_supplier_customer_direct,kmeans,worst_regret,worst_removal,regret_2_insertion,results/lns_operator_worst_regret/case2_kmeans,run_2026_07_12_131357,1,lns_sa_metrics_best.json,562.5058941860796,552.1294102776199,562.5058941860796,552.1294102776199,552.1294102776199,,10.376483908459704,1.844688920722156,,,,,4,"[2, 3, 4, 5, 6, 7, 8]",50,42,10.0,0.95,0.01,17,0.8705882352941177,0.26666666666666666,1.0,105,45,,0.10717391967773438,3,0.2,,,,,,,,,not_applicable,552.1294102776199,
60,25,60c_cap25,case_2_supplier_customer_direct,kmeans,worst_regret,worst_removal,regret_2_insertion,results/lns_operator_worst_regret/case2_kmeans,run_2026_07_12_131358,1,lns_sa_metrics_best.json,379.97834577997935,375.05874710547766,379.97834577997935,375.05874710547766,375.05874710547766,,4.919598674501685,1.2947050086244398,,,,,2,"[2, 3, 4, 5, 6, 7, 8]",50,42,10.0,0.95,0.01,11,0.8072727272727271,0.08,1.0,138,12,,0.09242391586303711,3,0.2,,,,,,,,,not_applicable,375.05874710547766,
60,35,60c_cap35,case_2_supplier_customer_direct,kmeans,worst_regret,worst_removal,regret_2_insertion,results/lns_operator_worst_regret/case2_kmeans,run_2026_07_12_131359,1,lns_sa_metrics_best.json,325.4872658221094,319.73911602373875,325.4872658221094,319.73911602373875,319.73911602373875,,5.748149798370662,1.7660137283257753,,,,,6,"[2, 3, 4, 5, 6, 7, 8]",50,42,10.0,0.95,0.01,9,0.7047619047619047,0.08571428571428572,1.0,67,83,,0.12917208671569824,3,0.2,,,,,,,,,not_applicable,319.73911602373875,
80,15,80c_cap15,case_2_supplier_customer_direct,kmeans,worst_regret,worst_removal,regret_2_insertion,results/lns_operator_worst_regret/case2_kmeans,run_2026_07_12_131400,1,lns_sa_metrics_best.json,889.1231593454308,886.8423425802011,889.1231593454308,886.8423425802011,886.8423425802011,,2.2808167652297016,0.2565242780211495,,,,,2,"[2, 3, 4, 5, 6, 7, 8, 9, 10, 11, 12]",50,42,10.0,0.95,0.01,20,0.9366666666666668,0.4,1.0,139,11,,0.10495400428771973,3,0.2,,,,,,,,,not_applicable,886.8423425802011,
80,25,80c_cap25,case_2_supplier_customer_direct,kmeans,worst_regret,worst_removal,regret_2_insertion,results/lns_operator_worst_regret/case2_kmeans,run_2026_07_12_131402,1,lns_sa_metrics_best.json,629.4745790143811,613.4810478710715,629.4745790143811,613.4810478710715,613.4810478710715,,15.99353114330961,2.5407747471473696,,,,,6,"[2, 3, 4, 5, 6, 7, 8, 9, 10, 11, 12]",50,42,10.0,0.95,0.01,13,0.8646153846153847,0.6,1.0,92,58,,0.15530896186828613,3,0.2,,,,,,,,,not_applicable,613.4810478710715,
80,35,80c_cap35,case_2_supplier_customer_direct,kmeans,worst_regret,worst_removal,regret_2_insertion,results/lns_operator_worst_regret/case2_kmeans,run_2026_07_12_131404,1,lns_sa_metrics_best.json,511.49035579173557,499.2845687009301,511.49035579173557,499.2845687009301,499.2845687009301,,12.205787090805472,2.3863181294810816,,,,,5,"[2, 3, 4, 5, 6, 7, 8, 9, 10, 11, 12]",50,42,10.0,0.95,0.01,10,0.8028571428571428,0.05714285714285714,1.0,134,16,,0.14106392860412598,3,0.2,,,,,,,,,not_applicable,499.2845687009301,
20,15,20c_cap15,case_2_supplier_customer_direct,no_clustering,worst_regret,worst_removal,regret_2_insertion,results/lns_operator_worst_regret/case2_no_cluster,run_2026_07_12_131608,1,lns_sa_metrics_best.json,63.40611899389782,63.40611899389783,63.40611899389782,63.40611899389783,63.40611899389783,,-7.105427357601002e-15,-1.1206217113343312e-14,,,,,2,"[2, 3, 4]",50,42,10.0,0.95,0.01,5,0.8933333333333333,0.6666666666666666,1.0,150,0,,0.09817004203796387,3,0.2,,,,,,,,,not_applicable,63.40611899389783,
20,25,20c_cap25,case_2_supplier_customer_direct,no_clustering,worst_regret,worst_removal,regret_2_insertion,results/lns_operator_worst_regret/case2_no_cluster,run_2026_07_12_131609,1,lns_sa_metrics_best.json,45.338338299968726,45.338338299968726,45.338338299968726,45.338338299968726,45.338338299968726,,0.0,0.0,,,,,2,"[2, 3, 4]",50,42,10.0,0.95,0.01,4,0.67,0.2,1.0,150,0,,0.07439684867858887,3,0.2,,,,,,,,,not_applicable,45.338338299968726,
20,35,20c_cap35,case_2_supplier_customer_direct,no_clustering,worst_regret,worst_removal,regret_2_insertion,results/lns_operator_worst_regret/case2_no_cluster,run_2026_07_12_131609,1,lns_sa_metrics_best.json,40.93006594396948,40.93006594396948,40.93006594396948,40.93006594396948,40.93006594396948,,0.0,0.0,,,,,2,"[2, 3, 4]",50,42,10.0,0.95,0.01,3,0.6380952380952382,0.42857142857142855,0.8571428571428571,150,0,,0.0728292465209961,3,0.2,,,,,,,,,not_applicable,40.93006594396948,
40,15,40c_cap15,case_2_supplier_customer_direct,no_clustering,worst_regret,worst_removal,regret_2_insertion,results/lns_operator_worst_regret/case2_no_cluster,run_2026_07_12_131609,1,lns_sa_metrics_best.json,250.37669562521955,247.4318829261107,250.37669562521955,247.4318829261107,247.4318829261107,,2.9448126991088657,1.1761528730760376,,,,,5,"[2, 3, 4, 5]",50,42,10.0,0.95,0.01,10,0.9333333333333332,0.7333333333333333,1.0,127,23,,0.10515189170837402,3,0.2,,,,,,,,,not_applicable,247.4318829261107,
40,25,40c_cap25,case_2_supplier_customer_direct,no_clustering,worst_regret,worst_removal,regret_2_insertion,results/lns_operator_worst_regret/case2_no_cluster,run_2026_07_12_131610,2,lns_sa_metrics_best.json,181.2188538338204,181.21885383382036,181.2188538338204,181.21885383382036,181.21885383382036,,2.842170943040401e-14,1.5683638224788143e-14,,,,,2,"[2, 3, 4, 5]",50,42,10.0,0.95,0.01,7,0.8,0.48,1.0,150,0,,0.08936119079589844,3,0.2,,,,,,,,,not_applicable,181.21885383382036,
40,35,40c_cap35,case_2_supplier_customer_direct,no_clustering,worst_regret,worst_removal,regret_2_insertion,results/lns_operator_worst_regret/case2_no_cluster,run_2026_07_12_131610,1,lns_sa_metrics_best.json,150.0389587916166,150.0389587916166,150.0389587916166,150.0389587916166,150.0389587916166,,0.0,0.0,,,,,2,"[2, 3, 4, 5]",50,42,10.0,0.95,0.01,6,0.6666666666666666,0.2,1.0,139,11,,0.0886080265045166,3,0.2,,,,,,,,,not_applicable,150.0389587916166,
60,15,60c_cap15,case_2_supplier_customer_direct,no_clustering,worst_regret,worst_removal,regret_2_insertion,results/lns_operator_worst_regret/case2_no_cluster,run_2026_07_12_131610,1,lns_sa_metrics_best.json,548.9089866556761,537.3791502799622,548.9089866556761,537.3791502799622,537.3791502799622,,11.529836375713899,2.100500566762705,,,,,7,"[2, 3, 4, 5, 6, 7, 8]",50,42,10.0,0.95,0.01,17,0.8705882352941177,0.13333333333333333,1.0,37,113,,0.13358688354492188,3,0.2,,,,,,,,,not_applicable,537.3791502799622,
60,25,60c_cap25,case_2_supplier_customer_direct,no_clustering,worst_regret,worst_removal,regret_2_insertion,results/lns_operator_worst_regret/case2_no_cluster,run_2026_07_12_131611,1,lns_sa_metrics_best.json,405.33739929276,381.75321258741974,405.33739929276,381.75321258741974,381.75321258741974,,23.584186705340244,5.818408749473983,,,,,4,"[2, 3, 4, 5, 6, 7, 8]",50,42,10.0,0.95,0.01,11,0.8072727272727271,0.08,1.0,108,42,,0.1069190502166748,3,0.2,,,,,,,,,not_applicable,381.75321258741974,
60,35,60c_cap35,case_2_supplier_customer_direct,no_clustering,worst_regret,worst_removal,regret_2_insertion,results/lns_operator_worst_regret/case2_no_cluster,run_2026_07_12_131612,1,lns_sa_metrics_best.json,315.3241956473402,308.5005157043731,315.3241956473402,308.5005157043731,308.5005157043731,,6.823679942967146,2.1640204073013085,,,,,2,"[2, 3, 4, 5, 6, 7, 8]",50,42,10.0,0.95,0.01,8,0.7928571428571429,0.2857142857142857,1.0,125,25,,0.08771204948425293,3,0.2,,,,,,,,,not_applicable,308.5005157043731,
80,15,80c_cap15,case_2_supplier_customer_direct,no_clustering,worst_regret,worst_removal,regret_2_insertion,results/lns_operator_worst_regret/case2_no_cluster,run_2026_07_12_131613,1,lns_sa_metrics_best.json,877.0411745206105,871.0315340286978,877.0411745206105,871.0315340286978,871.0315340286978,,6.009640491912705,0.6852176005530831,,,,,6,"[2, 3, 4, 5, 6, 7, 8, 9, 10, 11, 12]",50,42,10.0,0.95,0.01,20,0.9366666666666668,0.26666666666666666,1.0,57,93,,0.1425938606262207,3,0.2,,,,,,,,,not_applicable,871.0315340286978,
80,25,80c_cap25,case_2_supplier_customer_direct,no_clustering,worst_regret,worst_removal,regret_2_insertion,results/lns_operator_worst_regret/case2_no_cluster,run_2026_07_12_131615,1,lns_sa_metrics_best.json,635.4341214833732,624.9200767577863,635.4341214833732,624.9200767577863,624.9200767577863,,10.514044725586928,1.6546238815508805,,,,,4,"[2, 3, 4, 5, 6, 7, 8, 9, 10, 11, 12]",50,42,10.0,0.95,0.01,13,0.8646153846153845,0.24,1.0,106,44,,0.12536287307739258,3,0.2,,,,,,,,,not_applicable,624.9200767577863,
80,35,80c_cap35,case_2_supplier_customer_direct,no_clustering,worst_regret,worst_removal,regret_2_insertion,results/lns_operator_worst_regret/case2_no_cluster,run_2026_07_12_131617,1,lns_sa_metrics_best.json,510.91407848490496,489.53300920478137,510.91407848490496,489.53300920478137,489.53300920478137,,21.381069280123597,4.184865945273674,,,,,12,"[2, 3, 4, 5, 6, 7, 8, 9, 10, 11, 12]",50,42,10.0,0.95,0.01,9,0.892063492063492,0.6285714285714286,1.0,63,87,,0.25452113151550293,3,0.2,,,,,,,,,not_applicable,489.53300920478137,
20,15,20c_cap15,case_2_supplier_customer_direct,sweep,worst_regret,worst_removal,regret_2_insertion,results/lns_operator_worst_regret/case2_sweep,run_2026_07_12_130813,1,lns_sa_metrics_best.json,60.841478664336925,60.84147866433693,60.841478664336925,60.84147866433693,60.84147866433693,,-7.105427357601002e-15,-1.1678590845567246e-14,,,,,2,"[2, 3, 4]",50,42,10.0,0.95,0.01,5,0.8933333333333333,0.6666666666666666,1.0,150,0,,0.09040689468383789,3,0.2,,,,,,,,,not_applicable,60.84147866433693,
20,25,20c_cap25,case_2_supplier_customer_direct,sweep,worst_regret,worst_removal,regret_2_insertion,results/lns_operator_worst_regret/case2_sweep,run_2026_07_12_130813,1,lns_sa_metrics_best.json,54.79575867334405,50.88551621231972,54.79575867334405,50.88551621231972,50.88551621231972,,3.9102424610243247,7.136031247116398,,,,,2,"[2, 3, 4]",50,42,10.0,0.95,0.01,4,0.67,0.4,0.88,150,0,,0.07515597343444824,3,0.2,,,,,,,,,not_applicable,50.88551621231972,
20,35,20c_cap35,case_2_supplier_customer_direct,sweep,worst_regret,worst_removal,regret_2_insertion,results/lns_operator_worst_regret/case2_sweep,run_2026_07_12_130814,1,lns_sa_metrics_best.json,40.93006594396948,40.93006594396948,40.93006594396948,40.93006594396948,40.93006594396948,,0.0,0.0,,,,,2,"[2, 3, 4]",50,42,10.0,0.95,0.01,3,0.6380952380952382,0.42857142857142855,0.8571428571428571,150,0,,0.07377505302429199,3,0.2,,,,,,,,,not_applicable,40.93006594396948,
40,15,40c_cap15,case_2_supplier_customer_direct,sweep,worst_regret,worst_removal,regret_2_insertion,results/lns_operator_worst_regret/case2_sweep,run_2026_07_12_130814,1,lns_sa_metrics_best.json,263.78637596551715,260.297577234223,263.78637596551715,260.297577234223,260.297577234223,,3.488798731294139,1.3225848827576312,,,,,4,"[2, 3, 4, 5]",50,42,10.0,0.95,0.01,10,0.9333333333333333,0.8,1.0,114,36,,0.10131597518920898,3,0.2,,,,,,,,,not_applicable,260.297577234223,
40,25,40c_cap25,case_2_supplier_customer_direct,sweep,worst_regret,worst_removal,regret_2_insertion,results/lns_operator_worst_regret/case2_sweep,run_2026_07_12_130815,2,lns_sa_metrics_best.json,181.96909660488316,178.47677446213447,181.96909660488316,178.47677446213447,178.47677446213447,,3.492322142748691,1.9191841955074993,,,,,3,"[2, 3, 4, 5]",50,42,10.0,0.95,0.01,7,0.7999999999999999,0.36,1.0,144,6,,0.09701418876647949,3,0.2,,,,,,,,,not_applicable,178.47677446213447,
40,35,40c_cap35,case_2_supplier_customer_direct,sweep,worst_regret,worst_removal,regret_2_insertion,results/lns_operator_worst_regret/case2_sweep,run_2026_07_12_130815,1,lns_sa_metrics_best.json,155.96515611108038,155.8523605798735,155.96515611108038,155.8523605798735,155.8523605798735,,0.11279553120687069,0.07232098118539776,,,,,3,"[2, 3, 4, 5]",50,42,10.0,0.95,0.01,6,0.6666666666666666,0.22857142857142856,0.9714285714285714,150,0,,0.09565591812133789,3,0.2,,,,,,,,,not_applicable,155.8523605798735,
60,15,60c_cap15,case_2_supplier_customer_direct,sweep,worst_regret,worst_removal,regret_2_insertion,results/lns_operator_worst_regret/case2_sweep,run_2026_07_12_130816,1,lns_sa_metrics_best.json,560.368195578196,534.0317687459101,560.368195578196,534.0317687459101,534.0317687459101,,26.33642683228595,4.699843253079637,,,,,6,"[2, 3, 4, 5, 6, 7, 8]",50,42,10.0,0.95,0.01,17,0.8705882352941176,0.13333333333333333,1.0,30,120,,0.12169504165649414,3,0.2,,,,,,,,,not_applicable,534.0317687459101,
60,25,60c_cap25,case_2_supplier_customer_direct,sweep,worst_regret,worst_removal,regret_2_insertion,results/lns_operator_worst_regret/case2_sweep,run_2026_07_12_130817,1,lns_sa_metrics_best.json,392.9086790418891,384.98843433107186,392.9086790418891,384.98843433107186,384.98843433107186,,7.920244710817258,2.0157978515849626,,,,,7,"[2, 3, 4, 5, 6, 7, 8]",50,42,10.0,0.95,0.01,11,0.8072727272727271,0.08,1.0,63,87,,0.1420578956604004,3,0.2,,,,,,,,,not_applicable,384.98843433107186,
60,35,60c_cap35,case_2_supplier_customer_direct,sweep,worst_regret,worst_removal,regret_2_insertion,results/lns_operator_worst_regret/case2_sweep,run_2026_07_12_130818,1,lns_sa_metrics_best.json,325.1353058716005,313.37283120694985,325.1353058716005,313.37283120694985,313.37283120694985,,11.762474664650654,3.6177168250364615,,,,,7,"[2, 3, 4, 5, 6, 7, 8]",50,42,10.0,0.95,0.01,8,0.7928571428571428,0.2857142857142857,1.0,66,84,,0.15206193923950195,3,0.2,,,,,,,,,not_applicable,313.37283120694985,
80,15,80c_cap15,case_2_supplier_customer_direct,sweep,worst_regret,worst_removal,regret_2_insertion,results/lns_operator_worst_regret/case2_sweep,run_2026_07_12_130819,1,lns_sa_metrics_best.json,980.1147782629438,937.1011054284706,980.1147782629438,937.1011054284706,937.1011054284706,,43.01367283447314,4.388636289180969,,,,,3,"[2, 3, 4, 5, 6, 7, 8, 9, 10, 11, 12]",50,42,10.0,0.95,0.01,22,0.8515151515151516,0.3333333333333333,1.0,117,33,,0.11684989929199219,3,0.2,,,,,,,,,not_applicable,937.1011054284706,
80,25,80c_cap25,case_2_supplier_customer_direct,sweep,worst_regret,worst_removal,regret_2_insertion,results/lns_operator_worst_regret/case2_sweep,run_2026_07_12_130821,1,lns_sa_metrics_best.json,650.9513970158838,639.7939979161681,650.9513970158838,639.7939979161681,639.7939979161681,,11.15739909971569,1.714014156949945,,,,,7,"[2, 3, 4, 5, 6, 7, 8, 9, 10, 11, 12]",50,42,10.0,0.95,0.01,13,0.8646153846153848,0.44,1.0,103,47,,0.21060681343078613,3,0.2,,,,,,,,,not_applicable,639.7939979161681,
80,35,80c_cap35,case_2_supplier_customer_direct,sweep,worst_regret,worst_removal,regret_2_insertion,results/lns_operator_worst_regret/case2_sweep,run_2026_07_12_130823,1,lns_sa_metrics_best.json,530.7845381062182,517.9061965718058,530.7845381062182,517.9061965718058,517.9061965718058,,12.878341534412357,2.426284228316237,,,,,8,"[2, 3, 4, 5, 6, 7, 8, 9, 10, 11, 12]",50,42,10.0,0.95,0.01,10,0.8028571428571428,0.05714285714285714,1.0,111,39,,0.20023679733276367,3,0.2,,,,,,,,,not_applicable,517.9061965718058,
20,15,20c_cap15,case_3_hybrid,kmeans,worst_regret,worst_removal,regret_2_insertion,results/lns_operator_worst_regret/case3_kmeans,run_2026_07_12_132548,1,lns_sa_metrics_best.json,94.76529987543388,93.25934560676711,118.76529987543388,117.25934560676711,93.25934560676711,24.0,1.5059542686667697,1.2680086441462943,1.5059542686667697,1.589141036483081,1.5059542686667697,1.2680086441462943,3,"[2, 3, 4, 5]",50,42,10.0,0.95,0.01,9,0.49629629629629624,0.06666666666666667,1.0,199,1,,0.08272624015808105,3,0.2,,,,,,,,,ok,117.25934560676711,
20,25,20c_cap25,case_3_hybrid,kmeans,worst_regret,worst_removal,regret_2_insertion,results/lns_operator_worst_regret/case3_kmeans,run_2026_07_12_132548,1,lns_sa_metrics_best.json,77.41526031217806,75.9093060435113,101.41526031217806,99.9093060435113,75.9093060435113,24.0,1.5059542686667697,1.4849385230892445,1.5059542686667697,1.9452938123491275,1.5059542686667697,1.4849385230892445,3,"[2, 3, 4, 5]",50,42,10.0,0.95,0.01,7,0.38285714285714295,0.04,0.72,199,1,,0.08365583419799805,3,0.2,,,,,,,,,ok,99.9093060435113,
20,35,20c_cap35,case_3_hybrid,kmeans,worst_regret,worst_removal,regret_2_insertion,results/lns_operator_worst_regret/case3_kmeans,run_2026_07_12_132549,1,lns_sa_metrics_best.json,77.41526031217806,75.9093060435113,101.41526031217806,99.9093060435113,75.9093060435113,24.0,1.5059542686667697,1.4849385230892445,1.5059542686667697,1.9452938123491275,1.5059542686667697,1.4849385230892445,3,"[2, 3, 4, 5]",50,42,10.0,0.95,0.01,7,0.27346938775510204,0.02857142857142857,0.5142857142857142,199,1,,0.09386396408081055,3,0.2,,,,,,,,,ok,99.9093060435113,
40,15,40c_cap15,case_3_hybrid,kmeans,worst_regret,worst_removal,regret_2_insertion,results/lns_operator_worst_regret/case3_kmeans,run_2026_07_12_132549,1,lns_sa_metrics_best.json,306.1763991767963,301.2645130888794,402.1763991767963,397.2645130888794,301.2645130888794,96.0,4.911886087916855,1.2213262881588425,4.911886087916855,1.6042667237328672,4.911886087916855,1.2213262881588425,9,"[2, 3, 4, 5, 6, 7, 8, 9, 10]",50,42,10.0,0.95,0.01,14,0.6666666666666666,0.26666666666666666,1.0,184,16,,0.13346505165100098,3,0.2,,,,,,,,,ok,397.2645130888794,
40,25,40c_cap25,case_3_hybrid,kmeans,worst_regret,worst_removal,regret_2_insertion,results/lns_operator_worst_regret/case3_kmeans,run_2026_07_12_132550,2,lns_sa_metrics_best.json,222.52907906106748,212.57412307259068,270.5290790610675,260.5741230725907,212.57412307259068,48.0,9.954955988476797,3.679809957224461,9.954955988476797,4.473552863509092,9.954955988476797,3.679809957224461,3,"[2, 3, 4, 5, 6, 7, 8, 9, 10]",50,42,10.0,0.95,0.01,8,0.7000000000000001,0.16,0.96,197,3,,0.10429787635803223,3,0.2,,,,,,,,,ok,260.5741230725907,
40,35,40c_cap35,case_3_hybrid,kmeans,worst_regret,worst_removal,regret_2_insertion,results/lns_operator_worst_regret/case3_kmeans,run_2026_07_12_132552,1,lns_sa_metrics_best.json,219.77181860775102,197.95743552756784,267.771818607751,245.95743552756784,197.95743552756784,48.0,21.814383080183177,8.14663140938601,21.814383080183177,9.9259237232402,21.814383080183177,8.14663140938601,6,"[2, 3, 4, 5, 6, 7, 8, 9, 10]",50,42,10.0,0.95,0.01,8,0.5,0.02857142857142857,1.0,200,0,,0.12473487854003906,3,0.2,,,,,,,,,ok,245.95743552756784,
60,15,60c_cap15,case_3_hybrid,kmeans,worst_regret,worst_removal,regret_2_insertion,results/lns_operator_worst_regret/case3_kmeans,run_2026_07_12_132553,1,lns_sa_metrics_best.json,676.25997150048,658.6935212881878,868.25997150048,850.6935212881878,658.6935212881878,192.0,17.56645021229224,2.023178631848575,17.56645021229224,2.5975883465815586,17.56645021229224,2.023178631848575,5,"[2, 3, 4, 5, 6, 7, 8, 9, 10, 11, 12, 13, 14]",50,42,10.0,0.95,0.01,20,0.7399999999999999,0.13333333333333333,1.0,50,150,,0.1352682113647461,3,0.2,,,,,,,,,ok,850.6935212881878,
60,25,60c_cap25,case_3_hybrid,kmeans,worst_regret,worst_removal,regret_2_insertion,results/lns_operator_worst_regret/case3_kmeans,run_2026_07_12_132555,1,lns_sa_metrics_best.json,526.6801338014434,493.73173117063413,646.6801338014434,613.7317311706341,493.73173117063413,120.0,32.948402630809255,5.095007702977579,32.948402630809255,6.255865850301976,32.948402630809255,5.095007702977579,10,"[2, 3, 4, 5, 6, 7, 8, 9, 10, 11, 12, 13, 14]",50,42,10.0,0.95,0.01,14,0.6342857142857143,0.04,1.0,135,65,,0.1994762420654297,3,0.2,,,,,,,,,ok,613.7317311706341,
60,35,60c_cap35,case_3_hybrid,kmeans,worst_regret,worst_removal,regret_2_insertion,results/lns_operator_worst_regret/case3_kmeans,run_2026_07_12_132558,1,lns_sa_metrics_best.json,453.87935067541724,428.3232769020357,525.8793506754173,500.3232769020357,428.3232769020357,72.0,25.556073773381627,4.859683830627402,25.55607377338157,5.630587453549409,25.556073773381627,4.859683830627402,4,"[2, 3, 4, 5, 6, 7, 8, 9, 10, 11, 12, 13, 14]",50,42,10.0,0.95,0.01,12,0.5285714285714286,0.02857142857142857,1.0,150,50,,0.12399172782897949,3,0.2,,,,,,,,,ok,500.3232769020357,
80,15,80c_cap15,case_3_hybrid,kmeans,worst_regret,worst_removal,regret_2_insertion,results/lns_operator_worst_regret/case3_kmeans,run_2026_07_12_132600,1,lns_sa_metrics_best.json,1062.6121024423817,1054.275990041575,1350.6121024423817,1342.275990041575,1054.275990041575,288.0,8.336112400806769,0.6172099587832913,8.336112400806769,0.7844925144035597,8.336112400806769,0.6172099587832913,14,"[2, 3, 4, 5, 6, 7, 8, 9, 10, 11, 12, 13, 14, 15, 16, 17, 18, 19, 20]",50,42,10.0,0.95,0.01,25,0.7493333333333332,0.26666666666666666,1.0,93,107,,0.27901601791381836,3,0.2,,,,,,,,,ok,1342.275990041575,
80,25,80c_cap25,case_3_hybrid,kmeans,worst_regret,worst_removal,regret_2_insertion,results/lns_operator_worst_regret/case3_kmeans,run_2026_07_12_132605,1,lns_sa_metrics_best.json,770.8893340006891,742.9489644440145,962.8893340006891,934.9489644440145,742.9489644440145,192.0,27.940369556674682,2.901721783601633,27.940369556674682,3.6244332778185386,27.940369556674682,2.901721783601633,9,"[2, 3, 4, 5, 6, 7, 8, 9, 10, 11, 12, 13, 14, 15, 16, 17, 18, 19, 20]",50,42,10.0,0.95,0.01,15,0.7493333333333333,0.04,1.0,42,158,,0.21521401405334473,3,0.2,,,,,,,,,ok,934.9489644440145,
80,35,80c_cap35,case_3_hybrid,kmeans,worst_regret,worst_removal,regret_2_insertion,results/lns_operator_worst_regret/case3_kmeans,run_2026_07_12_132611,1,lns_sa_metrics_best.json,662.9118360421799,629.4921369208953,822.9118360421799,789.4921369208953,629.4921369208953,160.0,33.419699121284566,4.061151833958015,33.419699121284566,5.041348985532087,33.419699121284566,4.061151833958015,15,"[2, 3, 4, 5, 6, 7, 8, 9, 10, 11, 12, 13, 14, 15, 16, 17, 18, 19, 20]",50,42,10.0,0.95,0.01,13,0.6175824175824176,0.02857142857142857,1.0,136,64,,0.3878779411315918,3,0.2,,,,,,,,,ok,789.4921369208953,
100,15,100c_cap15,case_3_hybrid,kmeans,worst_regret,worst_removal,regret_2_insertion,results/lns_operator_worst_regret/case3_kmeans,run_2026_08_06_233619,1,lns_sa_metrics_best.json,1548.3882132372098,1520.7336390833532,1988.3882132372098,1960.7336390833532,1520.7336390833532,440.0,27.65457415385663,1.390803564905135,27.65457415385663,1.7860232929595419,27.65457415385663,1.390803564905135,5,"[2, 3, 4, 5, 6, 7, 8, 9, 10, 11, 12, 13, 14, 15, 16, 17, 18, 19, 20, 21, 22, 23, 24, 25]",50,42,10.0,0.95,0.01,28,0.8238095238095241,0.3333333333333333,1.0,103,97,,0.17061305046081543,3,0.2,,,,,,,,,ok,1960.7336390833532,
100,25,100c_cap25,case_3_hybrid,kmeans,worst_regret,worst_removal,regret_2_insertion,results/lns_operator_worst_regret/case3_kmeans,run_2026_08_06_233628,1,lns_sa_metrics_best.json,1107.8336358545364,1073.0300930549195,1427.8336358545364,1393.0300930549195,1073.0300930549195,320.0,34.803542799616935,2.437506858338405,34.803542799616935,3.141585674348201,34.803542799616935,2.437506858338405,17,"[2, 3, 4, 5, 6, 7, 8, 9, 10, 11, 12, 13, 14, 15, 16, 17, 18, 19, 20, 21, 22, 23, 24, 25]",50,42,10.0,0.95,0.01,17,0.8141176470588236,0.16,1.0,41,159,,0.4748568534851074,3,0.2,,,,,,,,,ok,1393.0300930549195,
100,35,100c_cap35,case_3_hybrid,kmeans,worst_regret,worst_removal,regret_2_insertion,results/lns_operator_worst_regret/case3_kmeans,run_2026_08_06_233638,1,lns_sa_metrics_best.json,940.2984713334815,873.7618303723324,1180.2984713334815,1113.7618303723325,873.7618303723324,240.0,66.53664096114903,5.6372724846434,66.53664096114915,7.076119231246904,66.53664096114903,5.6372724846434,12,"[2, 3, 4, 5, 6, 7, 8, 9, 10, 11, 12, 13, 14, 15, 16, 17, 18, 19, 20, 21, 22, 23, 24, 25]",50,42,10.0,0.95,0.01,14,0.706122448979592,0.11428571428571428,0.9714285714285714,50,150,,0.36205005645751953,3,0.2,,,,,,,,,ok,1113.7618303723325,
150,15,150c_cap15,case_3_hybrid,kmeans,worst_regret,worst_removal,regret_2_insertion,results/lns_operator_worst_regret/case3_kmeans,run_2026_08_06_233649,1,lns_sa_metrics_best.json,3407.799321342537,3302.648263997645,4367.799321342537,4262.648263997645,3302.648263997645,960.0,105.15105734489225,2.407415030060763,105.15105734489225,3.085600043592559,105.15105734489225,2.407415030060763,25,"[2, 3, 4, 5, 6, 7, 8, 9, 10, 11, 12, 13, 14, 15, 16, 17, 18, 19, 20, 21, 22, 23, 24, 25, 26, 27, 28, 29, 30, 31, 32, 33, 34, 35, 36, 37]",50,42,10.0,0.95,0.01,41,0.8634146341463418,0.4,1.0,7,193,,0.9421477317810059,3,0.2,,,,,,,,,ok,4262.648263997645,
150,25,150c_cap25,case_3_hybrid,kmeans,worst_regret,worst_removal,regret_2_insertion,results/lns_operator_worst_regret/case3_kmeans,run_2026_08_06_233718,1,lns_sa_metrics_best.json,2335.1454350079275,2258.3166148969813,2935.1454350079275,2858.3166148969813,2258.3166148969813,600.0,76.82882011094625,2.6175473008797856,76.82882011094625,3.2901085713612277,76.82882011094625,2.6175473008797856,10,"[2, 3, 4, 5, 6, 7, 8, 9, 10, 11, 12, 13, 14, 15, 16, 17, 18, 19, 20, 21, 22, 23, 24, 25, 26, 27, 28, 29, 30, 31, 32, 33, 34, 35, 36, 37]",50,42,10.0,0.95,0.01,26,0.8169230769230771,0.24,1.0,59,141,,0.38678884506225586,3,0.2,,,,,,,,,ok,2858.3166148969813,
150,35,150c_cap35,case_3_hybrid,kmeans,worst_regret,worst_removal,regret_2_insertion,results/lns_operator_worst_regret/case3_kmeans,run_2026_08_06_233751,1,lns_sa_metrics_best.json,1945.6999709924216,1855.157137649743,2425.6999709924216,2335.157137649743,1855.157137649743,480.0,90.54283334267848,3.7326476656399876,90.5428333426787,4.6534838203495745,90.54283334267848,3.7326476656399876,23,"[2, 3, 4, 5, 6, 7, 8, 9, 10, 11, 12, 13, 14, 15, 16, 17, 18, 19, 20, 21, 22, 23, 24, 25, 26, 27, 28, 29, 30, 31, 32, 33, 34, 35, 36, 37]",50,42,10.0,0.95,0.01,19,0.7984962406015038,0.08571428571428572,1.0,20,180,,1.132235050201416,3,0.2,,,,,,,,,ok,2335.157137649743,
200,15,200c_cap15,case_3_hybrid,kmeans,worst_regret,worst_removal,regret_2_insertion,results/lns_operator_worst_regret/case3_kmeans,run_2026_08_06_233829,1,lns_sa_metrics_best.json,5747.04406883622,5709.742350416948,7587.04406883622,7549.742350416948,5709.742350416948,1840.0,37.30171841927131,0.4916502142446767,37.30171841927131,0.649059202826418,37.30171841927131,0.4916502142446767,6,"[2, 3, 4, 5, 6, 7, 8, 9, 10, 11, 12, 13, 14, 15, 16, 17, 18, 19, 20, 21, 22, 23, 24, 25, 26, 27, 28, 29, 30, 31, 32, 33, 34, 35, 36, 37, 38, 39, 40, 41, 42, 43, 44, 45, 46, 47, 48, 49, 50, 51, 52]",50,42,10.0,0.95,0.01,54,0.8654320987654321,0.3333333333333333,1.0,43,157,,0.26009202003479004,3,0.2,,,,,,,,,ok,7549.742350416948,
200,25,200c_cap25,case_3_hybrid,kmeans,worst_regret,worst_removal,regret_2_insertion,results/lns_operator_worst_regret/case3_kmeans,run_2026_08_06_233944,1,lns_sa_metrics_best.json,3849.316644734236,3725.6825669542727,4969.3166447342355,4845.682566954272,3725.6825669542727,1120.0,123.63407777996326,2.4879492819394553,123.63407777996326,3.2118448335262686,123.63407777996326,2.4879492819394553,13,"[2, 3, 4, 5, 6, 7, 8, 9, 10, 11, 12, 13, 14, 15, 16, 17, 18, 19, 20, 21, 22, 23, 24, 25, 26, 27, 28, 29, 30, 31, 32, 33, 34, 35, 36, 37, 38, 39, 40, 41, 42, 43, 44, 45, 46, 47, 48, 49, 50, 51, 52]",50,42,10.0,0.95,0.01,31,0.9045161290322582,0.8,1.0,31,169,,0.6064009666442871,3,0.2,,,,,,,,,ok,4845.682566954272,
200,35,200c_cap35,case_3_hybrid,kmeans,worst_regret,worst_removal,regret_2_insertion,results/lns_operator_worst_regret/case3_kmeans,run_2026_08_06_234135,1,lns_sa_metrics_best.json,2971.8886701170895,2888.83082546569,3851.8886701170895,3768.83082546569,2888.83082546569,880.0,83.05784465139959,2.1562888173731873,83.05784465139959,2.794783179012126,83.05784465139959,2.1562888173731873,36,"[2, 3, 4, 5, 6, 7, 8, 9, 10, 11, 12, 13, 14, 15, 16, 17, 18, 19, 20, 21, 22, 23, 24, 25, 26, 27, 28, 29, 30, 31, 32, 33, 34, 35, 36, 37, 38, 39, 40, 41, 42, 43, 44, 45, 46, 47, 48, 49, 50, 51, 52]",50,42,10.0,0.95,0.01,24,0.8345238095238096,0.05714285714285714,1.0,20,180,,3.321805238723755,3,0.2,,,,,,,,,ok,3768.83082546569,
20,15,20c_cap15,case_3_hybrid,no_clustering,worst_regret,worst_removal,regret_2_insertion,results/lns_operator_worst_regret/case3_no_cluster,run_2026_07_12_132822,1,lns_sa_metrics_best.json,90.7811383504322,88.20162359943902,114.7811383504322,112.20162359943902,88.20162359943902,24.0,2.5795147509931837,2.247333305858846,2.5795147509931837,2.8414655267218323,2.5795147509931837,2.247333305858846,4,"[2, 3, 4, 5]",50,42,10.0,0.95,0.01,8,0.5583333333333332,0.06666666666666667,1.0,200,0,,0.08599591255187988,3,0.2,,,,,,,,,ok,112.20162359943902,
20,25,20c_cap25,case_3_hybrid,no_clustering,worst_regret,worst_removal,regret_2_insertion,results/lns_operator_worst_regret/case3_no_cluster,run_2026_07_12_132823,1,lns_sa_metrics_best.json,73.43109878717637,71.79766262125987,97.43109878717637,95.79766262125987,71.79766262125987,24.0,1.6334361659164927,1.6765038948031257,1.6334361659164927,2.2244473974856924,1.6334361659164927,1.6765038948031257,4,"[2, 3, 4, 5]",50,42,10.0,0.95,0.01,6,0.44666666666666677,0.12,0.72,200,0,,0.08449697494506836,3,0.2,,,,,,,,,ok,95.79766262125987,
20,35,20c_cap35,case_3_hybrid,no_clustering,worst_regret,worst_removal,regret_2_insertion,results/lns_operator_worst_regret/case3_no_cluster,run_2026_07_12_132823,1,lns_sa_metrics_best.json,73.43109878717637,71.79766262125987,97.43109878717637,95.79766262125987,71.79766262125987,24.0,1.6334361659164927,1.6765038948031257,1.6334361659164927,2.2244473974856924,1.6334361659164927,1.6765038948031257,4,"[2, 3, 4, 5]",50,42,10.0,0.95,0.01,6,0.319047619047619,0.08571428571428572,0.5142857142857142,200,0,,0.08615493774414062,3,0.2,,,,,,,,,ok,95.79766262125987,
40,15,40c_cap15,case_3_hybrid,no_clustering,worst_regret,worst_removal,regret_2_insertion,results/lns_operator_worst_regret/case3_no_cluster,run_2026_07_12_132824,1,lns_sa_metrics_best.json,317.7139933885292,308.0528587994687,413.7139933885292,404.0528587994687,308.0528587994687,96.0,9.66113458906051,2.3352206460146236,9.66113458906051,3.040827533600639,9.66113458906051,2.3352206460146236,6,"[2, 3, 4, 5, 6, 7, 8, 9, 10]",50,42,10.0,0.95,0.01,14,0.6666666666666666,0.26666666666666666,1.0,187,13,,0.12273192405700684,3,0.2,,,,,,,,,ok,404.0528587994687,
40,25,40c_cap25,case_3_hybrid,no_clustering,worst_regret,worst_removal,regret_2_insertion,results/lns_operator_worst_regret/case3_no_cluster,run_2026_07_12_132825,2,lns_sa_metrics_best.json,213.48666061666222,206.47961641307649,261.4866606166622,254.47961641307649,206.47961641307649,48.0,7.007044203585735,2.6796947068202526,7.007044203585735,3.2821929873022,7.007044203585735,2.6796947068202526,4,"[2, 3, 4, 5, 6, 7, 8, 9, 10]",50,42,10.0,0.95,0.01,7,0.7999999999999999,0.52,0.92,199,1,,0.12503719329833984,3,0.2,,,,,,,,,ok,254.47961641307649,
40,35,40c_cap35,case_3_hybrid,no_clustering,worst_regret,worst_removal,regret_2_insertion,results/lns_operator_worst_regret/case3_no_cluster,run_2026_07_12_132826,1,lns_sa_metrics_best.json,202.9587964753435,189.9891124775645,250.9587964753435,237.9891124775645,189.9891124775645,48.0,12.969683997778986,5.168053154515844,12.969683997778986,6.390303954800309,12.969683997778986,5.168053154515844,7,"[2, 3, 4, 5, 6, 7, 8, 9, 10]",50,42,10.0,0.95,0.01,7,0.5714285714285714,0.11428571428571428,1.0,199,1,,0.1253528594970703,3,0.2,,,,,,,,,ok,237.9891124775645,
60,15,60c_cap15,case_3_hybrid,no_clustering,worst_regret,worst_removal,regret_2_insertion,results/lns_operator_worst_regret/case3_no_cluster,run_2026_07_12_132827,1,lns_sa_metrics_best.json,683.447635460772,651.7079851353744,875.447635460772,843.7079851353744,651.7079851353744,192.0,31.73965032539752,3.6255338457441924,31.73965032539752,4.644050060104318,31.73965032539752,3.6255338457441924,10,"[2, 3, 4, 5, 6, 7, 8, 9, 10, 11, 12, 13, 14]",50,42,10.0,0.95,0.01,20,0.7399999999999999,0.13333333333333333,1.0,55,145,,0.174544095993042,3,0.2,,,,,,,,,ok,843.7079851353744,
60,25,60c_cap25,case_3_hybrid,no_clustering,worst_regret,worst_removal,regret_2_insertion,results/lns_operator_worst_regret/case3_no_cluster,run_2026_07_12_132830,1,lns_sa_metrics_best.json,477.911393962637,464.8544560447903,597.911393962637,584.8544560447904,464.8544560447903,120.0,13.056937917846653,2.1837580032238972,13.05693791784671,2.7320834118609647,13.056937917846653,2.1837580032238972,3,"[2, 3, 4, 5, 6, 7, 8, 9, 10, 11, 12, 13, 14]",50,42,10.0,0.95,0.01,12,0.7400000000000001,0.16,1.0,200,0,,0.111724853515625,3,0.2,,,,,,,,,ok,584.8544560447904,
60,35,60c_cap35,case_3_hybrid,no_clustering,worst_regret,worst_removal,regret_2_insertion,results/lns_operator_worst_regret/case3_no_cluster,run_2026_07_12_132832,1,lns_sa_metrics_best.json,417.15203122299897,390.57630681389924,489.15203122299897,462.57630681389924,390.57630681389924,72.0,26.575724409099735,5.433019329931834,26.575724409099735,6.370752728012732,26.575724409099735,5.433019329931834,12,"[2, 3, 4, 5, 6, 7, 8, 9, 10, 11, 12, 13, 14]",50,42,10.0,0.95,0.01,9,0.7047619047619048,0.14285714285714285,1.0,148,52,,0.21124815940856934,3,0.2,,,,,,,,,ok,462.57630681389924,
80,15,80c_cap15,case_3_hybrid,no_clustering,worst_regret,worst_removal,regret_2_insertion,results/lns_operator_worst_regret/case3_no_cluster,run_2026_07_12_132835,1,lns_sa_metrics_best.json,1075.3883639913515,1036.5223961022082,1363.3883639913515,1324.5223961022082,1036.5223961022082,288.0,38.86596788914335,2.85068942317817,38.86596788914335,3.6141331997391704,38.86596788914335,2.85068942317817,17,"[2, 3, 4, 5, 6, 7, 8, 9, 10, 11, 12, 13, 14, 15, 16, 17, 18, 19, 20]",50,42,10.0,0.95,0.01,24,0.7805555555555556,0.26666666666666666,1.0,52,148,,0.3134646415710449,3,0.2,,,,,,,,,ok,1324.5223961022082,
80,25,80c_cap25,case_3_hybrid,no_clustering,worst_regret,worst_removal,regret_2_insertion,results/lns_operator_worst_regret/case3_no_cluster,run_2026_07_12_132839,1,lns_sa_metrics_best.json,752.5164985260036,725.4920307556995,944.5164985260036,917.4920307556995,725.4920307556995,192.0,27.024467770304113,2.8611959465481056,27.024467770304113,3.591212660883643,27.024467770304113,2.8611959465481056,15,"[2, 3, 4, 5, 6, 7, 8, 9, 10, 11, 12, 13, 14, 15, 16, 17, 18, 19, 20]",50,42,10.0,0.95,0.01,14,0.8028571428571428,0.28,1.0,38,162,,0.3401150703430176,3,0.2,,,,,,,,,ok,917.4920307556995,
80,35,80c_cap35,case_3_hybrid,no_clustering,worst_regret,worst_removal,regret_2_insertion,results/lns_operator_worst_regret/case3_no_cluster,run_2026_07_12_132845,1,lns_sa_metrics_best.json,620.3949986042885,609.5291620065993,780.3949986042885,769.5291620065993,609.5291620065993,160.0,10.865836597689167,1.392350875790128,10.865836597689167,1.7514384581007576,10.865836597689167,1.392350875790128,12,"[2, 3, 4, 5, 6, 7, 8, 9, 10, 11, 12, 13, 14, 15, 16, 17, 18, 19, 20]",50,42,10.0,0.95,0.01,11,0.7298701298701299,0.11428571428571428,1.0,139,61,,0.29315781593322754,3,0.2,,,,,,,,,ok,769.5291620065993,
100,15,100c_cap15,case_3_hybrid,no_clustering,worst_regret,worst_removal,regret_2_insertion,results/lns_operator_worst_regret/case3_no_cluster,run_2026_08_06_235122,1,lns_sa_metrics_best.json,1556.0477506692682,1505.000993563273,1996.0477506692682,1945.000993563273,1505.000993563273,440.0,51.04675710599531,2.557391579879765,51.04675710599531,3.2805392433516074,51.04675710599531,2.557391579879765,5,"[2, 3, 4, 5, 6, 7, 8, 9, 10, 11, 12, 13, 14, 15, 16, 17, 18, 19, 20, 21, 22, 23, 24, 25]",50,42,10.0,0.95,0.01,28,0.8238095238095241,0.3333333333333333,1.0,109,91,,0.1695249080657959,3,0.2,,,,,,,,,ok,1945.000993563273,
100,25,100c_cap25,case_3_hybrid,no_clustering,worst_regret,worst_removal,regret_2_insertion,results/lns_operator_worst_regret/case3_no_cluster,run_2026_08_06_235130,1,lns_sa_metrics_best.json,1103.5460774339185,1094.8667164559486,1423.5460774339185,1414.8667164559486,1094.8667164559486,320.0,8.679360977969964,0.6097000382042683,8.679360977969964,0.7864973792623255,8.679360977969964,0.6097000382042683,22,"[2, 3, 4, 5, 6, 7, 8, 9, 10, 11, 12, 13, 14, 15, 16, 17, 18, 19, 20, 21, 22, 23, 24, 25]",50,42,10.0,0.95,0.01,18,0.7688888888888891,0.16,1.0,34,166,,0.6414079666137695,3,0.2,,,,,,,,,ok,1414.8667164559486,
100,35,100c_cap35,case_3_hybrid,no_clustering,worst_regret,worst_removal,regret_2_insertion,results/lns_operator_worst_regret/case3_no_cluster,run_2026_08_06_235140,1,lns_sa_metrics_best.json,933.1421556057326,879.9347325518489,1173.1421556057326,1119.9347325518488,879.9347325518489,240.0,53.20742305388376,4.535462543873123,53.207423053883645,5.701963279040266,53.20742305388376,4.535462543873123,14,"[2, 3, 4, 5, 6, 7, 8, 9, 10, 11, 12, 13, 14, 15, 16, 17, 18, 19, 20, 21, 22, 23, 24, 25]",50,42,10.0,0.95,0.01,14,0.7061224489795919,0.11428571428571428,0.9714285714285714,51,149,,0.42590808868408203,3,0.2,,,,,,,,,ok,1119.9347325518488,
150,15,150c_cap15,case_3_hybrid,no_clustering,worst_regret,worst_removal,regret_2_insertion,results/lns_operator_worst_regret/case3_no_cluster,run_2026_08_06_235151,1,lns_sa_metrics_best.json,3329.976600546286,3270.2907258583277,4289.976600546286,4230.290725858327,3270.2907258583277,960.0,59.68587468795886,1.3912867189149343,59.6858746879584,1.792381204065124,59.68587468795886,1.3912867189149343,25,"[2, 3, 4, 5, 6, 7, 8, 9, 10, 11, 12, 13, 14, 15, 16, 17, 18, 19, 20, 21, 22, 23, 24, 25, 26, 27, 28, 29, 30, 31, 32, 33, 34, 35, 36, 37]",50,42,10.0,0.95,0.01,42,0.842857142857143,0.26666666666666666,1.0,5,195,,0.9507079124450684,3,0.2,,,,,,,,,ok,4230.290725858327,
150,25,150c_cap25,case_3_hybrid,no_clustering,worst_regret,worst_removal,regret_2_insertion,results/lns_operator_worst_regret/case3_no_cluster,run_2026_08_06_235221,1,lns_sa_metrics_best.json,2340.1576192604707,2236.753078201685,2940.1576192604707,2836.753078201685,2236.753078201685,600.0,103.40454105878553,3.5169727085854183,103.40454105878553,4.418699843451703,103.40454105878553,3.5169727085854183,20,"[2, 3, 4, 5, 6, 7, 8, 9, 10, 11, 12, 13, 14, 15, 16, 17, 18, 19, 20, 21, 22, 23, 24, 25, 26, 27, 28, 29, 30, 31, 32, 33, 34, 35, 36, 37]",50,42,10.0,0.95,0.01,26,0.816923076923077,0.24,1.0,38,162,,0.9374291896820068,3,0.2,,,,,,,,,ok,2836.753078201685,
150,35,150c_cap35,case_3_hybrid,no_clustering,worst_regret,worst_removal,regret_2_insertion,results/lns_operator_worst_regret/case3_no_cluster,run_2026_08_06_235258,1,lns_sa_metrics_best.json,1900.844730990529,1852.2145051645725,2380.8447309905287,2332.2145051645725,1852.2145051645725,480.0,48.63022582595613,2.0425618350056776,48.63022582595636,2.5583481403352275,48.63022582595613,2.0425618350056776,30,"[2, 3, 4, 5, 6, 7, 8, 9, 10, 11, 12, 13, 14, 15, 16, 17, 18, 19, 20, 21, 22, 23, 24, 25, 26, 27, 28, 29, 30, 31, 32, 33, 34, 35, 36, 37]",50,42,10.0,0.95,0.01,19,0.7984962406015038,0.05714285714285714,1.0,10,190,,1.6643922328948975,3,0.2,,,,,,,,,ok,2332.2145051645725,
200,15,200c_cap15,case_3_hybrid,no_clustering,worst_regret,worst_removal,regret_2_insertion,results/lns_operator_worst_regret/case3_no_cluster,run_2026_08_06_235336,1,lns_sa_metrics_best.json,5727.450203775925,5659.953613075525,7567.450203775925,7499.953613075525,5659.953613075525,1840.0,67.49659070039979,0.8919330670550177,67.49659070039979,1.1784753825690435,67.49659070039979,0.8919330670550177,5,"[2, 3, 4, 5, 6, 7, 8, 9, 10, 11, 12, 13, 14, 15, 16, 17, 18, 19, 20, 21, 22, 23, 24, 25, 26, 27, 28, 29, 30, 31, 32, 33, 34, 35, 36, 37, 38, 39, 40, 41, 42, 43, 44, 45, 46, 47, 48, 49, 50, 51, 52]",50,42,10.0,0.95,0.01,55,0.8496969696969697,0.4,1.0,51,149,,0.23838210105895996,3,0.2,,,,,,,,,ok,7499.953613075525,
200,25,200c_cap25,case_3_hybrid,no_clustering,worst_regret,worst_removal,regret_2_insertion,results/lns_operator_worst_regret/case3_no_cluster,run_2026_08_06_235500,1,lns_sa_metrics_best.json,3835.780200182673,3743.155102068774,4955.780200182673,4863.155102068774,3743.155102068774,1120.0,92.62509811389918,1.8690316029448797,92.62509811389918,2.414765530868741,92.62509811389918,1.8690316029448797,39,"[2, 3, 4, 5, 6, 7, 8, 9, 10, 11, 12, 13, 14, 15, 16, 17, 18, 19, 20, 21, 22, 23, 24, 25, 26, 27, 28, 29, 30, 31, 32, 33, 34, 35, 36, 37, 38, 39, 40, 41, 42, 43, 44, 45, 46, 47, 48, 49, 50, 51, 52]",50,42,10.0,0.95,0.01,31,0.9045161290322581,0.16,1.0,7,193,,2.9846341609954834,3,0.2,,,,,,,,,ok,4863.155102068774,
200,35,200c_cap35,case_3_hybrid,no_clustering,worst_regret,worst_removal,regret_2_insertion,results/lns_operator_worst_regret/case3_no_cluster,run_2026_08_06_235640,1,lns_sa_metrics_best.json,3068.150105240352,2913.9316452634075,3948.150105240352,3793.9316452634075,2913.9316452634075,880.0,154.21845997694436,3.906094141969204,154.21845997694436,5.026431389831341,154.21845997694436,3.906094141969204,11,"[2, 3, 4, 5, 6, 7, 8, 9, 10, 11, 12, 13, 14, 15, 16, 17, 18, 19, 20, 21, 22, 23, 24, 25, 26, 27, 28, 29, 30, 31, 32, 33, 34, 35, 36, 37, 38, 39, 40, 41, 42, 43, 44, 45, 46, 47, 48, 49, 50, 51, 52]",50,42,10.0,0.95,0.01,24,0.8345238095238097,0.14285714285714285,1.0,60,140,,0.5370478630065918,3,0.2,,,,,,,,,ok,3793.9316452634075,
20,15,20c_cap15,case_3_hybrid,sweep,worst_regret,worst_removal,regret_2_insertion,results/lns_operator_worst_regret/case3_sweep,run_2026_07_12_132150,1,lns_sa_metrics_best.json,90.7811383504322,88.20162359943902,114.7811383504322,112.20162359943902,88.20162359943902,24.0,2.5795147509931837,2.247333305858846,2.5795147509931837,2.8414655267218323,2.5795147509931837,2.247333305858846,4,"[2, 3, 4, 5]",50,42,10.0,0.95,0.01,8,0.5583333333333332,0.06666666666666667,1.0,200,0,,0.08800888061523438,3,0.2,,,,,,,,,ok,112.20162359943902,
20,25,20c_cap25,case_3_hybrid,sweep,worst_regret,worst_removal,regret_2_insertion,results/lns_operator_worst_regret/case3_sweep,run_2026_07_12_132150,1,lns_sa_metrics_best.json,73.43109878717637,71.79766262125987,97.43109878717637,95.79766262125987,71.79766262125987,24.0,1.6334361659164927,1.6765038948031257,1.6334361659164927,2.2244473974856924,1.6334361659164927,1.6765038948031257,4,"[2, 3, 4, 5]",50,42,10.0,0.95,0.01,6,0.44666666666666677,0.12,0.72,200,0,,0.0892939567565918,3,0.2,,,,,,,,,ok,95.79766262125987,
20,35,20c_cap35,case_3_hybrid,sweep,worst_regret,worst_removal,regret_2_insertion,results/lns_operator_worst_regret/case3_sweep,run_2026_07_12_132151,1,lns_sa_metrics_best.json,73.43109878717637,71.79766262125987,97.43109878717637,95.79766262125987,71.79766262125987,24.0,1.6334361659164927,1.6765038948031257,1.6334361659164927,2.2244473974856924,1.6334361659164927,1.6765038948031257,4,"[2, 3, 4, 5]",50,42,10.0,0.95,0.01,6,0.319047619047619,0.08571428571428572,0.5142857142857142,200,0,,0.08526110649108887,3,0.2,,,,,,,,,ok,95.79766262125987,
40,15,40c_cap15,case_3_hybrid,sweep,worst_regret,worst_removal,regret_2_insertion,results/lns_operator_worst_regret/case3_sweep,run_2026_07_12_132151,1,lns_sa_metrics_best.json,322.0540449853214,312.3929103962609,418.0540449853214,408.3929103962609,312.3929103962609,96.0,9.66113458906051,2.31097742144792,9.66113458906051,2.9998488575111186,9.66113458906051,2.31097742144792,6,"[2, 3, 4, 5, 6, 7, 8, 9, 10]",50,42,10.0,0.95,0.01,14,0.6666666666666666,0.26666666666666666,1.0,188,12,,0.11784005165100098,3,0.2,,,,,,,,,ok,408.3929103962609,
40,25,40c_cap25,case_3_hybrid,sweep,worst_regret,worst_removal,regret_2_insertion,results/lns_operator_worst_regret/case3_sweep,run_2026_07_12_132152,2,lns_sa_metrics_best.json,216.64980673822936,209.64276253464362,264.64980673822936,257.6427625346436,209.64276253464362,48.0,7.007044203585735,2.6476664728935733,7.007044203585735,3.234272076712309,7.007044203585735,2.6476664728935733,4,"[2, 3, 4, 5, 6, 7, 8, 9, 10]",50,42,10.0,0.95,0.01,7,0.8,0.52,0.96,199,1,,0.10751485824584961,3,0.2,,,,,,,,,ok,257.6427625346436,
40,35,40c_cap35,case_3_hybrid,sweep,worst_regret,worst_removal,regret_2_insertion,results/lns_operator_worst_regret/case3_sweep,run_2026_07_12_132154,1,lns_sa_metrics_best.json,201.53998274758732,189.9891124775645,249.53998274758732,237.9891124775645,189.9891124775645,48.0,11.550870270022813,4.628865540039191,11.550870270022813,5.731304584107934,11.550870270022813,4.628865540039191,7,"[2, 3, 4, 5, 6, 7, 8, 9, 10]",50,42,10.0,0.95,0.01,7,0.5714285714285714,0.11428571428571428,1.0,199,1,,0.12748098373413086,3,0.2,,,,,,,,,ok,237.9891124775645,
60,15,60c_cap15,case_3_hybrid,sweep,worst_regret,worst_removal,regret_2_insertion,results/lns_operator_worst_regret/case3_sweep,run_2026_07_12_132155,1,lns_sa_metrics_best.json,675.2666631002465,652.8734433786051,867.2666631002465,844.8734433786051,652.8734433786051,192.0,22.393219721641458,2.582045485478674,22.393219721641458,3.3162039450949585,22.393219721641458,2.582045485478674,11,"[2, 3, 4, 5, 6, 7, 8, 9, 10, 11, 12, 13, 14]",50,42,10.0,0.95,0.01,20,0.74,0.13333333333333333,1.0,71,129,,0.18856024742126465,3,0.2,,,,,,,,,ok,844.8734433786051,
60,25,60c_cap25,case_3_hybrid,sweep,worst_regret,worst_removal,regret_2_insertion,results/lns_operator_worst_regret/case3_sweep,run_2026_07_12_132157,1,lns_sa_metrics_best.json,496.33892142505834,473.7299710332786,616.3389214250583,593.7299710332786,473.7299710332786,120.0,22.608950391779672,3.6682658851893932,22.60895039177973,4.555143555308191,22.608950391779672,3.6682658851893932,14,"[2, 3, 4, 5, 6, 7, 8, 9, 10, 11, 12, 13, 14]",50,42,10.0,0.95,0.01,12,0.7400000000000001,0.16,1.0,142,58,,0.24230194091796875,3,0.2,,,,,,,,,ok,593.7299710332786,
60,35,60c_cap35,case_3_hybrid,sweep,worst_regret,worst_removal,regret_2_insertion,results/lns_operator_worst_regret/case3_sweep,run_2026_07_12_132159,1,lns_sa_metrics_best.json,407.6220534739992,389.55682794014433,479.6220534739992,461.55682794014433,389.55682794014433,72.0,18.065225533854857,3.7665543948625353,18.065225533854857,4.431856760421128,18.065225533854857,3.7665543948625353,12,"[2, 3, 4, 5, 6, 7, 8, 9, 10, 11, 12, 13, 14]",50,42,10.0,0.95,0.01,9,0.7047619047619048,0.14285714285714285,1.0,149,51,,0.21596336364746094,3,0.2,,,,,,,,,ok,461.55682794014433,
80,15,80c_cap15,case_3_hybrid,sweep,worst_regret,worst_removal,regret_2_insertion,results/lns_operator_worst_regret/case3_sweep,run_2026_07_12_132202,1,lns_sa_metrics_best.json,1049.585948333372,1030.5431218301785,1337.585948333372,1318.5431218301785,1030.5431218301785,288.0,19.04282650319351,1.423671243475667,19.04282650319351,1.814317973047509,19.04282650319351,1.423671243475667,15,"[2, 3, 4, 5, 6, 7, 8, 9, 10, 11, 12, 13, 14, 15, 16, 17, 18, 19, 20]",50,42,10.0,0.95,0.01,24,0.7805555555555556,0.3333333333333333,1.0,43,157,,0.287459135055542,3,0.2,,,,,,,,,ok,1318.5431218301785,
80,25,80c_cap25,case_3_hybrid,sweep,worst_regret,worst_removal,regret_2_insertion,results/lns_operator_worst_regret/case3_sweep,run_2026_07_12_132206,1,lns_sa_metrics_best.json,738.7267073726305,717.6943066322764,930.7267073726305,909.6943066322764,717.6943066322764,192.0,21.032400740354092,2.2597826594798094,21.032400740354092,2.847115249854487,21.032400740354092,2.2597826594798094,7,"[2, 3, 4, 5, 6, 7, 8, 9, 10, 11, 12, 13, 14, 15, 16, 17, 18, 19, 20]",50,42,10.0,0.95,0.01,14,0.8028571428571428,0.36,1.0,110,90,,0.1931312084197998,3,0.2,,,,,,,,,ok,909.6943066322764,
80,35,80c_cap35,case_3_hybrid,sweep,worst_regret,worst_removal,regret_2_insertion,results/lns_operator_worst_regret/case3_sweep,run_2026_07_12_132212,1,lns_sa_metrics_best.json,645.5221529097106,617.4704737705183,805.5221529097106,777.4704737705183,617.4704737705183,160.0,28.051679139192288,3.4824218102337587,28.051679139192288,4.345579623061501,28.051679139192288,3.4824218102337587,18,"[2, 3, 4, 5, 6, 7, 8, 9, 10, 11, 12, 13, 14, 15, 16, 17, 18, 19, 20]",50,42,10.0,0.95,0.01,11,0.72987012987013,0.11428571428571428,1.0,136,64,,0.4558908939361572,3,0.2,,,,,,,,,ok,777.4704737705183,
100,15,100c_cap15,case_3_hybrid,sweep,worst_regret,worst_removal,regret_2_insertion,results/lns_operator_worst_regret/case3_sweep,run_2026_08_06_234345,1,lns_sa_metrics_best.json,1559.309487256861,1527.507397429204,1999.309487256861,1967.507397429204,1527.507397429204,440.0,31.802089827657028,1.5906536746990017,31.802089827657028,2.0394982578861427,31.802089827657028,1.5906536746990017,11,"[2, 3, 4, 5, 6, 7, 8, 9, 10, 11, 12, 13, 14, 15, 16, 17, 18, 19, 20, 21, 22, 23, 24, 25]",50,42,10.0,0.95,0.01,28,0.8238095238095238,0.3333333333333333,1.0,52,148,,0.2653360366821289,3,0.2,,,,,,,,,ok,1967.507397429204,
100,25,100c_cap25,case_3_hybrid,sweep,worst_regret,worst_removal,regret_2_insertion,results/lns_operator_worst_regret/case3_sweep,run_2026_08_06_234354,1,lns_sa_metrics_best.json,1136.469985691432,1105.8020277455382,1456.469985691432,1425.8020277455382,1105.8020277455382,320.0,30.667957945893704,2.1056361097159626,30.667957945893704,2.6985277510197703,30.667957945893704,2.1056361097159626,22,"[2, 3, 4, 5, 6, 7, 8, 9, 10, 11, 12, 13, 14, 15, 16, 17, 18, 19, 20, 21, 22, 23, 24, 25]",50,42,10.0,0.95,0.01,18,0.7688888888888891,0.16,1.0,37,163,,0.7551350593566895,3,0.2,,,,,,,,,ok,1425.8020277455382,
100,35,100c_cap35,case_3_hybrid,sweep,worst_regret,worst_removal,regret_2_insertion,results/lns_operator_worst_regret/case3_sweep,run_2026_08_06_234404,1,lns_sa_metrics_best.json,952.5407880911066,899.9599440368914,1192.5407880911066,1139.9599440368916,899.9599440368914,240.0,52.58084405421505,4.4091442891761305,52.58084405421516,5.520062207476413,52.58084405421505,4.4091442891761305,25,"[2, 3, 4, 5, 6, 7, 8, 9, 10, 11, 12, 13, 14, 15, 16, 17, 18, 19, 20, 21, 22, 23, 24, 25]",50,42,10.0,0.95,0.01,14,0.706122448979592,0.11428571428571428,0.9714285714285714,44,156,,0.8822479248046875,3,0.2,,,,,,,,,ok,1139.9599440368916,
150,15,150c_cap15,case_3_hybrid,sweep,worst_regret,worst_removal,regret_2_insertion,results/lns_operator_worst_regret/case3_sweep,run_2026_08_06_234415,1,lns_sa_metrics_best.json,3435.5814609849253,3406.188967737914,4395.581460984926,4366.188967737914,3406.188967737914,960.0,29.39249324701177,0.6686827103057656,29.392493247011316,0.8555318388109174,29.39249324701177,0.6686827103057656,7,"[2, 3, 4, 5, 6, 7, 8, 9, 10, 11, 12, 13, 14, 15, 16, 17, 18, 19, 20, 21, 22, 23, 24, 25, 26, 27, 28, 29, 30, 31, 32, 33, 34, 35, 36, 37]",50,42,10.0,0.95,0.01,42,0.842857142857143,0.4,1.0,60,140,,0.2830770015716553,3,0.2,,,,,,,,,ok,4366.188967737914,
150,25,150c_cap25,case_3_hybrid,sweep,worst_regret,worst_removal,regret_2_insertion,results/lns_operator_worst_regret/case3_sweep,run_2026_08_06_234445,1,lns_sa_metrics_best.json,2366.760677206669,2262.580408476886,2966.760677206669,2862.580408476886,2262.580408476886,600.0,104.18026872978271,3.51158317319592,104.18026872978271,4.401808333774575,104.18026872978271,3.51158317319592,5,"[2, 3, 4, 5, 6, 7, 8, 9, 10, 11, 12, 13, 14, 15, 16, 17, 18, 19, 20, 21, 22, 23, 24, 25, 26, 27, 28, 29, 30, 31, 32, 33, 34, 35, 36, 37]",50,42,10.0,0.95,0.01,26,0.816923076923077,0.2,1.0,89,111,,0.22525405883789062,3,0.2,,,,,,,,,ok,2862.580408476886,
150,35,150c_cap35,case_3_hybrid,sweep,worst_regret,worst_removal,regret_2_insertion,results/lns_operator_worst_regret/case3_sweep,run_2026_08_06_234519,1,lns_sa_metrics_best.json,1901.4403643340665,1866.4029584976547,2381.4403643340665,2346.4029584976547,1866.4029584976547,480.0,35.037405836411835,1.471269504000765,35.037405836411835,1.8426770827852306,35.037405836411835,1.471269504000765,29,"[2, 3, 4, 5, 6, 7, 8, 9, 10, 11, 12, 13, 14, 15, 16, 17, 18, 19, 20, 21, 22, 23, 24, 25, 26, 27, 28, 29, 30, 31, 32, 33, 34, 35, 36, 37]",50,42,10.0,0.95,0.01,19,0.7984962406015038,0.05714285714285714,1.0,15,185,,1.605705976486206,3,0.2,,,,,,,,,ok,2346.4029584976547,
200,15,200c_cap15,case_3_hybrid,sweep,worst_regret,worst_removal,regret_2_insertion,results/lns_operator_worst_regret/case3_sweep,run_2026_08_06_234558,1,lns_sa_metrics_best.json,6052.847461556266,5898.955034963679,7892.847461556266,7738.955034963679,5898.955034963679,1840.0,153.89242659258707,1.9497706922900986,153.89242659258707,2.542479842256248,153.89242659258707,1.9497706922900986,7,"[2, 3, 4, 5, 6, 7, 8, 9, 10, 11, 12, 13, 14, 15, 16, 17, 18, 19, 20, 21, 22, 23, 24, 25, 26, 27, 28, 29, 30, 31, 32, 33, 34, 35, 36, 37, 38, 39, 40, 41, 42, 43, 44, 45, 46, 47, 48, 49, 50, 51, 52]",50,42,10.0,0.95,0.01,56,0.8345238095238096,0.26666666666666666,1.0,57,143,,0.3097269535064697,3,0.2,,,,,,,,,ok,7738.955034963679,
200,25,200c_cap25,case_3_hybrid,sweep,worst_regret,worst_removal,regret_2_insertion,results/lns_operator_worst_regret/case3_sweep,run_2026_08_06_234726,1,lns_sa_metrics_best.json,3940.603472208074,3837.40284097085,5060.603472208074,4957.40284097085,3837.40284097085,1120.0,103.20063123722412,2.039294953733946,103.20063123722412,2.618904235482409,103.20063123722412,2.039294953733946,7,"[2, 3, 4, 5, 6, 7, 8, 9, 10, 11, 12, 13, 14, 15, 16, 17, 18, 19, 20, 21, 22, 23, 24, 25, 26, 27, 28, 29, 30, 31, 32, 33, 34, 35, 36, 37, 38, 39, 40, 41, 42, 43, 44, 45, 46, 47, 48, 49, 50, 51, 52]",50,42,10.0,0.95,0.01,32,0.8762499999999999,0.24,1.0,78,122,,0.2921321392059326,3,0.2,,,,,,,,,ok,4957.40284097085,
200,35,200c_cap35,case_3_hybrid,sweep,worst_regret,worst_removal,regret_2_insertion,results/lns_operator_worst_regret/case3_sweep,run_2026_08_06_234909,1,lns_sa_metrics_best.json,3143.78267907474,3013.1442093801584,4023.78267907474,3893.1442093801584,3013.1442093801584,880.0,130.63846969458154,3.2466581849450575,130.63846969458154,4.155454846294602,130.63846969458154,3.2466581849450575,49,"[2, 3, 4, 5, 6, 7, 8, 9, 10, 11, 12, 13, 14, 15, 16, 17, 18, 19, 20, 21, 22, 23, 24, 25, 26, 27, 28, 29, 30, 31, 32, 33, 34, 35, 36, 37, 38, 39, 40, 41, 42, 43, 44, 45, 46, 47, 48, 49, 50, 51, 52]",50,42,10.0,0.95,0.01,24,0.8345238095238097,0.05714285714285714,1.0,13,187,,5.336538791656494,3,0.2,,,,,,,,,ok,3893.1442093801584,
