timing_lns_scenario,timing_model_family,operator_pair,destroy_operator,repair_operator,routing_case,clustering,instance_name,customer_count,vehicle_capacity,source_folder,selected_run_timestamp,latest_available_run_timestamp,selected_run_is_latest_available,run_folder_count,metrics_source_file,summary_source_file,baseline_reference_scenario,baseline_reference_folder,baseline_run_path,baseline_reference_algorithm,baseline_reference_distance,baseline_reference_customer_delivery_distance,baseline_reference_system_distance,total_lns_distance,customer_delivery_lns_distance,supplier_depot_replenishment_distance,total_lns_system_distance,depot_lns_distance,supplier_lns_distance,improvement_distance,improvement_percent,system_improvement_distance,system_improvement_percent,customer_delivery_improvement_distance,customer_delivery_improvement_percent,system_distance_change_pct_check,hybrid_system_distance_check,n_routes,best_solution_route_count,n_depot_lns_routes,n_supplier_lns_routes,lns_avg_utilization,lns_min_utilization,lns_max_utilization,lns_trip_distances,lns_trip_loads,lns_trip_utilization,n_remove,tested_n_remove_values,n_iterations,best_iteration,accepted_moves,rejected_moves,rejected_infeasible_moves,non_infeasible_rejected_moves,acceptance_rate,infeasible_rejection_rate,non_infeasible_rejection_rate,initial_temperature,cooling_rate,minimum_temperature,seed,route_scope,adaptive_operator_selection,average_speed,scenario_parameter_check,fixed_depot_ready_time,fixed_depot_ready_time_label,supplier_arrival_start_time,supplier_arrival_start_time_label,supplier_arrival_end_time,supplier_arrival_end_time_label,depot_handling_time,depot_handling_time_minutes,dispatch_waves,dispatch_wave_labels,working_day_end_time,working_day_end_time_label,depot_timing_feasibility_after_lns,n_depot_timing_routes,n_depot_timing_feasible_routes,n_depot_timing_infeasible_routes,infeasible_timing_route_ids,infeasible_timing_customers,latest_depot_route_finish_time_after_lns,latest_depot_route_finish_time_after_lns_label,avg_depot_route_duration_hours,max_depot_route_duration_hours,avg_depot_route_utilization,routes_per_wave,routes_per_wave_label,n_routes_departing_before_goods_ready,n_routes_exceeding_working_day,n_routes_without_feasible_wave,avg_waiting_time_minutes,max_waiting_time_minutes,timing_records_count,route_records_count,accepted_infeasible_candidate_check,final_customer_coverage_summary,depot_customer_coverage_summary,supplier_direct_coverage_summary,notes_or_warnings
fixed_split,fixed_timing,random_regret,random_removal,regret_2_insertion_fixed_timing_for_depot,case_3_hybrid,kmeans,20c_cap15,20,15,results/lns_timing_fixed_split_random_regret/case3_kmeans,run_2026_07_18_165122,run_2026_07_18_165122,True,1,lns_sa_metrics_best.json,lns_sa_summary_best.json,fixed_timing_split_repair,results/hybrid_supplier_customer_kmeans_timing_fixed_split_v1,/Users/danishali/Desktop/Desktop - Danish’s MacBook Air/Master Thesis/results/hybrid_supplier_customer_kmeans_timing_fixed_split_v1/20c_cap15/run_2026_07_16_190958,hybrid_supplier_customer_kmeans_timing_fixed_split_v1,90.78113835043219,90.78113835043219,114.78113835043219,84.21746207443732,84.21746207443732,24.0,108.21746207443732,35.179536767558346,49.037925306878975,6.563676275994865,7.230220280624645,6.563676275994865,5.718427583420243,6.563676275994865,7.230220280624645,-5.718427583420243,ok,7,7,2,5,0.6380952380952379,0.3333333333333333,1.0,"[17.37844083473668, 17.801095932821667, 9.416131982401836, 8.035406163987215, 10.199644453814301, 16.30873694921756, 5.078005757458056]","[15, 12, 11, 6, 6, 12, 5]","[1.0, 0.8, 0.7333333333333333, 0.4, 0.4, 0.8, 0.3333333333333333]",3,"[2, 3, 4, 5]",50,,189,11,0,11.0,3.78,0.0,0.22,10.0,0.95,0.01,42,hybrid,False,30,ok,9.0,09:00,,,,,,,,,18.0,18:00,True,2,2,0,[],[],10.745948027824555,10:45,1.6696589461259723,1.7459480278245558,0.9,,,,,,,,2,7,no_infeasible_acceptance_evidence_in_saved_records,"{""all_customers_served_exactly_once"": true, ""duplicate_customers"": [], ""extra_customers"": [], ""missing_customers"": [], ""n_expected_customers"": 20, ""n_served_customers"": 20}","{""all_customers_served_exactly_once"": true, ""duplicate_customers"": [], ""extra_customers"": [], ""missing_customers"": [], ""n_expected_customers"": 13, ""n_served_customers"": 13}","{""all_customers_served_exactly_once"": true, ""duplicate_customers"": [], ""extra_customers"": [], ""missing_customers"": [], ""n_expected_customers"": 7, ""n_served_customers"": 7}",
fixed_split,fixed_timing,random_regret,random_removal,regret_2_insertion_fixed_timing_for_depot,case_3_hybrid,kmeans,20c_cap25,20,25,results/lns_timing_fixed_split_random_regret/case3_kmeans,run_2026_07_18_165123,run_2026_07_18_165123,True,1,lns_sa_metrics_best.json,lns_sa_summary_best.json,fixed_timing_split_repair,results/hybrid_supplier_customer_kmeans_timing_fixed_split_v1,/Users/danishali/Desktop/Desktop - Danish’s MacBook Air/Master Thesis/results/hybrid_supplier_customer_kmeans_timing_fixed_split_v1/20c_cap25/run_2026_07_16_190958,hybrid_supplier_customer_kmeans_timing_fixed_split_v1,73.43109878717637,73.43109878717637,97.43109878717637,66.75822855161768,66.75822855161768,24.0,90.75822855161768,35.07034280799452,31.687885743623156,6.67287023555869,9.08725369192488,6.67287023555869,6.848809382858932,6.67287023555869,9.08725369192488,-6.848809382858932,ok,5,5,2,3,0.5360000000000001,0.2,0.72,"[18.91334505751544, 16.156997750479086, 10.171703841593862, 16.438176144571237, 5.078005757458056]","[16, 11, 17, 18, 5]","[0.64, 0.44, 0.68, 0.72, 0.2]",5,"[2, 3, 4, 5]",50,,200,0,0,0.0,4.0,0.0,0.0,10.0,0.95,0.01,42,hybrid,False,30,ok,9.0,09:00,,,,,,,,,18.0,18:00,True,2,2,0,[],[],10.963778168583847,10:58,1.6678390467999087,1.9637781685838478,0.54,,,,,,,,2,5,no_infeasible_acceptance_evidence_in_saved_records,"{""all_customers_served_exactly_once"": true, ""duplicate_customers"": [], ""extra_customers"": [], ""missing_customers"": [], ""n_expected_customers"": 20, ""n_served_customers"": 20}","{""all_customers_served_exactly_once"": true, ""duplicate_customers"": [], ""extra_customers"": [], ""missing_customers"": [], ""n_expected_customers"": 13, ""n_served_customers"": 13}","{""all_customers_served_exactly_once"": true, ""duplicate_customers"": [], ""extra_customers"": [], ""missing_customers"": [], ""n_expected_customers"": 7, ""n_served_customers"": 7}",
fixed_split,fixed_timing,random_regret,random_removal,regret_2_insertion_fixed_timing_for_depot,case_3_hybrid,kmeans,20c_cap35,20,35,results/lns_timing_fixed_split_random_regret/case3_kmeans,run_2026_07_18_165124,run_2026_07_18_165124,True,1,lns_sa_metrics_best.json,lns_sa_summary_best.json,fixed_timing_split_repair,results/hybrid_supplier_customer_kmeans_timing_fixed_split_v1,/Users/danishali/Desktop/Desktop - Danish’s MacBook Air/Master Thesis/results/hybrid_supplier_customer_kmeans_timing_fixed_split_v1/20c_cap35/run_2026_07_16_190958,hybrid_supplier_customer_kmeans_timing_fixed_split_v1,73.43109878717637,73.43109878717637,97.43109878717637,62.77406702661598,62.77406702661598,24.0,86.77406702661598,31.086181282992825,31.687885743623156,10.657031760560386,14.512967852282058,10.657031760560386,10.938018654432991,10.657031760560386,14.512967852282058,-10.938018654432991,ok,4,4,1,3,0.47857142857142854,0.14285714285714285,0.7714285714285715,"[31.086181282992825, 10.171703841593862, 16.438176144571237, 5.078005757458056]","[27, 17, 18, 5]","[0.7714285714285715, 0.4857142857142857, 0.5142857142857142, 0.14285714285714285]",3,"[2, 3, 4, 5]",50,,200,0,0,0.0,4.0,0.0,0.0,10.0,0.95,0.01,42,hybrid,False,30,ok,9.0,09:00,,,,,,,,,18.0,18:00,True,1,1,0,[],[],12.202872709433095,12:12,3.2028727094330938,3.2028727094330938,0.7714285714285715,,,,,,,,1,4,no_infeasible_acceptance_evidence_in_saved_records,"{""all_customers_served_exactly_once"": true, ""duplicate_customers"": [], ""extra_customers"": [], ""missing_customers"": [], ""n_expected_customers"": 20, ""n_served_customers"": 20}","{""all_customers_served_exactly_once"": true, ""duplicate_customers"": [], ""extra_customers"": [], ""missing_customers"": [], ""n_expected_customers"": 13, ""n_served_customers"": 13}","{""all_customers_served_exactly_once"": true, ""duplicate_customers"": [], ""extra_customers"": [], ""missing_customers"": [], ""n_expected_customers"": 7, ""n_served_customers"": 7}",
fixed_split,fixed_timing,random_regret,random_removal,regret_2_insertion_fixed_timing_for_depot,case_3_hybrid,kmeans,40c_cap15,40,15,results/lns_timing_fixed_split_random_regret/case3_kmeans,run_2026_07_18_165124,run_2026_07_18_165124,True,1,lns_sa_metrics_best.json,lns_sa_summary_best.json,fixed_timing_split_repair,results/hybrid_supplier_customer_kmeans_timing_fixed_split_v1,/Users/danishali/Desktop/Desktop - Danish’s MacBook Air/Master Thesis/results/hybrid_supplier_customer_kmeans_timing_fixed_split_v1/40c_cap15/run_2026_07_16_190959,hybrid_supplier_customer_kmeans_timing_fixed_split_v1,292.99911567690134,292.99911567690134,388.99911567690134,282.8707640827188,282.8707640827188,96.0,378.8707640827188,112.25602177929346,170.61474230342532,10.128351594182561,3.4567857212754833,10.128351594182561,2.603695274874369,10.128351594182561,3.4567857212754833,-2.603695274874369,ok,12,12,4,8,0.7777777777777777,0.4,1.0,"[23.832270646566915, 30.267038964902444, 31.687508348071574, 26.469203819752515, 6.3934522483934, 18.580697466932477, 22.706444254450606, 30.817525757453872, 32.61747389843512, 22.311657116469387, 11.969191387312788, 25.218300173977656]","[13, 14, 15, 13, 6, 12, 11, 12, 12, 11, 10, 11]","[0.8666666666666667, 0.9333333333333333, 1.0, 0.8666666666666667, 0.4, 0.8, 0.7333333333333333, 0.8, 0.8, 0.7333333333333333, 0.6666666666666666, 0.7333333333333333]",6,"[2, 3, 4, 5, 6, 7, 8, 9, 10]",50,,111,89,0,89.0,2.22,0.0,1.78,10.0,0.95,0.01,42,hybrid,False,30,ok,9.0,09:00,,,,,,,,,18.0,18:00,True,4,4,0,[],[],11.222916944935719,11:13,1.9771335148274451,2.2229169449357187,0.9166666666666666,,,,,,,,4,12,no_infeasible_acceptance_evidence_in_saved_records,"{""all_customers_served_exactly_once"": true, ""duplicate_customers"": [], ""extra_customers"": [], ""missing_customers"": [], ""n_expected_customers"": 40, ""n_served_customers"": 40}","{""all_customers_served_exactly_once"": true, ""duplicate_customers"": [], ""extra_customers"": [], ""missing_customers"": [], ""n_expected_customers"": 25, ""n_served_customers"": 25}","{""all_customers_served_exactly_once"": true, ""duplicate_customers"": [], ""extra_customers"": [], ""missing_customers"": [], ""n_expected_customers"": 15, ""n_served_customers"": 15}",
fixed_split,fixed_timing,random_regret,random_removal,regret_2_insertion_fixed_timing_for_depot,case_3_hybrid,kmeans,40c_cap25,40,25,results/lns_timing_fixed_split_random_regret/case3_kmeans,run_2026_07_18_165127,run_2026_07_18_165127,True,2,lns_sa_metrics_best.json,lns_sa_summary_best.json,fixed_timing_split_repair,results/hybrid_supplier_customer_kmeans_timing_fixed_split_v1,/Users/danishali/Desktop/Desktop - Danish’s MacBook Air/Master Thesis/results/hybrid_supplier_customer_kmeans_timing_fixed_split_v1/40c_cap25/run_2026_07_16_190959,hybrid_supplier_customer_kmeans_timing_fixed_split_v1,215.18474879574904,215.18474879574904,263.18474879574904,206.47961641307649,206.47961641307649,48.0,254.47961641307649,95.90356419080155,110.57605222227494,8.70513238267256,4.0454225642800425,8.70513238267256,3.307612778667654,8.70513238267256,4.0454225642800425,-3.307612778667654,ok,7,7,3,4,0.7999999999999999,0.52,0.92,"[35.202235817276254, 30.86802023539854, 29.833308138126757, 18.84518554309777, 31.793315511466282, 34.02535239499606, 25.912198772714817]","[22, 20, 13, 18, 23, 23, 21]","[0.88, 0.8, 0.52, 0.72, 0.92, 0.92, 0.84]",5,"[2, 3, 4, 5, 6, 7, 8, 9, 10]",50,,166,34,0,34.0,3.32,0.0,0.68,10.0,0.95,0.01,42,hybrid,False,30,ok,9.0,09:00,,,,,,,,,18.0,18:00,True,3,3,0,[],[],11.840074527242543,11:50,2.4544840465644615,2.8400745272425416,0.7333333333333334,,,,,,,,3,7,no_infeasible_acceptance_evidence_in_saved_records,"{""all_customers_served_exactly_once"": true, ""duplicate_customers"": [], ""extra_customers"": [], ""missing_customers"": [], ""n_expected_customers"": 40, ""n_served_customers"": 40}","{""all_customers_served_exactly_once"": true, ""duplicate_customers"": [], ""extra_customers"": [], ""missing_customers"": [], ""n_expected_customers"": 25, ""n_served_customers"": 25}","{""all_customers_served_exactly_once"": true, ""duplicate_customers"": [], ""extra_customers"": [], ""missing_customers"": [], ""n_expected_customers"": 15, ""n_served_customers"": 15}",
fixed_split,fixed_timing,random_regret,random_removal,regret_2_insertion_fixed_timing_for_depot,case_3_hybrid,kmeans,40c_cap35,40,35,results/lns_timing_fixed_split_random_regret/case3_kmeans,run_2026_07_18_165130,run_2026_07_18_165130,True,1,lns_sa_metrics_best.json,lns_sa_summary_best.json,fixed_timing_split_repair,results/hybrid_supplier_customer_kmeans_timing_fixed_split_v1,/Users/danishali/Desktop/Desktop - Danish’s MacBook Air/Master Thesis/results/hybrid_supplier_customer_kmeans_timing_fixed_split_v1/40c_cap35/run_2026_07_16_191000,hybrid_supplier_customer_kmeans_timing_fixed_split_v1,204.62300192541986,204.62300192541986,252.62300192541986,185.1465666365013,185.1465666365013,48.0,233.1465666365013,86.51719228330128,98.62937435320002,19.476435288918566,9.518204261326034,19.476435288918566,7.709684051125502,19.476435288918566,9.518204261326034,-7.709684051125502,ok,6,6,2,4,0.6666666666666666,0.17142857142857143,1.0,"[39.644307026912735, 46.87288525638856, 32.29837093709574, 6.3934522483934, 34.02535239499606, 25.912198772714817]","[27, 28, 35, 6, 23, 21]","[0.7714285714285715, 0.8, 1.0, 0.17142857142857143, 0.6571428571428571, 0.6]",2,"[2, 3, 4, 5, 6, 7, 8, 9, 10]",50,,196,4,0,4.0,3.92,0.0,0.08,10.0,0.95,0.01,42,hybrid,False,30,ok,9.0,09:00,,,,,,,,,18.0,18:00,True,2,2,0,[],[],12.729096175212952,12:44,3.5252865380550213,3.729096175212952,0.7857142857142858,,,,,,,,2,6,no_infeasible_acceptance_evidence_in_saved_records,"{""all_customers_served_exactly_once"": true, ""duplicate_customers"": [], ""extra_customers"": [], ""missing_customers"": [], ""n_expected_customers"": 40, ""n_served_customers"": 40}","{""all_customers_served_exactly_once"": true, ""duplicate_customers"": [], ""extra_customers"": [], ""missing_customers"": [], ""n_expected_customers"": 25, ""n_served_customers"": 25}","{""all_customers_served_exactly_once"": true, ""duplicate_customers"": [], ""extra_customers"": [], ""missing_customers"": [], ""n_expected_customers"": 15, ""n_served_customers"": 15}",
fixed_split,fixed_timing,random_regret,random_removal,regret_2_insertion_fixed_timing_for_depot,case_3_hybrid,kmeans,60c_cap15,60,15,results/lns_timing_fixed_split_random_regret/case3_kmeans,run_2026_07_18_165133,run_2026_07_18_165133,True,1,lns_sa_metrics_best.json,lns_sa_summary_best.json,fixed_timing_split_repair,results/hybrid_supplier_customer_kmeans_timing_fixed_split_v1,/Users/danishali/Desktop/Desktop - Danish’s MacBook Air/Master Thesis/results/hybrid_supplier_customer_kmeans_timing_fixed_split_v1/60c_cap15/run_2026_07_16_191000,hybrid_supplier_customer_kmeans_timing_fixed_split_v1,662.5752543717753,662.5752543717753,854.5752543717753,638.0900319492309,638.0900319492309,192.0,830.0900319492309,241.6030284176238,396.4870035316072,24.485222422544325,3.695462856632057,24.485222422544325,2.8651920702459575,24.485222422544325,3.695462856632057,-2.8651920702459575,ok,18,18,6,12,0.8222222222222221,0.7333333333333333,1.0,"[34.86948300921971, 42.37633159496472, 44.560263561773446, 36.468226515225325, 27.855598483580916, 55.47312525285968, 24.50295060620958, 29.75696418926369, 28.24839594720551, 33.739067334601195, 46.226288636180804, 22.31206296120649, 30.958581801207757, 41.199764920157236, 47.110922035406624, 13.815667376368612, 39.39595580116857, 39.22038192263109]","[14, 15, 15, 11, 13, 15, 12, 11, 11, 11, 12, 11, 11, 11, 12, 11, 15, 11]","[0.9333333333333333, 1.0, 1.0, 0.7333333333333333, 0.8666666666666667, 1.0, 0.8, 0.7333333333333333, 0.7333333333333333, 0.7333333333333333, 0.8, 0.7333333333333333, 0.7333333333333333, 0.7333333333333333, 0.8, 0.7333333333333333, 1.0, 0.7333333333333333]",13,"[2, 3, 4, 5, 6, 7, 8, 9, 10, 11, 12, 13, 14]",50,,62,138,0,138.0,1.24,0.0,2.76,10.0,0.95,0.01,42,hybrid,False,30,ok,9.0,09:00,,,,,,,,,18.0,18:00,True,6,6,0,[],[],12.182437508428656,12:11,2.3144612689867983,3.182437508428656,0.9222222222222222,,,,,,,,6,18,no_infeasible_acceptance_evidence_in_saved_records,"{""all_customers_served_exactly_once"": true, ""duplicate_customers"": [], ""extra_customers"": [], ""missing_customers"": [], ""n_expected_customers"": 60, ""n_served_customers"": 60}","{""all_customers_served_exactly_once"": true, ""duplicate_customers"": [], ""extra_customers"": [], ""missing_customers"": [], ""n_expected_customers"": 35, ""n_served_customers"": 35}","{""all_customers_served_exactly_once"": true, ""duplicate_customers"": [], ""extra_customers"": [], ""missing_customers"": [], ""n_expected_customers"": 25, ""n_served_customers"": 25}",
fixed_split,fixed_timing,random_regret,random_removal,regret_2_insertion_fixed_timing_for_depot,case_3_hybrid,kmeans,60c_cap25,60,25,results/lns_timing_fixed_split_random_regret/case3_kmeans,run_2026_07_18_165140,run_2026_07_18_165140,True,1,lns_sa_metrics_best.json,lns_sa_summary_best.json,fixed_timing_split_repair,results/hybrid_supplier_customer_kmeans_timing_fixed_split_v1,/Users/danishali/Desktop/Desktop - Danish’s MacBook Air/Master Thesis/results/hybrid_supplier_customer_kmeans_timing_fixed_split_v1/60c_cap25/run_2026_07_16_191000,hybrid_supplier_customer_kmeans_timing_fixed_split_v1,490.5700029166522,490.5700029166522,610.5700029166521,455.5461611703353,455.5461611703353,120.0,575.5461611703354,192.58025190093036,262.96590926940496,35.02384174631686,7.139417725927977,35.02384174631675,5.736253268095418,35.02384174631686,7.139417725927977,-5.736253268095418,ok,11,11,4,7,0.8072727272727274,0.44,1.0,"[48.034213367700836, 47.729247870286585, 40.498501455172224, 56.31828920777069, 29.75696418926369, 35.216661690767495, 46.60217206861103, 49.457003073686046, 37.45613258260244, 18.642369142622766, 45.83460652185147]","[25, 20, 14, 24, 11, 22, 24, 23, 22, 16, 21]","[1.0, 0.8, 0.56, 0.96, 0.44, 0.88, 0.96, 0.92, 0.88, 0.64, 0.84]",11,"[2, 3, 4, 5, 6, 7, 8, 9, 10, 11, 12, 13, 14]",50,,102,98,0,98.0,2.04,0.0,1.96,10.0,0.95,0.01,42,hybrid,False,30,ok,9.0,09:00,,,,,,,,,18.0,18:00,True,4,4,0,[],[],12.710609640259023,12:43,3.0631687658410858,3.7106096402590234,0.8300000000000001,,,,,,,,4,11,no_infeasible_acceptance_evidence_in_saved_records,"{""all_customers_served_exactly_once"": true, ""duplicate_customers"": [], ""extra_customers"": [], ""missing_customers"": [], ""n_expected_customers"": 60, ""n_served_customers"": 60}","{""all_customers_served_exactly_once"": true, ""duplicate_customers"": [], ""extra_customers"": [], ""missing_customers"": [], ""n_expected_customers"": 35, ""n_served_customers"": 35}","{""all_customers_served_exactly_once"": true, ""duplicate_customers"": [], ""extra_customers"": [], ""missing_customers"": [], ""n_expected_customers"": 25, ""n_served_customers"": 25}",
fixed_split,fixed_timing,random_regret,random_removal,regret_2_insertion_fixed_timing_for_depot,case_3_hybrid,kmeans,60c_cap35,60,35,results/lns_timing_fixed_split_random_regret/case3_kmeans,run_2026_07_18_165149,run_2026_07_18_165149,True,1,lns_sa_metrics_best.json,lns_sa_summary_best.json,fixed_timing_split_repair,results/hybrid_supplier_customer_kmeans_timing_fixed_split_v1,/Users/danishali/Desktop/Desktop - Danish’s MacBook Air/Master Thesis/results/hybrid_supplier_customer_kmeans_timing_fixed_split_v1/60c_cap35/run_2026_07_16_191001,hybrid_supplier_customer_kmeans_timing_fixed_split_v1,413.68962645828617,413.68962645828617,485.68962645828617,388.05139427528934,388.05139427528934,72.0,460.05139427528934,175.56628881799486,212.48510545729445,25.63823218299683,6.197455904923936,25.63823218299683,5.278727563105321,25.63823218299683,6.197455904923936,-5.278727563105321,ok,9,9,3,6,0.7047619047619048,0.14285714285714285,1.0,"[64.12636354309919, 65.17723896204483, 46.26268631285087, 37.2673459057441, 47.442352964821204, 22.31206296120649, 50.165342469721445, 47.27653975775484, 8.021461398046371]","[35, 31, 17, 22, 35, 11, 34, 32, 5]","[1.0, 0.8857142857142857, 0.4857142857142857, 0.6285714285714286, 1.0, 0.3142857142857143, 0.9714285714285714, 0.9142857142857143, 0.14285714285714285]",9,"[2, 3, 4, 5, 6, 7, 8, 9, 10, 11, 12, 13, 14]",50,,128,72,0,72.0,2.56,0.0,1.44,10.0,0.95,0.01,42,hybrid,False,30,ok,9.0,09:00,,,,,,,,,18.0,18:00,True,3,3,0,[],[],13.470878784769972,13:28,3.8951809868666096,4.4708787847699725,0.7904761904761904,,,,,,,,3,9,no_infeasible_acceptance_evidence_in_saved_records,"{""all_customers_served_exactly_once"": true, ""duplicate_customers"": [], ""extra_customers"": [], ""missing_customers"": [], ""n_expected_customers"": 60, ""n_served_customers"": 60}","{""all_customers_served_exactly_once"": true, ""duplicate_customers"": [], ""extra_customers"": [], ""missing_customers"": [], ""n_expected_customers"": 35, ""n_served_customers"": 35}","{""all_customers_served_exactly_once"": true, ""duplicate_customers"": [], ""extra_customers"": [], ""missing_customers"": [], ""n_expected_customers"": 25, ""n_served_customers"": 25}",
fixed_split,fixed_timing,random_regret,random_removal,regret_2_insertion_fixed_timing_for_depot,case_3_hybrid,kmeans,80c_cap15,80,15,results/lns_timing_fixed_split_random_regret/case3_kmeans,run_2026_07_18_165159,run_2026_07_18_165159,True,1,lns_sa_metrics_best.json,lns_sa_summary_best.json,fixed_timing_split_repair,results/hybrid_supplier_customer_kmeans_timing_fixed_split_v1,/Users/danishali/Desktop/Desktop - Danish’s MacBook Air/Master Thesis/results/hybrid_supplier_customer_kmeans_timing_fixed_split_v1/80c_cap15/run_2026_07_16_191002,hybrid_supplier_customer_kmeans_timing_fixed_split_v1,1079.172588688274,1079.172588688274,1367.172588688274,1019.9784385015103,1019.9784385015103,288.0,1307.9784385015103,445.71446296849365,574.2639755330165,59.194150186763636,5.485142117880669,59.194150186763636,4.32967649267728,59.194150186763636,5.485142117880669,-4.32967649267728,ok,23,23,9,14,0.8144927536231886,0.26666666666666666,1.0,"[50.69417581004407, 43.26905138006262, 59.60447402065174, 58.046038121296306, 55.37719044758835, 35.01579096255065, 54.16210947364223, 57.63133161849414, 31.91430113416361, 39.469246867896146, 51.39825526222569, 44.49536180344755, 28.02601852269656, 61.635051514907744, 63.26068414853237, 48.73959067101116, 15.191335000585772, 50.53263849770265, 29.749417281608654, 56.42936764004875, 48.06688609317459, 26.574840365117097, 10.695281864061826]","[14, 15, 14, 14, 15, 15, 15, 14, 4, 12, 15, 12, 12, 12, 12, 15, 5, 12, 11, 11, 15, 12, 5]","[0.9333333333333333, 1.0, 0.9333333333333333, 0.9333333333333333, 1.0, 1.0, 1.0, 0.9333333333333333, 0.26666666666666666, 0.8, 1.0, 0.8, 0.8, 0.8, 0.8, 1.0, 0.3333333333333333, 0.8, 0.7333333333333333, 0.7333333333333333, 1.0, 0.8, 0.3333333333333333]",5,"[2, 3, 4, 5, 6, 7, 8, 9, 10, 11, 12, 13, 14, 15, 16, 17, 18, 19, 20]",50,,67,133,0,133.0,1.34,0.0,2.66,10.0,0.95,0.01,42,hybrid,False,30,ok,9.0,09:00,,,,,,,,,18.0,18:00,True,9,9,0,[],[],12.012573014919612,12:01,2.595238751735162,3.0125730149196115,0.8888888888888888,,,,,,,,9,23,no_infeasible_acceptance_evidence_in_saved_records,"{""all_customers_served_exactly_once"": true, ""duplicate_customers"": [], ""extra_customers"": [], ""missing_customers"": [], ""n_expected_customers"": 80, ""n_served_customers"": 80}","{""all_customers_served_exactly_once"": true, ""duplicate_customers"": [], ""extra_customers"": [], ""missing_customers"": [], ""n_expected_customers"": 51, ""n_served_customers"": 51}","{""all_customers_served_exactly_once"": true, ""duplicate_customers"": [], ""extra_customers"": [], ""missing_customers"": [], ""n_expected_customers"": 29, ""n_served_customers"": 29}",
fixed_split,fixed_timing,random_regret,random_removal,regret_2_insertion_fixed_timing_for_depot,case_3_hybrid,kmeans,80c_cap25,80,25,results/lns_timing_fixed_split_random_regret/case3_kmeans,run_2026_07_18_165219,run_2026_07_18_165219,True,1,lns_sa_metrics_best.json,lns_sa_summary_best.json,fixed_timing_split_repair,results/hybrid_supplier_customer_kmeans_timing_fixed_split_v1,/Users/danishali/Desktop/Desktop - Danish’s MacBook Air/Master Thesis/results/hybrid_supplier_customer_kmeans_timing_fixed_split_v1/80c_cap25/run_2026_07_16_191002,hybrid_supplier_customer_kmeans_timing_fixed_split_v1,745.7449181373408,745.7449181373408,937.7449181373408,706.7566197509722,706.7566197509722,192.0,898.7566197509722,321.1303948463592,385.62622490461297,38.98829838636868,5.228101115827968,38.98829838636868,4.157665654303072,38.98829838636868,5.228101115827968,-4.157665654303072,ok,13,13,5,8,0.8646153846153847,0.44,1.0,"[69.02910873117379, 49.89440691741699, 74.47059429368375, 62.13764719104456, 65.59863771304012, 37.48118490559597, 48.76281892492671, 62.926856803136765, 45.68458126548884, 65.94267076491472, 30.441921693511365, 61.11280869580197, 33.273381851236635]","[22, 25, 25, 25, 23, 17, 22, 24, 21, 23, 11, 21, 22]","[0.88, 1.0, 1.0, 1.0, 0.92, 0.68, 0.88, 0.96, 0.84, 0.92, 0.44, 0.84, 0.88]",15,"[2, 3, 4, 5, 6, 7, 8, 9, 10, 11, 12, 13, 14, 15, 16, 17, 18, 19, 20]",50,,75,125,0,125.0,1.5,0.0,2.5,10.0,0.95,0.01,42,hybrid,False,30,ok,9.0,09:00,,,,,,,,,18.0,18:00,True,5,5,0,[],[],13.482353143122792,13:29,3.8408692989757283,4.482353143122792,0.96,,,,,,,,5,13,no_infeasible_acceptance_evidence_in_saved_records,"{""all_customers_served_exactly_once"": true, ""duplicate_customers"": [], ""extra_customers"": [], ""missing_customers"": [], ""n_expected_customers"": 80, ""n_served_customers"": 80}","{""all_customers_served_exactly_once"": true, ""duplicate_customers"": [], ""extra_customers"": [], ""missing_customers"": [], ""n_expected_customers"": 51, ""n_served_customers"": 51}","{""all_customers_served_exactly_once"": true, ""duplicate_customers"": [], ""extra_customers"": [], ""missing_customers"": [], ""n_expected_customers"": 29, ""n_served_customers"": 29}",
fixed_split,fixed_timing,random_regret,random_removal,regret_2_insertion_fixed_timing_for_depot,case_3_hybrid,kmeans,80c_cap35,80,35,results/lns_timing_fixed_split_random_regret/case3_kmeans,run_2026_07_18_165249,run_2026_07_18_165249,True,1,lns_sa_metrics_best.json,lns_sa_summary_best.json,fixed_timing_split_repair,results/hybrid_supplier_customer_kmeans_timing_fixed_split_v1,/Users/danishali/Desktop/Desktop - Danish’s MacBook Air/Master Thesis/results/hybrid_supplier_customer_kmeans_timing_fixed_split_v1/80c_cap35/run_2026_07_16_191003,hybrid_supplier_customer_kmeans_timing_fixed_split_v1,620.3949986042885,620.3949986042885,780.3949986042885,604.9642515532304,604.9642515532304,160.0,764.9642515532304,298.18150830068964,306.7827432525408,15.43074705105812,2.4872455590023925,15.43074705105812,1.9772995827312474,15.43074705105812,2.4872455590023925,-1.9772995827312474,ok,11,11,5,6,0.7298701298701299,0.3142857142857143,0.9714285714285714,"[51.422615802527915, 43.42897204323128, 62.44435376995237, 62.27907995770472, 78.60648672727335, 52.314082514025394, 63.47109453103726, 67.00360573859082, 39.378290904673136, 66.19477972905602, 18.42088983515815]","[24, 16, 20, 28, 32, 34, 29, 34, 21, 32, 11]","[0.6857142857142857, 0.45714285714285713, 0.5714285714285714, 0.8, 0.9142857142857143, 0.9714285714285714, 0.8285714285714286, 0.9714285714285714, 0.6, 0.9142857142857143, 0.3142857142857143]",16,"[2, 3, 4, 5, 6, 7, 8, 9, 10, 11, 12, 13, 14, 15, 16, 17, 18, 19, 20]",50,,121,79,0,79.0,2.42,0.0,1.58,10.0,0.95,0.01,42,hybrid,False,30,ok,9.0,09:00,,,,,,,,,18.0,18:00,True,5,5,0,[],[],13.953549557575778,13:57,3.687876722004597,4.953549557575778,0.6857142857142857,,,,,,,,5,11,no_infeasible_acceptance_evidence_in_saved_records,"{""all_customers_served_exactly_once"": true, ""duplicate_customers"": [], ""extra_customers"": [], ""missing_customers"": [], ""n_expected_customers"": 80, ""n_served_customers"": 80}","{""all_customers_served_exactly_once"": true, ""duplicate_customers"": [], ""extra_customers"": [], ""missing_customers"": [], ""n_expected_customers"": 51, ""n_served_customers"": 51}","{""all_customers_served_exactly_once"": true, ""duplicate_customers"": [], ""extra_customers"": [], ""missing_customers"": [], ""n_expected_customers"": 29, ""n_served_customers"": 29}",
fixed_split,fixed_timing,random_regret,random_removal,regret_2_insertion_fixed_timing_for_depot,case_3_hybrid,kmeans,100c_cap15,100,15,results/lns_timing_fixed_split_random_regret/case3_kmeans,run_2026_07_18_154336,run_2026_07_18_154336,True,1,lns_sa_metrics_best.json,lns_sa_summary_best.json,fixed_timing_split_repair,results/hybrid_supplier_customer_kmeans_timing_fixed_split_v1,/Users/danishali/Desktop/Desktop - Danish’s MacBook Air/Master Thesis/results/hybrid_supplier_customer_kmeans_timing_fixed_split_v1/100c_cap15/run_2026_07_16_191003,hybrid_supplier_customer_kmeans_timing_fixed_split_v1,1548.3882132372098,1548.3882132372098,1988.3882132372098,1486.5764910870855,1486.5764910870855,440.0,1926.5764910870855,628.2904776138759,858.2860134732096,61.8117221501243,3.992004177098116,61.8117221501243,3.1086345080215136,61.8117221501243,3.992004177098116,-3.1086345080215136,ok,27,27,11,16,0.8543209876543213,0.6,1.0,"[27.373602565565438, 45.172538980322315, 58.04184766264474, 62.954080397470484, 68.85791079033625, 24.972317536873305, 70.30402423178872, 72.03916452311768, 59.82327838078224, 61.68421167092144, 77.0675008740533, 64.24781907778211, 56.84939704633952, 77.04381439363469, 78.0030448314662, 53.69969407921644, 35.0325231533707, 52.291917850755226, 61.64238854978292, 81.5436847460878, 37.02224783051638, 39.6180691462914, 38.052402116889205, 23.026112293947687, 42.35167168593835, 47.324517121129986, 70.53670955006093]","[9, 15, 15, 15, 14, 9, 15, 14, 15, 14, 15, 15, 12, 12, 15, 12, 12, 11, 11, 12, 15, 15, 11, 11, 11, 10, 11]","[0.6, 1.0, 1.0, 1.0, 0.9333333333333333, 0.6, 1.0, 0.9333333333333333, 1.0, 0.9333333333333333, 1.0, 1.0, 0.8, 0.8, 1.0, 0.8, 0.8, 0.7333333333333333, 0.7333333333333333, 0.8, 1.0, 1.0, 0.7333333333333333, 0.7333333333333333, 0.7333333333333333, 0.6666666666666666, 0.7333333333333333]",13,"[2, 3, 4, 5, 6, 7, 8, 9, 10, 11, 12, 13, 14, 15, 16, 17, 18, 19, 20, 21, 22, 23, 24, 25]",50,,41,159,0,159.0,0.82,0.0,3.18,10.0,0.95,0.01,42,hybrid,False,30,ok,9.0,09:00,,,,,,,,,18.0,18:00,True,11,11,0,[],[],12.735583362468443,12:44,2.873607507920836,3.735583362468443,0.9090909090909091,,,,,,,,11,27,no_infeasible_acceptance_evidence_in_saved_records,"{""all_customers_served_exactly_once"": true, ""duplicate_customers"": [], ""extra_customers"": [], ""missing_customers"": [], ""n_expected_customers"": 100, ""n_served_customers"": 100}","{""all_customers_served_exactly_once"": true, ""duplicate_customers"": [], ""extra_customers"": [], ""missing_customers"": [], ""n_expected_customers"": 64, ""n_served_customers"": 64}","{""all_customers_served_exactly_once"": true, ""duplicate_customers"": [], ""extra_customers"": [], ""missing_customers"": [], ""n_expected_customers"": 36, ""n_served_customers"": 36}",
fixed_split,fixed_timing,random_regret,random_removal,regret_2_insertion_fixed_timing_for_depot,case_3_hybrid,kmeans,100c_cap25,100,25,results/lns_timing_fixed_split_random_regret/case3_kmeans,run_2026_07_18_154419,run_2026_07_18_154419,True,1,lns_sa_metrics_best.json,lns_sa_summary_best.json,fixed_timing_split_repair,results/hybrid_supplier_customer_kmeans_timing_fixed_split_v1,/Users/danishali/Desktop/Desktop - Danish’s MacBook Air/Master Thesis/results/hybrid_supplier_customer_kmeans_timing_fixed_split_v1/100c_cap25/run_2026_07_16_191004,hybrid_supplier_customer_kmeans_timing_fixed_split_v1,1107.8336358545364,1107.8336358545364,1427.8336358545364,1053.0484596100048,1053.0484596100048,320.0,1373.0484596100048,481.55971417626967,571.4887454337351,54.78517624453161,4.945253011953607,54.78517624453161,3.836943945625957,54.78517624453161,4.945253011953607,-3.836943945625957,ok,17,17,7,10,0.8141176470588236,0.2,1.0,"[74.42261520381246, 65.29633789308194, 77.34091757345976, 72.71621149147042, 48.88566418554932, 75.36747422775532, 67.53049360114044, 15.983630620983499, 69.685426290816, 78.76130632860958, 77.46122231037091, 47.92894503573822, 82.42833845614341, 18.989168750732212, 62.267969456543, 76.39101086975245, 41.591727314045805]","[25, 25, 25, 23, 13, 24, 15, 6, 23, 25, 24, 25, 23, 5, 22, 21, 22]","[1.0, 1.0, 1.0, 0.92, 0.52, 0.96, 0.6, 0.24, 0.92, 1.0, 0.96, 1.0, 0.92, 0.2, 0.88, 0.84, 0.88]",9,"[2, 3, 4, 5, 6, 7, 8, 9, 10, 11, 12, 13, 14, 15, 16, 17, 18, 19, 20, 21, 22, 23, 24, 25]",50,,62,138,0,138.0,1.24,0.0,2.76,10.0,0.95,0.01,42,hybrid,False,30,ok,9.0,09:00,,,,,,,,,18.0,18:00,True,7,7,0,[],[],13.314087173460415,13:19,3.8169510198869987,4.314087173460415,0.857142857142857,,,,,,,,7,17,no_infeasible_acceptance_evidence_in_saved_records,"{""all_customers_served_exactly_once"": true, ""duplicate_customers"": [], ""extra_customers"": [], ""missing_customers"": [], ""n_expected_customers"": 100, ""n_served_customers"": 100}","{""all_customers_served_exactly_once"": true, ""duplicate_customers"": [], ""extra_customers"": [], ""missing_customers"": [], ""n_expected_customers"": 64, ""n_served_customers"": 64}","{""all_customers_served_exactly_once"": true, ""duplicate_customers"": [], ""extra_customers"": [], ""missing_customers"": [], ""n_expected_customers"": 36, ""n_served_customers"": 36}",
fixed_split,fixed_timing,random_regret,random_removal,regret_2_insertion_fixed_timing_for_depot,case_3_hybrid,kmeans,100c_cap35,100,35,results/lns_timing_fixed_split_random_regret/case3_kmeans,run_2026_07_18_154525,run_2026_07_18_154525,True,1,lns_sa_metrics_best.json,lns_sa_summary_best.json,fixed_timing_split_repair,results/hybrid_supplier_customer_kmeans_timing_fixed_split_v1,/Users/danishali/Desktop/Desktop - Danish’s MacBook Air/Master Thesis/results/hybrid_supplier_customer_kmeans_timing_fixed_split_v1/100c_cap35/run_2026_07_16_191005,hybrid_supplier_customer_kmeans_timing_fixed_split_v1,940.2984713334815,940.2984713334815,1180.2984713334815,861.9290122102142,861.9290122102142,240.0,1101.9290122102143,399.8819320105628,462.04708019965136,78.36945912326735,8.334530100014724,78.36945912326723,6.639800103674347,78.36945912326735,8.334530100014724,-6.639800103674347,ok,13,13,5,8,0.7604395604395606,0.3142857142857143,1.0,"[73.34696834988642, 57.39032481127821, 89.45322402354674, 79.6327589628006, 100.05865586305082, 59.1530782371922, 49.59494031543949, 80.58360636516863, 83.75450717323854, 45.138959036455574, 38.052402116889205, 23.026112293947687, 82.74347466132002]","[33, 20, 35, 29, 33, 34, 11, 33, 34, 30, 11, 11, 32]","[0.9428571428571428, 0.5714285714285714, 1.0, 0.8285714285714286, 0.9428571428571428, 0.9714285714285714, 0.3142857142857143, 0.9428571428571428, 0.9714285714285714, 0.8571428571428571, 0.3142857142857143, 0.3142857142857143, 0.9142857142857143]",25,"[2, 3, 4, 5, 6, 7, 8, 9, 10, 11, 12, 13, 14, 15, 16, 17, 18, 19, 20, 21, 22, 23, 24, 25]",50,,73,127,0,127.0,1.46,0.0,2.54,10.0,0.95,0.01,42,hybrid,False,30,ok,9.0,09:00,,,,,,,,,18.0,18:00,True,5,5,0,[],[],14.83528852876836,14:50,4.799212880070418,5.83528852876836,0.8571428571428571,,,,,,,,5,13,no_infeasible_acceptance_evidence_in_saved_records,"{""all_customers_served_exactly_once"": true, ""duplicate_customers"": [], ""extra_customers"": [], ""missing_customers"": [], ""n_expected_customers"": 100, ""n_served_customers"": 100}","{""all_customers_served_exactly_once"": true, ""duplicate_customers"": [], ""extra_customers"": [], ""missing_customers"": [], ""n_expected_customers"": 64, ""n_served_customers"": 64}","{""all_customers_served_exactly_once"": true, ""duplicate_customers"": [], ""extra_customers"": [], ""missing_customers"": [], ""n_expected_customers"": 36, ""n_served_customers"": 36}",
fixed_split,fixed_timing,random_regret,random_removal,regret_2_insertion_fixed_timing_for_depot,case_3_hybrid,kmeans,150c_cap15,150,15,results/lns_timing_fixed_split_random_regret/case3_kmeans,run_2026_07_18_154645,run_2026_07_18_154645,True,1,lns_sa_metrics_best.json,lns_sa_summary_best.json,fixed_timing_split_repair,results/hybrid_supplier_customer_kmeans_timing_fixed_split_v1,/Users/danishali/Desktop/Desktop - Danish’s MacBook Air/Master Thesis/results/hybrid_supplier_customer_kmeans_timing_fixed_split_v1/150c_cap15/run_2026_07_16_191005,hybrid_supplier_customer_kmeans_timing_fixed_split_v1,3407.799321342537,3407.799321342537,4367.799321342537,3317.9698454459317,3317.9698454459317,960.0,4277.969845445932,1374.7130418568095,1943.2568035891225,89.82947589660535,2.635996648453352,89.82947589660489,2.0566301079279867,89.82947589660535,2.635996648453352,-2.0566301079279867,ok,41,41,15,26,0.8634146341463418,0.4,1.0,"[47.26511746880732, 67.01854133603757, 96.94891106269375, 102.15998462542754, 100.73633635655158, 132.67875156570022, 107.04704795344875, 83.50757485228607, 121.34182971680075, 87.34410134410514, 49.50848000829775, 76.41347384510134, 77.04943906224639, 92.63884718273377, 133.05460547657142, 35.212942418316686, 18.734203426079215, 87.9853864609139, 65.0265927115771, 83.42880338146415, 73.3495482361089, 76.98268528574104, 57.652995840722895, 117.0045672471993, 115.56572159045203, 40.02049210381952, 54.26140149232356, 70.59976225565696, 79.52180283721572, 98.23663219630473, 91.5205840854909, 134.3251532247046, 59.295118693225135, 94.74869718319246, 28.933014181126406, 50.76091075731748, 49.82782568459456, 89.85369758952905, 65.13701651814625, 99.46618386280856, 105.80506432509142]","[14, 13, 15, 15, 15, 15, 15, 14, 15, 15, 12, 15, 15, 15, 15, 12, 6, 15, 11, 12, 11, 11, 12, 15, 12, 10, 15, 12, 12, 11, 15, 12, 11, 12, 11, 15, 12, 11, 11, 15, 11]","[0.9333333333333333, 0.8666666666666667, 1.0, 1.0, 1.0, 1.0, 1.0, 0.9333333333333333, 1.0, 1.0, 0.8, 1.0, 1.0, 1.0, 1.0, 0.8, 0.4, 1.0, 0.7333333333333333, 0.8, 0.7333333333333333, 0.7333333333333333, 0.8, 1.0, 0.8, 0.6666666666666666, 1.0, 0.8, 0.8, 0.7333333333333333, 1.0, 0.8, 0.7333333333333333, 0.8, 0.7333333333333333, 1.0, 0.8, 0.7333333333333333, 0.7333333333333333, 1.0, 0.7333333333333333]",12,"[2, 3, 4, 5, 6, 7, 8, 9, 10, 11, 12, 13, 14, 15, 16, 17, 18, 19, 20, 21, 22, 23, 24, 25, 26, 27, 28, 29, 30, 31, 32, 33, 34, 35, 36, 37]",50,,34,166,0,166.0,0.68,0.0,3.32,10.0,0.95,0.01,42,hybrid,False,30,ok,9.0,09:00,,,,,,,,,18.0,18:00,True,15,15,0,[],[],14.60182018255238,14:36,4.088251204126243,5.60182018255238,0.968888888888889,,,,,,,,15,41,no_infeasible_acceptance_evidence_in_saved_records,"{""all_customers_served_exactly_once"": true, ""duplicate_customers"": [], ""extra_customers"": [], ""missing_customers"": [], ""n_expected_customers"": 150, ""n_served_customers"": 150}","{""all_customers_served_exactly_once"": true, ""duplicate_customers"": [], ""extra_customers"": [], ""missing_customers"": [], ""n_expected_customers"": 93, ""n_served_customers"": 93}","{""all_customers_served_exactly_once"": true, ""duplicate_customers"": [], ""extra_customers"": [], ""missing_customers"": [], ""n_expected_customers"": 57, ""n_served_customers"": 57}",
fixed_split,fixed_timing,random_regret,random_removal,regret_2_insertion_fixed_timing_for_depot,case_3_hybrid,kmeans,150c_cap25,150,25,results/lns_timing_fixed_split_random_regret/case3_kmeans,run_2026_07_18_154935,run_2026_07_18_154935,True,1,lns_sa_metrics_best.json,lns_sa_summary_best.json,fixed_timing_split_repair,results/hybrid_supplier_customer_kmeans_timing_fixed_split_v1,/Users/danishali/Desktop/Desktop - Danish’s MacBook Air/Master Thesis/results/hybrid_supplier_customer_kmeans_timing_fixed_split_v1/150c_cap25/run_2026_07_16_191006,hybrid_supplier_customer_kmeans_timing_fixed_split_v1,2335.1454350079275,2335.1454350079275,2935.1454350079275,2258.824857582935,2258.824857582935,600.0,2858.824857582935,1009.2110344263349,1249.6138231565997,76.32057742499273,3.268343644931633,76.32057742499273,2.6002315426930998,76.32057742499273,3.268343644931633,-2.6002315426930998,ok,26,26,10,16,0.8169230769230771,0.2,1.0,"[73.6627102521637, 79.82680547992989, 108.69577878653718, 134.6611219665577, 103.80971914438446, 149.0440840709288, 34.38154705568324, 75.10813179578825, 98.4924520242927, 151.52868385006894, 89.57000776559056, 77.5121807126152, 77.50268695512611, 100.08196906985705, 120.23972732889675, 18.734203426079215, 74.7227741262667, 68.2628285601736, 80.19137271039781, 95.42078976677328, 136.71883272008407, 8.402385172758931, 99.95421446379399, 115.1698149113835, 67.07638197168707, 20.053653495115924]","[22, 15, 25, 25, 24, 25, 7, 25, 25, 25, 22, 22, 22, 23, 22, 6, 25, 21, 23, 23, 23, 6, 25, 23, 22, 5]","[0.88, 0.6, 1.0, 1.0, 0.96, 1.0, 0.28, 1.0, 1.0, 1.0, 0.88, 0.88, 0.88, 0.92, 0.88, 0.24, 1.0, 0.84, 0.92, 0.92, 0.92, 0.24, 1.0, 0.92, 0.88, 0.2]",10,"[2, 3, 4, 5, 6, 7, 8, 9, 10, 11, 12, 13, 14, 15, 16, 17, 18, 19, 20, 21, 22, 23, 24, 25, 26, 27, 28, 29, 30, 31, 32, 33, 34, 35, 36, 37]",50,,51,149,0,149.0,1.02,0.0,2.98,10.0,0.95,0.01,42,hybrid,False,30,ok,9.0,09:00,,,,,,,,,18.0,18:00,True,10,10,0,[],[],16.30146946903096,16:18,4.914036781421116,7.301469469030959,0.8719999999999999,,,,,,,,10,26,no_infeasible_acceptance_evidence_in_saved_records,"{""all_customers_served_exactly_once"": true, ""duplicate_customers"": [], ""extra_customers"": [], ""missing_customers"": [], ""n_expected_customers"": 150, ""n_served_customers"": 150}","{""all_customers_served_exactly_once"": true, ""duplicate_customers"": [], ""extra_customers"": [], ""missing_customers"": [], ""n_expected_customers"": 93, ""n_served_customers"": 93}","{""all_customers_served_exactly_once"": true, ""duplicate_customers"": [], ""extra_customers"": [], ""missing_customers"": [], ""n_expected_customers"": 57, ""n_served_customers"": 57}",
fixed_split,fixed_timing,random_regret,random_removal,regret_2_insertion_fixed_timing_for_depot,case_3_hybrid,kmeans,150c_cap35,150,35,results/lns_timing_fixed_split_random_regret/case3_kmeans,run_2026_07_18_155343,run_2026_07_18_155343,True,1,lns_sa_metrics_best.json,lns_sa_summary_best.json,fixed_timing_split_repair,results/hybrid_supplier_customer_kmeans_timing_fixed_split_v1,/Users/danishali/Desktop/Desktop - Danish’s MacBook Air/Master Thesis/results/hybrid_supplier_customer_kmeans_timing_fixed_split_v1/150c_cap35/run_2026_07_16_191007,hybrid_supplier_customer_kmeans_timing_fixed_split_v1,1945.6999709924216,1945.6999709924216,2425.6999709924216,1858.1884695394392,1858.1884695394392,480.0,2338.188469539439,875.6059276677564,982.5825418716827,87.51150145298243,4.497687349419366,87.51150145298243,3.607680360287057,87.51150145298243,4.497687349419366,-3.607680360287057,ok,19,19,8,11,0.7984962406015038,0.3142857142857143,1.0,"[93.2773222082612, 140.45880654595715, 115.51632342832009, 133.32017159188777, 111.06723900170242, 77.41693244383826, 127.31938805271443, 77.22974439507507, 74.41923830411969, 77.87290696296708, 93.96067674853343, 121.04920063277791, 88.39988082958848, 63.60319718016859, 141.17452478072042, 69.25084340498024, 34.53916844092153, 91.25938572836486, 127.05351885854061]","[19, 35, 33, 34, 22, 23, 35, 17, 17, 34, 34, 32, 34, 21, 34, 32, 11, 31, 33]","[0.5428571428571428, 1.0, 0.9428571428571428, 0.9714285714285714, 0.6285714285714286, 0.6571428571428571, 1.0, 0.4857142857142857, 0.4857142857142857, 0.9714285714285714, 0.9714285714285714, 0.9142857142857143, 0.9714285714285714, 0.6, 0.9714285714285714, 0.9142857142857143, 0.3142857142857143, 0.8857142857142857, 0.9428571428571428]",10,"[2, 3, 4, 5, 6, 7, 8, 9, 10, 11, 12, 13, 14, 15, 16, 17, 18, 19, 20, 21, 22, 23, 24, 25, 26, 27, 28, 29, 30, 31, 32, 33, 34, 35, 36, 37]",50,,87,113,0,113.0,1.74,0.0,2.26,10.0,0.95,0.01,42,hybrid,False,30,ok,9.0,09:00,,,,,,,,,18.0,18:00,True,8,8,0,[],[],16.015293551531904,16:01,5.585858031948984,7.015293551531904,0.7785714285714286,,,,,,,,8,19,no_infeasible_acceptance_evidence_in_saved_records,"{""all_customers_served_exactly_once"": true, ""duplicate_customers"": [], ""extra_customers"": [], ""missing_customers"": [], ""n_expected_customers"": 150, ""n_served_customers"": 150}","{""all_customers_served_exactly_once"": true, ""duplicate_customers"": [], ""extra_customers"": [], ""missing_customers"": [], ""n_expected_customers"": 93, ""n_served_customers"": 93}","{""all_customers_served_exactly_once"": true, ""duplicate_customers"": [], ""extra_customers"": [], ""missing_customers"": [], ""n_expected_customers"": 57, ""n_served_customers"": 57}",
fixed_split,fixed_timing,random_regret,random_removal,regret_2_insertion_fixed_timing_for_depot,case_3_hybrid,kmeans,200c_cap15,200,15,results/lns_timing_fixed_split_random_regret/case3_kmeans,run_2026_07_18_155921,run_2026_07_18_155921,True,1,lns_sa_metrics_best.json,lns_sa_summary_best.json,fixed_timing_split_repair,results/hybrid_supplier_customer_kmeans_timing_fixed_split_v1,/Users/danishali/Desktop/Desktop - Danish’s MacBook Air/Master Thesis/results/hybrid_supplier_customer_kmeans_timing_fixed_split_v1/200c_cap15/run_2026_07_16_191008,hybrid_supplier_customer_kmeans_timing_fixed_split_v1,5819.378827824319,5819.378827824319,7659.378827824319,5622.994807695374,5622.994807695374,1840.0,7462.994807695374,2497.791121659787,3125.2036860355865,196.38402012894494,3.3746560576185534,196.38402012894494,2.563967973689176,196.38402012894494,3.3746560576185534,-2.563967973689176,ok,54,54,23,31,0.8654320987654321,0.4,1.0,"[60.26936671662056, 59.11636191625301, 89.82537718165133, 137.0216371538825, 103.70839884333354, 107.54616025198912, 130.9997183290483, 125.05387487959513, 66.68528179325742, 70.9300714428961, 79.51079008998553, 96.10710362717595, 103.02361081463445, 115.56456124797154, 146.97269692575105, 132.5469275369607, 83.46226247771472, 113.21008873532841, 100.72375058132126, 120.78048636918466, 119.38203883583573, 156.612211409871, 178.73834449952523, 49.46966278706737, 63.15196493044999, 100.40576706721168, 94.25013390682784, 103.40663610172646, 94.16131982401836, 112.46504636569237, 103.37597679608632, 156.0060896629324, 154.08762878726938, 128.20483343282405, 80.4204944995692, 24.978937901438965, 38.57735224150186, 72.3485353230981, 79.06015825763353, 68.81836412793318, 92.50462238321197, 108.77272446717356, 179.10020429960616, 131.68720125320834, 161.10360214107652, 102.11134180915994, 119.44980335018052, 46.052224587895374, 84.7033433718767, 132.01954835323397, 156.10971502780242, 121.83392758231963, 95.65729053599588, 70.9092348595642]","[13, 13, 15, 15, 15, 14, 15, 15, 15, 10, 12, 15, 15, 15, 15, 15, 10, 15, 11, 15, 15, 14, 15, 11, 12, 12, 11, 15, 11, 12, 12, 15, 12, 15, 12, 6, 11, 15, 11, 11, 15, 12, 12, 15, 11, 12, 12, 11, 11, 11, 15, 12, 15, 11]","[0.8666666666666667, 0.8666666666666667, 1.0, 1.0, 1.0, 0.9333333333333333, 1.0, 1.0, 1.0, 0.6666666666666666, 0.8, 1.0, 1.0, 1.0, 1.0, 1.0, 0.6666666666666666, 1.0, 0.7333333333333333, 1.0, 1.0, 0.9333333333333333, 1.0, 0.7333333333333333, 0.8, 0.8, 0.7333333333333333, 1.0, 0.7333333333333333, 0.8, 0.8, 1.0, 0.8, 1.0, 0.8, 0.4, 0.7333333333333333, 1.0, 0.7333333333333333, 0.7333333333333333, 1.0, 0.8, 0.8, 1.0, 0.7333333333333333, 0.8, 0.8, 0.7333333333333333, 0.7333333333333333, 0.7333333333333333, 1.0, 0.8, 1.0, 0.7333333333333333]",8,"[2, 3, 4, 5, 6, 7, 8, 9, 10, 11, 12, 13, 14, 15, 16, 17, 18, 19, 20, 21, 22, 23, 24, 25, 26, 27, 28, 29, 30, 31, 32, 33, 34, 35, 36, 37, 38, 39, 40, 41, 42, 43, 44, 45, 46, 47, 48, 49, 50, 51, 52]",50,,51,149,0,149.0,1.02,0.0,2.98,10.0,0.95,0.01,42,hybrid,False,30,ok,9.0,09:00,,,,,,,,,18.0,18:00,True,23,23,0,[],[],15.95794481665084,15:57,4.569262495159111,6.957944816650841,0.9333333333333335,,,,,,,,23,54,no_infeasible_acceptance_evidence_in_saved_records,"{""all_customers_served_exactly_once"": true, ""duplicate_customers"": [], ""extra_customers"": [], ""missing_customers"": [], ""n_expected_customers"": 200, ""n_served_customers"": 200}","{""all_customers_served_exactly_once"": true, ""duplicate_customers"": [], ""extra_customers"": [], ""missing_customers"": [], ""n_expected_customers"": 131, ""n_served_customers"": 131}","{""all_customers_served_exactly_once"": true, ""duplicate_customers"": [], ""extra_customers"": [], ""missing_customers"": [], ""n_expected_customers"": 69, ""n_served_customers"": 69}",
fixed_split,fixed_timing,random_regret,random_removal,regret_2_insertion_fixed_timing_for_depot,case_3_hybrid,kmeans,200c_cap25,200,25,results/lns_timing_fixed_split_random_regret/case3_kmeans,run_2026_07_18_160920,run_2026_07_18_160920,True,1,lns_sa_metrics_best.json,lns_sa_summary_best.json,fixed_timing_split_repair,results/hybrid_supplier_customer_kmeans_timing_fixed_split_v1,/Users/danishali/Desktop/Desktop - Danish’s MacBook Air/Master Thesis/results/hybrid_supplier_customer_kmeans_timing_fixed_split_v1/200c_cap25/run_2026_07_16_191010,hybrid_supplier_customer_kmeans_timing_fixed_split_v1,3849.316644734236,3849.316644734236,4969.3166447342355,3760.4630279111175,3760.4630279111175,1120.0,4880.463027911117,1742.203476700472,2018.259551210645,88.8536168231185,2.3082958619335177,88.8536168231185,1.7880449803349265,88.8536168231185,2.3082958619335177,-1.7880449803349265,ok,31,31,14,17,0.9045161290322583,0.72,1.0,"[82.52445842532089, 119.01512745049017, 119.74897867176503, 143.8404210992022, 135.67696897549305, 70.7842569959385, 90.82837961630045, 149.5393622639524, 122.7400912791997, 199.15460990565776, 104.0381635499188, 121.8409666015753, 114.75847658629024, 167.71321527936752, 60.84851001297313, 90.17179775985456, 181.1892827303221, 93.11366811386772, 106.72307280214969, 117.12179359714011, 160.88255635459652, 91.68540727186135, 95.40130327149409, 98.16041549707506, 111.32334162122395, 147.52346295192237, 182.4992514884016, 69.97648788193527, 145.95711867772525, 118.33975356936355, 147.34232760873877]","[19, 22, 25, 22, 25, 18, 24, 24, 25, 25, 20, 24, 25, 24, 23, 24, 22, 21, 22, 23, 21, 22, 25, 21, 24, 22, 23, 21, 21, 21, 23]","[0.76, 0.88, 1.0, 0.88, 1.0, 0.72, 0.96, 0.96, 1.0, 1.0, 0.8, 0.96, 1.0, 0.96, 0.92, 0.96, 0.88, 0.84, 0.88, 0.92, 0.84, 0.88, 1.0, 0.84, 0.96, 0.88, 0.92, 0.84, 0.84, 0.84, 0.92]",25,"[2, 3, 4, 5, 6, 7, 8, 9, 10, 11, 12, 13, 14, 15, 16, 17, 18, 19, 20, 21, 22, 23, 24, 25, 26, 27, 28, 29, 30, 31, 32, 33, 34, 35, 36, 37, 38, 39, 40, 41, 42, 43, 44, 45, 46, 47, 48, 49, 50, 51, 52]",50,,26,174,0,174.0,0.52,0.0,3.48,10.0,0.95,0.01,42,hybrid,False,30,ok,9.0,09:00,,,,,,,,,18.0,18:00,True,14,14,0,[],[],17.305153663521928,17:18,5.707627325477314,8.305153663521926,0.9200000000000002,,,,,,,,14,31,no_infeasible_acceptance_evidence_in_saved_records,"{""all_customers_served_exactly_once"": true, ""duplicate_customers"": [], ""extra_customers"": [], ""missing_customers"": [], ""n_expected_customers"": 200, ""n_served_customers"": 200}","{""all_customers_served_exactly_once"": true, ""duplicate_customers"": [], ""extra_customers"": [], ""missing_customers"": [], ""n_expected_customers"": 131, ""n_served_customers"": 131}","{""all_customers_served_exactly_once"": true, ""duplicate_customers"": [], ""extra_customers"": [], ""missing_customers"": [], ""n_expected_customers"": 69, ""n_served_customers"": 69}",
fixed_split,fixed_timing,random_regret,random_removal,regret_2_insertion_fixed_timing_for_depot,case_3_hybrid,kmeans,200c_cap35,200,35,results/lns_timing_fixed_split_random_regret/case3_kmeans,run_2026_07_18_162535,run_2026_07_18_162535,True,1,lns_sa_metrics_best.json,lns_sa_summary_best.json,fixed_timing_split_repair,results/hybrid_supplier_customer_kmeans_timing_fixed_split_v1,/Users/danishali/Desktop/Desktop - Danish’s MacBook Air/Master Thesis/results/hybrid_supplier_customer_kmeans_timing_fixed_split_v1/200c_cap35/run_2026_07_16_191012,hybrid_supplier_customer_kmeans_timing_fixed_split_v1,3063.2673060452103,3063.2673060452103,3943.2673060452103,2860.8803165176855,2860.8803165176855,880.0,3740.8803165176855,1359.6252848404567,1501.255031677229,202.38698952752475,6.6068994086191495,202.38698952752475,5.13246944271965,202.38698952752475,6.6068994086191495,-5.13246944271965,ok,23,23,10,13,0.8708074534161491,0.17142857142857143,1.0,"[121.8402696731672, 146.71134368862772, 120.10581371431796, 125.32120345928732, 149.4590760859849, 92.08090662075837, 155.25440285950407, 130.24305822110725, 161.55063604306935, 157.0585744746327, 60.84851001297313, 117.57921108660031, 115.22678284659648, 124.31347225327778, 182.97321463428747, 11.20318023034523, 96.69812942080638, 98.81612898892557, 142.0565368144437, 182.65675497590632, 69.97648788193527, 155.50982952072917, 143.39679301040184]","[34, 32, 33, 32, 34, 27, 35, 26, 35, 34, 23, 35, 33, 33, 32, 6, 31, 32, 34, 34, 21, 33, 32]","[0.9714285714285714, 0.9142857142857143, 0.9428571428571428, 0.9142857142857143, 0.9714285714285714, 0.7714285714285715, 1.0, 0.7428571428571429, 1.0, 0.9714285714285714, 0.6571428571428571, 1.0, 0.9428571428571428, 0.9428571428571428, 0.9142857142857143, 0.17142857142857143, 0.8857142857142857, 0.9142857142857143, 0.9714285714285714, 0.9714285714285714, 0.6, 0.9428571428571428, 0.9142857142857143]",52,"[2, 3, 4, 5, 6, 7, 8, 9, 10, 11, 12, 13, 14, 15, 16, 17, 18, 19, 20, 21, 22, 23, 24, 25, 26, 27, 28, 29, 30, 31, 32, 33, 34, 35, 36, 37, 38, 39, 40, 41, 42, 43, 44, 45, 46, 47, 48, 49, 50, 51, 52]",50,,34,166,0,166.0,0.68,0.0,3.32,10.0,0.95,0.01,42,hybrid,False,30,ok,9.0,09:00,,,,,,,,,18.0,18:00,True,10,10,0,[],[],16.901952482487758,16:54,6.715417616134855,7.901952482487756,0.9199999999999999,,,,,,,,10,23,no_infeasible_acceptance_evidence_in_saved_records,"{""all_customers_served_exactly_once"": true, ""duplicate_customers"": [], ""extra_customers"": [], ""missing_customers"": [], ""n_expected_customers"": 200, ""n_served_customers"": 200}","{""all_customers_served_exactly_once"": true, ""duplicate_customers"": [], ""extra_customers"": [], ""missing_customers"": [], ""n_expected_customers"": 131, ""n_served_customers"": 131}","{""all_customers_served_exactly_once"": true, ""duplicate_customers"": [], ""extra_customers"": [], ""missing_customers"": [], ""n_expected_customers"": 69, ""n_served_customers"": 69}",
fixed_split,fixed_timing,related_regret,shaw_related_removal,regret_2_insertion_fixed_timing_for_depot,case_3_hybrid,kmeans,20c_cap15,20,15,results/lns_timing_fixed_split_related_regret/case3_kmeans,run_2026_07_18_195106,run_2026_07_18_195106,True,1,lns_sa_metrics_best.json,lns_sa_summary_best.json,fixed_timing_split_repair,results/hybrid_supplier_customer_kmeans_timing_fixed_split_v1,/Users/danishali/Desktop/Desktop - Danish’s MacBook Air/Master Thesis/results/hybrid_supplier_customer_kmeans_timing_fixed_split_v1/20c_cap15/run_2026_07_16_190958,hybrid_supplier_customer_kmeans_timing_fixed_split_v1,90.78113835043219,90.78113835043219,114.78113835043219,84.21746207443732,84.21746207443732,24.0,108.21746207443732,35.179536767558346,49.037925306878975,6.563676275994865,7.230220280624645,6.563676275994865,5.718427583420243,6.563676275994865,7.230220280624645,-5.718427583420243,ok,7,7,2,5,0.6380952380952379,0.3333333333333333,1.0,"[17.37844083473668, 17.801095932821667, 9.416131982401836, 8.035406163987215, 10.199644453814301, 16.30873694921756, 5.078005757458056]","[15, 12, 11, 6, 6, 12, 5]","[1.0, 0.8, 0.7333333333333333, 0.4, 0.4, 0.8, 0.3333333333333333]",3,"[2, 3, 4, 5]",50,,190,10,0,10.0,3.8,0.0,0.2,10.0,0.95,0.01,42,hybrid,False,30,ok,9.0,09:00,,,,,,,,,18.0,18:00,True,2,2,0,[],[],10.745948027824555,10:45,1.6696589461259723,1.7459480278245558,0.9,,,,,,,,2,7,no_infeasible_acceptance_evidence_in_saved_records,"{""all_customers_served_exactly_once"": true, ""duplicate_customers"": [], ""extra_customers"": [], ""missing_customers"": [], ""n_expected_customers"": 20, ""n_served_customers"": 20}","{""all_customers_served_exactly_once"": true, ""duplicate_customers"": [], ""extra_customers"": [], ""missing_customers"": [], ""n_expected_customers"": 13, ""n_served_customers"": 13}","{""all_customers_served_exactly_once"": true, ""duplicate_customers"": [], ""extra_customers"": [], ""missing_customers"": [], ""n_expected_customers"": 7, ""n_served_customers"": 7}",
fixed_split,fixed_timing,related_regret,shaw_related_removal,regret_2_insertion_fixed_timing_for_depot,case_3_hybrid,kmeans,20c_cap25,20,25,results/lns_timing_fixed_split_related_regret/case3_kmeans,run_2026_07_18_195107,run_2026_07_18_195107,True,1,lns_sa_metrics_best.json,lns_sa_summary_best.json,fixed_timing_split_repair,results/hybrid_supplier_customer_kmeans_timing_fixed_split_v1,/Users/danishali/Desktop/Desktop - Danish’s MacBook Air/Master Thesis/results/hybrid_supplier_customer_kmeans_timing_fixed_split_v1/20c_cap25/run_2026_07_16_190958,hybrid_supplier_customer_kmeans_timing_fixed_split_v1,73.43109878717637,73.43109878717637,97.43109878717637,66.75822855161768,66.75822855161768,24.0,90.75822855161768,35.07034280799452,31.687885743623156,6.67287023555869,9.08725369192488,6.67287023555869,6.848809382858932,6.67287023555869,9.08725369192488,-6.848809382858932,ok,5,5,2,3,0.5360000000000001,0.2,0.72,"[18.91334505751544, 16.156997750479086, 10.171703841593862, 16.438176144571237, 5.078005757458056]","[16, 11, 17, 18, 5]","[0.64, 0.44, 0.68, 0.72, 0.2]",3,"[2, 3, 4, 5]",50,,197,3,0,3.0,3.94,0.0,0.06,10.0,0.95,0.01,42,hybrid,False,30,ok,9.0,09:00,,,,,,,,,18.0,18:00,True,2,2,0,[],[],10.963778168583847,10:58,1.6678390467999087,1.9637781685838478,0.54,,,,,,,,2,5,no_infeasible_acceptance_evidence_in_saved_records,"{""all_customers_served_exactly_once"": true, ""duplicate_customers"": [], ""extra_customers"": [], ""missing_customers"": [], ""n_expected_customers"": 20, ""n_served_customers"": 20}","{""all_customers_served_exactly_once"": true, ""duplicate_customers"": [], ""extra_customers"": [], ""missing_customers"": [], ""n_expected_customers"": 13, ""n_served_customers"": 13}","{""all_customers_served_exactly_once"": true, ""duplicate_customers"": [], ""extra_customers"": [], ""missing_customers"": [], ""n_expected_customers"": 7, ""n_served_customers"": 7}",
fixed_split,fixed_timing,related_regret,shaw_related_removal,regret_2_insertion_fixed_timing_for_depot,case_3_hybrid,kmeans,20c_cap35,20,35,results/lns_timing_fixed_split_related_regret/case3_kmeans,run_2026_07_18_195107,run_2026_07_18_195107,True,1,lns_sa_metrics_best.json,lns_sa_summary_best.json,fixed_timing_split_repair,results/hybrid_supplier_customer_kmeans_timing_fixed_split_v1,/Users/danishali/Desktop/Desktop - Danish’s MacBook Air/Master Thesis/results/hybrid_supplier_customer_kmeans_timing_fixed_split_v1/20c_cap35/run_2026_07_16_190958,hybrid_supplier_customer_kmeans_timing_fixed_split_v1,73.43109878717637,73.43109878717637,97.43109878717637,62.77406702661598,62.77406702661598,24.0,86.77406702661598,31.086181282992825,31.687885743623156,10.657031760560386,14.512967852282058,10.657031760560386,10.938018654432991,10.657031760560386,14.512967852282058,-10.938018654432991,ok,4,4,1,3,0.47857142857142854,0.14285714285714285,0.7714285714285715,"[31.086181282992825, 10.171703841593862, 16.438176144571237, 5.078005757458056]","[27, 17, 18, 5]","[0.7714285714285715, 0.4857142857142857, 0.5142857142857142, 0.14285714285714285]",3,"[2, 3, 4, 5]",50,,199,1,0,1.0,3.98,0.0,0.02,10.0,0.95,0.01,42,hybrid,False,30,ok,9.0,09:00,,,,,,,,,18.0,18:00,True,1,1,0,[],[],12.202872709433095,12:12,3.2028727094330938,3.2028727094330938,0.7714285714285715,,,,,,,,1,4,no_infeasible_acceptance_evidence_in_saved_records,"{""all_customers_served_exactly_once"": true, ""duplicate_customers"": [], ""extra_customers"": [], ""missing_customers"": [], ""n_expected_customers"": 20, ""n_served_customers"": 20}","{""all_customers_served_exactly_once"": true, ""duplicate_customers"": [], ""extra_customers"": [], ""missing_customers"": [], ""n_expected_customers"": 13, ""n_served_customers"": 13}","{""all_customers_served_exactly_once"": true, ""duplicate_customers"": [], ""extra_customers"": [], ""missing_customers"": [], ""n_expected_customers"": 7, ""n_served_customers"": 7}",
fixed_split,fixed_timing,related_regret,shaw_related_removal,regret_2_insertion_fixed_timing_for_depot,case_3_hybrid,kmeans,40c_cap15,40,15,results/lns_timing_fixed_split_related_regret/case3_kmeans,run_2026_07_18_195108,run_2026_07_18_195108,True,1,lns_sa_metrics_best.json,lns_sa_summary_best.json,fixed_timing_split_repair,results/hybrid_supplier_customer_kmeans_timing_fixed_split_v1,/Users/danishali/Desktop/Desktop - Danish’s MacBook Air/Master Thesis/results/hybrid_supplier_customer_kmeans_timing_fixed_split_v1/40c_cap15/run_2026_07_16_190959,hybrid_supplier_customer_kmeans_timing_fixed_split_v1,292.99911567690134,292.99911567690134,388.99911567690134,282.8707640827188,282.8707640827188,96.0,378.8707640827188,112.25602177929346,170.61474230342532,10.128351594182561,3.4567857212754833,10.128351594182561,2.603695274874369,10.128351594182561,3.4567857212754833,-2.603695274874369,ok,12,12,4,8,0.7777777777777777,0.4,1.0,"[23.832270646566915, 30.267038964902444, 31.687508348071574, 26.469203819752515, 6.3934522483934, 18.580697466932477, 22.706444254450606, 30.817525757453872, 22.311657116469387, 32.61747389843512, 11.969191387312788, 25.218300173977656]","[13, 14, 15, 13, 6, 12, 11, 12, 11, 12, 10, 11]","[0.8666666666666667, 0.9333333333333333, 1.0, 0.8666666666666667, 0.4, 0.8, 0.7333333333333333, 0.8, 0.7333333333333333, 0.8, 0.6666666666666666, 0.7333333333333333]",5,"[2, 3, 4, 5, 6, 7, 8, 9, 10]",50,,111,89,0,89.0,2.22,0.0,1.78,10.0,0.95,0.01,42,hybrid,False,30,ok,9.0,09:00,,,,,,,,,18.0,18:00,True,4,4,0,[],[],11.222916944935719,11:13,1.9771335148274451,2.2229169449357187,0.9166666666666666,,,,,,,,4,12,no_infeasible_acceptance_evidence_in_saved_records,"{""all_customers_served_exactly_once"": true, ""duplicate_customers"": [], ""extra_customers"": [], ""missing_customers"": [], ""n_expected_customers"": 40, ""n_served_customers"": 40}","{""all_customers_served_exactly_once"": true, ""duplicate_customers"": [], ""extra_customers"": [], ""missing_customers"": [], ""n_expected_customers"": 25, ""n_served_customers"": 25}","{""all_customers_served_exactly_once"": true, ""duplicate_customers"": [], ""extra_customers"": [], ""missing_customers"": [], ""n_expected_customers"": 15, ""n_served_customers"": 15}",
fixed_split,fixed_timing,related_regret,shaw_related_removal,regret_2_insertion_fixed_timing_for_depot,case_3_hybrid,kmeans,40c_cap25,40,25,results/lns_timing_fixed_split_related_regret/case3_kmeans,run_2026_07_18_195110,run_2026_07_18_195110,True,2,lns_sa_metrics_best.json,lns_sa_summary_best.json,fixed_timing_split_repair,results/hybrid_supplier_customer_kmeans_timing_fixed_split_v1,/Users/danishali/Desktop/Desktop - Danish’s MacBook Air/Master Thesis/results/hybrid_supplier_customer_kmeans_timing_fixed_split_v1/40c_cap25/run_2026_07_16_190959,hybrid_supplier_customer_kmeans_timing_fixed_split_v1,215.18474879574904,215.18474879574904,263.18474879574904,206.71032519132592,206.71032519132592,48.0,254.71032519132592,95.90356419080155,110.80676100052435,8.474423604423123,3.938208284671211,8.474423604423123,3.2199523882745598,8.474423604423123,3.938208284671211,-3.2199523882745598,ok,7,7,3,4,0.8,0.52,0.96,"[35.202235817276254, 30.86802023539854, 29.833308138126757, 19.5559017998286, 31.31330803298487, 34.02535239499606, 25.912198772714817]","[22, 20, 13, 17, 24, 23, 21]","[0.88, 0.8, 0.52, 0.68, 0.96, 0.92, 0.84]",2,"[2, 3, 4, 5, 6, 7, 8, 9, 10]",50,,200,0,0,0.0,4.0,0.0,0.0,10.0,0.95,0.01,42,hybrid,False,30,ok,9.0,09:00,,,,,,,,,18.0,18:00,True,3,3,0,[],[],11.840074527242543,11:50,2.4544840465644615,2.8400745272425416,0.7333333333333334,,,,,,,,3,7,no_infeasible_acceptance_evidence_in_saved_records,"{""all_customers_served_exactly_once"": true, ""duplicate_customers"": [], ""extra_customers"": [], ""missing_customers"": [], ""n_expected_customers"": 40, ""n_served_customers"": 40}","{""all_customers_served_exactly_once"": true, ""duplicate_customers"": [], ""extra_customers"": [], ""missing_customers"": [], ""n_expected_customers"": 25, ""n_served_customers"": 25}","{""all_customers_served_exactly_once"": true, ""duplicate_customers"": [], ""extra_customers"": [], ""missing_customers"": [], ""n_expected_customers"": 15, ""n_served_customers"": 15}",
fixed_split,fixed_timing,related_regret,shaw_related_removal,regret_2_insertion_fixed_timing_for_depot,case_3_hybrid,kmeans,40c_cap35,40,35,results/lns_timing_fixed_split_related_regret/case3_kmeans,run_2026_07_18_195113,run_2026_07_18_195113,True,1,lns_sa_metrics_best.json,lns_sa_summary_best.json,fixed_timing_split_repair,results/hybrid_supplier_customer_kmeans_timing_fixed_split_v1,/Users/danishali/Desktop/Desktop - Danish’s MacBook Air/Master Thesis/results/hybrid_supplier_customer_kmeans_timing_fixed_split_v1/40c_cap35/run_2026_07_16_191000,hybrid_supplier_customer_kmeans_timing_fixed_split_v1,204.62300192541986,204.62300192541986,252.62300192541986,185.1465666365013,185.1465666365013,48.0,233.1465666365013,86.51719228330128,98.62937435320002,19.476435288918566,9.518204261326034,19.476435288918566,7.709684051125502,19.476435288918566,9.518204261326034,-7.709684051125502,ok,6,6,2,4,0.6666666666666666,0.17142857142857143,1.0,"[39.644307026912735, 46.87288525638856, 32.29837093709574, 6.3934522483934, 34.02535239499606, 25.912198772714817]","[27, 28, 35, 6, 23, 21]","[0.7714285714285715, 0.8, 1.0, 0.17142857142857143, 0.6571428571428571, 0.6]",3,"[2, 3, 4, 5, 6, 7, 8, 9, 10]",50,,200,0,0,0.0,4.0,0.0,0.0,10.0,0.95,0.01,42,hybrid,False,30,ok,9.0,09:00,,,,,,,,,18.0,18:00,True,2,2,0,[],[],12.729096175212952,12:44,3.5252865380550213,3.729096175212952,0.7857142857142858,,,,,,,,2,6,no_infeasible_acceptance_evidence_in_saved_records,"{""all_customers_served_exactly_once"": true, ""duplicate_customers"": [], ""extra_customers"": [], ""missing_customers"": [], ""n_expected_customers"": 40, ""n_served_customers"": 40}","{""all_customers_served_exactly_once"": true, ""duplicate_customers"": [], ""extra_customers"": [], ""missing_customers"": [], ""n_expected_customers"": 25, ""n_served_customers"": 25}","{""all_customers_served_exactly_once"": true, ""duplicate_customers"": [], ""extra_customers"": [], ""missing_customers"": [], ""n_expected_customers"": 15, ""n_served_customers"": 15}",
fixed_split,fixed_timing,related_regret,shaw_related_removal,regret_2_insertion_fixed_timing_for_depot,case_3_hybrid,kmeans,60c_cap15,60,15,results/lns_timing_fixed_split_related_regret/case3_kmeans,run_2026_07_18_195117,run_2026_07_18_195117,True,1,lns_sa_metrics_best.json,lns_sa_summary_best.json,fixed_timing_split_repair,results/hybrid_supplier_customer_kmeans_timing_fixed_split_v1,/Users/danishali/Desktop/Desktop - Danish’s MacBook Air/Master Thesis/results/hybrid_supplier_customer_kmeans_timing_fixed_split_v1/60c_cap15/run_2026_07_16_191000,hybrid_supplier_customer_kmeans_timing_fixed_split_v1,662.5752543717753,662.5752543717753,854.5752543717753,635.7639277739154,635.7639277739154,192.0,827.7639277739154,245.28683098448005,390.4770967894354,26.811326597859875,4.046533042240039,26.811326597859875,3.137386258343007,26.811326597859875,4.046533042240039,-3.137386258343007,ok,18,18,6,12,0.8222222222222221,0.4,1.0,"[45.11654935948812, 50.23346464084517, 35.72277840988242, 40.68968770183765, 57.77897413059543, 15.745376741831272, 30.388006266086485, 38.54869144666927, 34.10963822780371, 46.226288636180804, 9.590178372590103, 30.958581801207757, 36.98543312986975, 48.92621084765268, 22.31206296120649, 39.22038192263109, 39.39595580116857, 13.815667376368612]","[15, 15, 15, 14, 15, 9, 12, 15, 12, 12, 6, 11, 11, 12, 11, 11, 15, 11]","[1.0, 1.0, 1.0, 0.9333333333333333, 1.0, 0.6, 0.8, 1.0, 0.8, 0.8, 0.4, 0.7333333333333333, 0.7333333333333333, 0.8, 0.7333333333333333, 0.7333333333333333, 1.0, 0.7333333333333333]",9,"[2, 3, 4, 5, 6, 7, 8, 9, 10, 11, 12, 13, 14]",50,,59,141,0,141.0,1.18,0.0,2.82,10.0,0.95,0.01,42,hybrid,False,30,ok,9.0,09:00,,,,,,,,,18.0,18:00,True,6,6,0,[],[],12.092632471019847,12:06,2.334926838802667,3.092632471019847,0.9222222222222222,,,,,,,,6,18,no_infeasible_acceptance_evidence_in_saved_records,"{""all_customers_served_exactly_once"": true, ""duplicate_customers"": [], ""extra_customers"": [], ""missing_customers"": [], ""n_expected_customers"": 60, ""n_served_customers"": 60}","{""all_customers_served_exactly_once"": true, ""duplicate_customers"": [], ""extra_customers"": [], ""missing_customers"": [], ""n_expected_customers"": 35, ""n_served_customers"": 35}","{""all_customers_served_exactly_once"": true, ""duplicate_customers"": [], ""extra_customers"": [], ""missing_customers"": [], ""n_expected_customers"": 25, ""n_served_customers"": 25}",
fixed_split,fixed_timing,related_regret,shaw_related_removal,regret_2_insertion_fixed_timing_for_depot,case_3_hybrid,kmeans,60c_cap25,60,25,results/lns_timing_fixed_split_related_regret/case3_kmeans,run_2026_07_18_195122,run_2026_07_18_195122,True,1,lns_sa_metrics_best.json,lns_sa_summary_best.json,fixed_timing_split_repair,results/hybrid_supplier_customer_kmeans_timing_fixed_split_v1,/Users/danishali/Desktop/Desktop - Danish’s MacBook Air/Master Thesis/results/hybrid_supplier_customer_kmeans_timing_fixed_split_v1/60c_cap25/run_2026_07_16_191000,hybrid_supplier_customer_kmeans_timing_fixed_split_v1,490.5700029166522,490.5700029166522,610.5700029166521,455.2370106123944,455.2370106123944,120.0,575.2370106123944,193.3689992241599,261.8680113882345,35.3329923042578,7.202436368752223,35.33299230425769,5.7868863742853955,35.3329923042578,7.202436368752223,-5.7868863742853955,ok,11,11,4,7,0.8072727272727271,0.48,1.0,"[47.79365684427745, 47.729247870286585, 41.608266941478725, 56.23782756811714, 54.24172448468187, 35.216661690767495, 21.01951389202242, 37.45613258260244, 49.457003073686046, 18.642369142622766, 45.83460652185147]","[25, 20, 15, 23, 23, 22, 12, 22, 23, 16, 21]","[1.0, 0.8, 0.6, 0.92, 0.92, 0.88, 0.48, 0.88, 0.92, 0.64, 0.84]",8,"[2, 3, 4, 5, 6, 7, 8, 9, 10, 11, 12, 13, 14]",50,,82,118,0,118.0,1.64,0.0,2.36,10.0,0.95,0.01,42,hybrid,False,30,ok,9.0,09:00,,,,,,,,,18.0,18:00,True,4,4,0,[],[],12.541260918937239,12:32,3.0697416602013328,3.541260918937238,0.83,,,,,,,,4,11,no_infeasible_acceptance_evidence_in_saved_records,"{""all_customers_served_exactly_once"": true, ""duplicate_customers"": [], ""extra_customers"": [], ""missing_customers"": [], ""n_expected_customers"": 60, ""n_served_customers"": 60}","{""all_customers_served_exactly_once"": true, ""duplicate_customers"": [], ""extra_customers"": [], ""missing_customers"": [], ""n_expected_customers"": 35, ""n_served_customers"": 35}","{""all_customers_served_exactly_once"": true, ""duplicate_customers"": [], ""extra_customers"": [], ""missing_customers"": [], ""n_expected_customers"": 25, ""n_served_customers"": 25}",
fixed_split,fixed_timing,related_regret,shaw_related_removal,regret_2_insertion_fixed_timing_for_depot,case_3_hybrid,kmeans,60c_cap35,60,35,results/lns_timing_fixed_split_related_regret/case3_kmeans,run_2026_07_18_195129,run_2026_07_18_195129,True,1,lns_sa_metrics_best.json,lns_sa_summary_best.json,fixed_timing_split_repair,results/hybrid_supplier_customer_kmeans_timing_fixed_split_v1,/Users/danishali/Desktop/Desktop - Danish’s MacBook Air/Master Thesis/results/hybrid_supplier_customer_kmeans_timing_fixed_split_v1/60c_cap35/run_2026_07_16_191001,hybrid_supplier_customer_kmeans_timing_fixed_split_v1,413.68962645828617,413.68962645828617,485.68962645828617,388.05139427528934,388.05139427528934,72.0,460.05139427528934,175.5662888179949,212.48510545729445,25.63823218299683,6.197455904923936,25.63823218299683,5.278727563105321,25.63823218299683,6.197455904923936,-5.278727563105321,ok,9,9,3,6,0.7047619047619048,0.14285714285714285,1.0,"[64.1263635430992, 65.17723896204483, 46.26268631285087, 37.2673459057441, 47.442352964821204, 22.31206296120649, 50.165342469721445, 47.27653975775484, 8.021461398046371]","[35, 31, 17, 22, 35, 11, 34, 32, 5]","[1.0, 0.8857142857142857, 0.4857142857142857, 0.6285714285714286, 1.0, 0.3142857142857143, 0.9714285714285714, 0.9142857142857143, 0.14285714285714285]",11,"[2, 3, 4, 5, 6, 7, 8, 9, 10, 11, 12, 13, 14]",50,,96,104,0,104.0,1.92,0.0,2.08,10.0,0.95,0.01,42,hybrid,False,30,ok,9.0,09:00,,,,,,,,,18.0,18:00,True,3,3,0,[],[],13.470878784769972,13:28,3.8951809868666096,4.4708787847699725,0.7904761904761904,,,,,,,,3,9,no_infeasible_acceptance_evidence_in_saved_records,"{""all_customers_served_exactly_once"": true, ""duplicate_customers"": [], ""extra_customers"": [], ""missing_customers"": [], ""n_expected_customers"": 60, ""n_served_customers"": 60}","{""all_customers_served_exactly_once"": true, ""duplicate_customers"": [], ""extra_customers"": [], ""missing_customers"": [], ""n_expected_customers"": 35, ""n_served_customers"": 35}","{""all_customers_served_exactly_once"": true, ""duplicate_customers"": [], ""extra_customers"": [], ""missing_customers"": [], ""n_expected_customers"": 25, ""n_served_customers"": 25}",
fixed_split,fixed_timing,related_regret,shaw_related_removal,regret_2_insertion_fixed_timing_for_depot,case_3_hybrid,kmeans,80c_cap15,80,15,results/lns_timing_fixed_split_related_regret/case3_kmeans,run_2026_07_18_195139,run_2026_07_18_195139,True,1,lns_sa_metrics_best.json,lns_sa_summary_best.json,fixed_timing_split_repair,results/hybrid_supplier_customer_kmeans_timing_fixed_split_v1,/Users/danishali/Desktop/Desktop - Danish’s MacBook Air/Master Thesis/results/hybrid_supplier_customer_kmeans_timing_fixed_split_v1/80c_cap15/run_2026_07_16_191002,hybrid_supplier_customer_kmeans_timing_fixed_split_v1,1079.172588688274,1079.172588688274,1367.172588688274,1017.7298578266905,1017.7298578266905,288.0,1305.7298578266905,421.41447698955835,596.3153808371321,61.442730861583414,5.693503662492631,61.442730861583414,4.494145901545195,61.442730861583414,5.693503662492631,-4.494145901545195,ok,23,23,9,14,0.8144927536231884,0.26666666666666666,1.0,"[49.93194625459249, 46.96595111637238, 50.79981815086706, 55.113524920316166, 50.57455672418814, 11.99284137202897, 54.08481369546194, 57.63133161849414, 44.319693137237074, 40.51734168811531, 51.39825526222569, 39.469246867896146, 45.58033635755135, 61.635051514907744, 29.49143308661471, 41.83353428060418, 49.31391083982634, 65.23494779687024, 29.749417281608654, 52.293842563508136, 52.52794106822475, 26.574840365117097, 10.695281864061826]","[15, 15, 15, 15, 12, 4, 15, 14, 15, 12, 15, 12, 12, 12, 10, 11, 11, 12, 11, 11, 15, 12, 5]","[1.0, 1.0, 1.0, 1.0, 0.8, 0.26666666666666666, 1.0, 0.9333333333333333, 1.0, 0.8, 1.0, 0.8, 0.8, 0.8, 0.6666666666666666, 0.7333333333333333, 0.7333333333333333, 0.8, 0.7333333333333333, 0.7333333333333333, 1.0, 0.8, 0.3333333333333333]",10,"[2, 3, 4, 5, 6, 7, 8, 9, 10, 11, 12, 13, 14, 15, 16, 17, 18, 19, 20]",50,,62,138,0,138.0,1.24,0.0,2.76,10.0,0.95,0.01,42,hybrid,False,30,ok,9.0,09:00,,,,,,,,,18.0,18:00,True,9,9,0,[],[],12.170450830677206,12:10,2.5052388036650313,3.1704508306772055,0.8888888888888888,,,,,,,,9,23,no_infeasible_acceptance_evidence_in_saved_records,"{""all_customers_served_exactly_once"": true, ""duplicate_customers"": [], ""extra_customers"": [], ""missing_customers"": [], ""n_expected_customers"": 80, ""n_served_customers"": 80}","{""all_customers_served_exactly_once"": true, ""duplicate_customers"": [], ""extra_customers"": [], ""missing_customers"": [], ""n_expected_customers"": 51, ""n_served_customers"": 51}","{""all_customers_served_exactly_once"": true, ""duplicate_customers"": [], ""extra_customers"": [], ""missing_customers"": [], ""n_expected_customers"": 29, ""n_served_customers"": 29}",
fixed_split,fixed_timing,related_regret,shaw_related_removal,regret_2_insertion_fixed_timing_for_depot,case_3_hybrid,kmeans,80c_cap25,80,25,results/lns_timing_fixed_split_related_regret/case3_kmeans,run_2026_07_18_195153,run_2026_07_18_195153,True,1,lns_sa_metrics_best.json,lns_sa_summary_best.json,fixed_timing_split_repair,results/hybrid_supplier_customer_kmeans_timing_fixed_split_v1,/Users/danishali/Desktop/Desktop - Danish’s MacBook Air/Master Thesis/results/hybrid_supplier_customer_kmeans_timing_fixed_split_v1/80c_cap25/run_2026_07_16_191002,hybrid_supplier_customer_kmeans_timing_fixed_split_v1,745.7449181373408,745.7449181373408,937.7449181373408,711.5692716443932,711.5692716443932,192.0,903.5692716443932,322.9119041006993,388.6573675436939,34.175646492947635,4.582752850439625,34.175646492947635,3.6444501944975958,34.175646492947635,4.582752850439625,-3.6444501944975958,ok,13,13,5,8,0.8646153846153847,0.44,1.0,"[70.22617680348529, 49.89440691741699, 74.47059429368375, 62.13764719104456, 66.18307889506869, 37.48118490559597, 48.76281892492671, 62.926856803136765, 45.68458126548884, 65.94267076491472, 30.441921693511365, 63.57390526966008, 33.84342791645946]","[22, 25, 25, 25, 23, 17, 22, 24, 21, 23, 11, 22, 21]","[0.88, 1.0, 1.0, 1.0, 0.92, 0.68, 0.88, 0.96, 0.84, 0.92, 0.44, 0.88, 0.84]",11,"[2, 3, 4, 5, 6, 7, 8, 9, 10, 11, 12, 13, 14, 15, 16, 17, 18, 19, 20]",50,,75,125,0,125.0,1.5,0.0,2.5,10.0,0.95,0.01,42,hybrid,False,30,ok,9.0,09:00,,,,,,,,,18.0,18:00,True,5,5,0,[],[],13.482353143122792,13:29,3.8527460273379943,4.482353143122792,0.96,,,,,,,,5,13,no_infeasible_acceptance_evidence_in_saved_records,"{""all_customers_served_exactly_once"": true, ""duplicate_customers"": [], ""extra_customers"": [], ""missing_customers"": [], ""n_expected_customers"": 80, ""n_served_customers"": 80}","{""all_customers_served_exactly_once"": true, ""duplicate_customers"": [], ""extra_customers"": [], ""missing_customers"": [], ""n_expected_customers"": 51, ""n_served_customers"": 51}","{""all_customers_served_exactly_once"": true, ""duplicate_customers"": [], ""extra_customers"": [], ""missing_customers"": [], ""n_expected_customers"": 29, ""n_served_customers"": 29}",
fixed_split,fixed_timing,related_regret,shaw_related_removal,regret_2_insertion_fixed_timing_for_depot,case_3_hybrid,kmeans,80c_cap35,80,35,results/lns_timing_fixed_split_related_regret/case3_kmeans,run_2026_07_18_195212,run_2026_07_18_195212,True,1,lns_sa_metrics_best.json,lns_sa_summary_best.json,fixed_timing_split_repair,results/hybrid_supplier_customer_kmeans_timing_fixed_split_v1,/Users/danishali/Desktop/Desktop - Danish’s MacBook Air/Master Thesis/results/hybrid_supplier_customer_kmeans_timing_fixed_split_v1/80c_cap35/run_2026_07_16_191003,hybrid_supplier_customer_kmeans_timing_fixed_split_v1,620.3949986042885,620.3949986042885,780.3949986042885,579.1665693779272,579.1665693779272,160.0,739.1665693779272,272.3838261253864,306.7827432525408,41.2284292263613,6.6455128295865515,41.2284292263613,5.283020688253645,41.2284292263613,6.6455128295865515,-5.283020688253645,ok,10,10,4,6,0.8028571428571428,0.3142857142857143,0.9714285714285714,"[65.86947539711026, 65.62878404329808, 62.27907995770472, 78.60648672727335, 52.3140825140254, 63.47109453103726, 67.00360573859082, 39.378290904673136, 66.19477972905602, 18.42088983515815]","[34, 26, 28, 32, 34, 29, 34, 21, 32, 11]","[0.9714285714285714, 0.7428571428571429, 0.8, 0.9142857142857143, 0.9714285714285714, 0.8285714285714286, 0.9714285714285714, 0.6, 0.9142857142857143, 0.3142857142857143]",12,"[2, 3, 4, 5, 6, 7, 8, 9, 10, 11, 12, 13, 14, 15, 16, 17, 18, 19, 20]",50,,113,87,0,87.0,2.26,0.0,1.74,10.0,0.95,0.01,42,hybrid,False,30,ok,9.0,09:00,,,,,,,,,18.0,18:00,True,4,4,0,[],[],13.953549557575778,13:57,4.394865217711553,4.953549557575778,0.8571428571428571,,,,,,,,4,10,no_infeasible_acceptance_evidence_in_saved_records,"{""all_customers_served_exactly_once"": true, ""duplicate_customers"": [], ""extra_customers"": [], ""missing_customers"": [], ""n_expected_customers"": 80, ""n_served_customers"": 80}","{""all_customers_served_exactly_once"": true, ""duplicate_customers"": [], ""extra_customers"": [], ""missing_customers"": [], ""n_expected_customers"": 51, ""n_served_customers"": 51}","{""all_customers_served_exactly_once"": true, ""duplicate_customers"": [], ""extra_customers"": [], ""missing_customers"": [], ""n_expected_customers"": 29, ""n_served_customers"": 29}",
fixed_split,fixed_timing,related_regret,shaw_related_removal,regret_2_insertion_fixed_timing_for_depot,case_3_hybrid,kmeans,100c_cap15,100,15,results/lns_timing_fixed_split_related_regret/case3_kmeans,run_2026_07_18_195246,run_2026_07_18_195246,True,1,lns_sa_metrics_best.json,lns_sa_summary_best.json,fixed_timing_split_repair,results/hybrid_supplier_customer_kmeans_timing_fixed_split_v1,/Users/danishali/Desktop/Desktop - Danish’s MacBook Air/Master Thesis/results/hybrid_supplier_customer_kmeans_timing_fixed_split_v1/100c_cap15/run_2026_07_16_191003,hybrid_supplier_customer_kmeans_timing_fixed_split_v1,1548.3882132372098,1548.3882132372098,1988.3882132372098,1468.9285459851376,1468.9285459851376,440.0,1908.9285459851376,621.8599911232417,847.0685548618959,79.45966725207222,5.131766476441084,79.45966725207222,3.996184785399997,79.45966725207222,5.131766476441084,-3.996184785399997,ok,27,27,11,16,0.8543209876543211,0.3333333333333333,1.0,"[27.373602565565434, 55.700435490869125, 50.22157367955024, 66.67997470994527, 70.98360215332428, 24.972317536873305, 55.39961642154634, 72.03916452311768, 68.2303254069554, 61.72942048309821, 68.52995815239638, 64.24781907778211, 35.0325231533707, 49.33655858487019, 77.04381439363469, 78.0030448314662, 55.61920225430944, 52.291917850755226, 61.64238854978292, 81.5436847460878, 37.02224783051638, 39.6180691462914, 38.052402116889205, 65.36730320438517, 65.65992633528093, 33.21855045639637, 13.369102330077288]","[9, 15, 14, 15, 15, 9, 15, 14, 15, 14, 15, 15, 12, 12, 12, 15, 12, 11, 11, 12, 15, 15, 11, 11, 15, 12, 5]","[0.6, 1.0, 0.9333333333333333, 1.0, 1.0, 0.6, 1.0, 0.9333333333333333, 1.0, 0.9333333333333333, 1.0, 1.0, 0.8, 0.8, 0.8, 1.0, 0.8, 0.7333333333333333, 0.7333333333333333, 0.8, 1.0, 1.0, 0.7333333333333333, 0.7333333333333333, 1.0, 0.8, 0.3333333333333333]",8,"[2, 3, 4, 5, 6, 7, 8, 9, 10, 11, 12, 13, 14, 15, 16, 17, 18, 19, 20, 21, 22, 23, 24, 25]",50,,52,148,0,148.0,1.04,0.0,2.96,10.0,0.95,0.01,42,hybrid,False,30,ok,9.0,09:00,,,,,,,,,18.0,18:00,True,11,11,0,[],[],12.617665271746546,12:37,2.8541211852219446,3.617665271746546,0.9090909090909091,,,,,,,,11,27,no_infeasible_acceptance_evidence_in_saved_records,"{""all_customers_served_exactly_once"": true, ""duplicate_customers"": [], ""extra_customers"": [], ""missing_customers"": [], ""n_expected_customers"": 100, ""n_served_customers"": 100}","{""all_customers_served_exactly_once"": true, ""duplicate_customers"": [], ""extra_customers"": [], ""missing_customers"": [], ""n_expected_customers"": 64, ""n_served_customers"": 64}","{""all_customers_served_exactly_once"": true, ""duplicate_customers"": [], ""extra_customers"": [], ""missing_customers"": [], ""n_expected_customers"": 36, ""n_served_customers"": 36}",
fixed_split,fixed_timing,related_regret,shaw_related_removal,regret_2_insertion_fixed_timing_for_depot,case_3_hybrid,kmeans,100c_cap25,100,25,results/lns_timing_fixed_split_related_regret/case3_kmeans,run_2026_07_18_195314,run_2026_07_18_195314,True,1,lns_sa_metrics_best.json,lns_sa_summary_best.json,fixed_timing_split_repair,results/hybrid_supplier_customer_kmeans_timing_fixed_split_v1,/Users/danishali/Desktop/Desktop - Danish’s MacBook Air/Master Thesis/results/hybrid_supplier_customer_kmeans_timing_fixed_split_v1/100c_cap25/run_2026_07_16_191004,hybrid_supplier_customer_kmeans_timing_fixed_split_v1,1107.8336358545364,1107.8336358545364,1427.8336358545364,1056.9562830366933,1056.9562830366933,320.0,1376.9562830366933,481.55971417626967,575.3965688604237,50.877352817843075,4.592508402996667,50.877352817843075,3.5632549577383896,50.877352817843075,4.592508402996667,-3.5632549577383896,ok,17,17,7,10,0.8141176470588236,0.24,1.0,"[74.42261520381246, 65.29633789308194, 77.34091757345976, 72.71621149147042, 48.88566418554932, 75.36747422775532, 67.53049360114044, 15.983630620983499, 56.23286257071249, 90.17866040393909, 78.65857100392097, 52.37521262875096, 82.42833845614341, 39.715224576434665, 38.052402116889205, 79.46738158707508, 42.30428489557433]","[25, 25, 25, 23, 13, 24, 15, 6, 23, 25, 24, 21, 23, 20, 11, 22, 21]","[1.0, 1.0, 1.0, 0.92, 0.52, 0.96, 0.6, 0.24, 0.92, 1.0, 0.96, 0.84, 0.92, 0.8, 0.44, 0.88, 0.84]",8,"[2, 3, 4, 5, 6, 7, 8, 9, 10, 11, 12, 13, 14, 15, 16, 17, 18, 19, 20, 21, 22, 23, 24, 25]",50,,79,121,0,121.0,1.58,0.0,2.42,10.0,0.95,0.01,42,hybrid,False,30,ok,9.0,09:00,,,,,,,,,18.0,18:00,True,7,7,0,[],[],13.314087173460415,13:19,3.8169510198869987,4.314087173460415,0.857142857142857,,,,,,,,7,17,no_infeasible_acceptance_evidence_in_saved_records,"{""all_customers_served_exactly_once"": true, ""duplicate_customers"": [], ""extra_customers"": [], ""missing_customers"": [], ""n_expected_customers"": 100, ""n_served_customers"": 100}","{""all_customers_served_exactly_once"": true, ""duplicate_customers"": [], ""extra_customers"": [], ""missing_customers"": [], ""n_expected_customers"": 64, ""n_served_customers"": 64}","{""all_customers_served_exactly_once"": true, ""duplicate_customers"": [], ""extra_customers"": [], ""missing_customers"": [], ""n_expected_customers"": 36, ""n_served_customers"": 36}",
fixed_split,fixed_timing,related_regret,shaw_related_removal,regret_2_insertion_fixed_timing_for_depot,case_3_hybrid,kmeans,100c_cap35,100,35,results/lns_timing_fixed_split_related_regret/case3_kmeans,run_2026_07_18_195404,run_2026_07_18_195404,True,1,lns_sa_metrics_best.json,lns_sa_summary_best.json,fixed_timing_split_repair,results/hybrid_supplier_customer_kmeans_timing_fixed_split_v1,/Users/danishali/Desktop/Desktop - Danish’s MacBook Air/Master Thesis/results/hybrid_supplier_customer_kmeans_timing_fixed_split_v1/100c_cap35/run_2026_07_16_191005,hybrid_supplier_customer_kmeans_timing_fixed_split_v1,940.2984713334815,940.2984713334815,1180.2984713334815,861.9290122102142,861.9290122102142,240.0,1101.9290122102143,399.8819320105628,462.04708019965136,78.36945912326735,8.334530100014724,78.36945912326723,6.639800103674347,78.36945912326735,8.334530100014724,-6.639800103674347,ok,13,13,5,8,0.7604395604395606,0.3142857142857143,1.0,"[73.34696834988642, 57.39032481127821, 89.45322402354674, 79.6327589628006, 100.05865586305082, 59.1530782371922, 49.59494031543949, 80.58360636516863, 83.75450717323854, 45.138959036455574, 38.052402116889205, 23.026112293947687, 82.74347466132002]","[33, 20, 35, 29, 33, 34, 11, 33, 34, 30, 11, 11, 32]","[0.9428571428571428, 0.5714285714285714, 1.0, 0.8285714285714286, 0.9428571428571428, 0.9714285714285714, 0.3142857142857143, 0.9428571428571428, 0.9714285714285714, 0.8571428571428571, 0.3142857142857143, 0.3142857142857143, 0.9142857142857143]",12,"[2, 3, 4, 5, 6, 7, 8, 9, 10, 11, 12, 13, 14, 15, 16, 17, 18, 19, 20, 21, 22, 23, 24, 25]",50,,92,108,0,108.0,1.84,0.0,2.16,10.0,0.95,0.01,42,hybrid,False,30,ok,9.0,09:00,,,,,,,,,18.0,18:00,True,5,5,0,[],[],14.83528852876836,14:50,4.799212880070418,5.83528852876836,0.8571428571428571,,,,,,,,5,13,no_infeasible_acceptance_evidence_in_saved_records,"{""all_customers_served_exactly_once"": true, ""duplicate_customers"": [], ""extra_customers"": [], ""missing_customers"": [], ""n_expected_customers"": 100, ""n_served_customers"": 100}","{""all_customers_served_exactly_once"": true, ""duplicate_customers"": [], ""extra_customers"": [], ""missing_customers"": [], ""n_expected_customers"": 64, ""n_served_customers"": 64}","{""all_customers_served_exactly_once"": true, ""duplicate_customers"": [], ""extra_customers"": [], ""missing_customers"": [], ""n_expected_customers"": 36, ""n_served_customers"": 36}",
fixed_split,fixed_timing,related_regret,shaw_related_removal,regret_2_insertion_fixed_timing_for_depot,case_3_hybrid,kmeans,150c_cap15,150,15,results/lns_timing_fixed_split_related_regret/case3_kmeans,run_2026_07_18_195517,run_2026_07_18_195517,True,1,lns_sa_metrics_best.json,lns_sa_summary_best.json,fixed_timing_split_repair,results/hybrid_supplier_customer_kmeans_timing_fixed_split_v1,/Users/danishali/Desktop/Desktop - Danish’s MacBook Air/Master Thesis/results/hybrid_supplier_customer_kmeans_timing_fixed_split_v1/150c_cap15/run_2026_07_16_191005,hybrid_supplier_customer_kmeans_timing_fixed_split_v1,3407.799321342537,3407.799321342537,4367.799321342537,3291.7617055585256,3291.7617055585256,960.0,4251.761705558525,1309.7643842309535,1981.9973213275723,116.03761578401145,3.405060123619523,116.0376157840119,2.6566608776418152,116.03761578401145,3.405060123619523,-2.6566608776418152,ok,41,41,15,26,0.8634146341463418,0.4,1.0,"[44.36774976894128, 88.39314260064995, 106.52474284245326, 106.22214083122964, 99.33631555976609, 94.9148230903607, 103.11199877951064, 83.50757485228607, 94.79709327740787, 84.35187437839298, 57.63625319770932, 71.51260770060236, 77.21450615136845, 120.22849656206958, 77.64506463820555, 35.212942418316686, 18.734203426079215, 87.9853864609139, 65.0265927115771, 83.42880338146415, 73.3495482361089, 76.98268528574104, 57.652995840722895, 117.0045672471993, 115.56572159045203, 28.933014181126406, 55.53337174577455, 59.427103719437085, 58.42702182769218, 69.33112157535984, 79.52180283721572, 81.57954335038016, 102.9994123003931, 120.0034796447822, 134.44730480934817, 50.76091075731748, 49.82782568459456, 89.85369758952905, 65.13701651814625, 99.46618386280856, 105.80506432509142]","[12, 15, 15, 15, 15, 15, 15, 14, 15, 15, 15, 12, 15, 15, 15, 12, 6, 15, 11, 12, 11, 11, 12, 15, 12, 11, 15, 15, 11, 11, 12, 12, 11, 11, 12, 15, 12, 11, 11, 15, 11]","[0.8, 1.0, 1.0, 1.0, 1.0, 1.0, 1.0, 0.9333333333333333, 1.0, 1.0, 1.0, 0.8, 1.0, 1.0, 1.0, 0.8, 0.4, 1.0, 0.7333333333333333, 0.8, 0.7333333333333333, 0.7333333333333333, 0.8, 1.0, 0.8, 0.7333333333333333, 1.0, 1.0, 0.7333333333333333, 0.7333333333333333, 0.8, 0.8, 0.7333333333333333, 0.7333333333333333, 0.8, 1.0, 0.8, 0.7333333333333333, 0.7333333333333333, 1.0, 0.7333333333333333]",16,"[2, 3, 4, 5, 6, 7, 8, 9, 10, 11, 12, 13, 14, 15, 16, 17, 18, 19, 20, 21, 22, 23, 24, 25, 26, 27, 28, 29, 30, 31, 32, 33, 34, 35, 36, 37]",50,,14,186,0,186.0,0.28,0.0,3.72,10.0,0.95,0.01,42,hybrid,False,30,ok,9.0,09:00,,,,,,,,,18.0,18:00,True,15,15,0,[],[],14.340949885402319,14:20,3.9439208538465627,5.340949885402319,0.968888888888889,,,,,,,,15,41,no_infeasible_acceptance_evidence_in_saved_records,"{""all_customers_served_exactly_once"": true, ""duplicate_customers"": [], ""extra_customers"": [], ""missing_customers"": [], ""n_expected_customers"": 150, ""n_served_customers"": 150}","{""all_customers_served_exactly_once"": true, ""duplicate_customers"": [], ""extra_customers"": [], ""missing_customers"": [], ""n_expected_customers"": 93, ""n_served_customers"": 93}","{""all_customers_served_exactly_once"": true, ""duplicate_customers"": [], ""extra_customers"": [], ""missing_customers"": [], ""n_expected_customers"": 57, ""n_served_customers"": 57}",
fixed_split,fixed_timing,related_regret,shaw_related_removal,regret_2_insertion_fixed_timing_for_depot,case_3_hybrid,kmeans,150c_cap25,150,25,results/lns_timing_fixed_split_related_regret/case3_kmeans,run_2026_07_18_195647,run_2026_07_18_195647,True,1,lns_sa_metrics_best.json,lns_sa_summary_best.json,fixed_timing_split_repair,results/hybrid_supplier_customer_kmeans_timing_fixed_split_v1,/Users/danishali/Desktop/Desktop - Danish’s MacBook Air/Master Thesis/results/hybrid_supplier_customer_kmeans_timing_fixed_split_v1/150c_cap25/run_2026_07_16_191006,hybrid_supplier_customer_kmeans_timing_fixed_split_v1,2335.1454350079275,2335.1454350079275,2935.1454350079275,2261.8674211034527,2261.8674211034527,600.0,2861.8674211034527,965.4247274085246,1296.4426936949278,73.27801390447485,3.1380492540596756,73.27801390447485,2.4965718233405676,73.27801390447485,3.1380492540596756,-2.4965718233405676,ok,26,26,10,16,0.8169230769230771,0.24,1.0,"[47.51172419934292, 69.46087222367807, 112.63452597617975, 136.69351034918998, 108.80785795456377, 109.19020198587647, 96.40814757613634, 70.6865161558093, 110.05090274009699, 103.98046824765102, 18.734203426079215, 84.94064308683986, 77.5121807126152, 81.45048700820044, 102.9928937704711, 118.53761335331552, 8.402385172758931, 62.35917533987016, 143.27580395469204, 73.57351267560641, 86.43080269626373, 127.95184468525773, 34.53916844092153, 106.90630819360962, 65.31971189192524, 103.51595928650113]","[14, 19, 25, 25, 23, 23, 17, 25, 24, 23, 6, 22, 22, 22, 22, 23, 6, 25, 22, 22, 24, 22, 11, 22, 21, 21]","[0.56, 0.76, 1.0, 1.0, 0.92, 0.92, 0.68, 1.0, 0.96, 0.92, 0.24, 0.88, 0.88, 0.88, 0.88, 0.92, 0.24, 1.0, 0.88, 0.88, 0.96, 0.88, 0.44, 0.88, 0.84, 0.84]",25,"[2, 3, 4, 5, 6, 7, 8, 9, 10, 11, 12, 13, 14, 15, 16, 17, 18, 19, 20, 21, 22, 23, 24, 25, 26, 27, 28, 29, 30, 31, 32, 33, 34, 35, 36, 37]",50,,5,195,0,195.0,0.1,0.0,3.9,10.0,0.95,0.01,42,hybrid,False,30,ok,9.0,09:00,,,,,,,,,18.0,18:00,True,10,10,0,[],[],15.223117011639665,15:13,4.768082424695082,6.223117011639666,0.8720000000000001,,,,,,,,10,26,no_infeasible_acceptance_evidence_in_saved_records,"{""all_customers_served_exactly_once"": true, ""duplicate_customers"": [], ""extra_customers"": [], ""missing_customers"": [], ""n_expected_customers"": 150, ""n_served_customers"": 150}","{""all_customers_served_exactly_once"": true, ""duplicate_customers"": [], ""extra_customers"": [], ""missing_customers"": [], ""n_expected_customers"": 93, ""n_served_customers"": 93}","{""all_customers_served_exactly_once"": true, ""duplicate_customers"": [], ""extra_customers"": [], ""missing_customers"": [], ""n_expected_customers"": 57, ""n_served_customers"": 57}",
fixed_split,fixed_timing,related_regret,shaw_related_removal,regret_2_insertion_fixed_timing_for_depot,case_3_hybrid,kmeans,150c_cap35,150,35,results/lns_timing_fixed_split_related_regret/case3_kmeans,run_2026_07_18_195939,run_2026_07_18_195939,True,1,lns_sa_metrics_best.json,lns_sa_summary_best.json,fixed_timing_split_repair,results/hybrid_supplier_customer_kmeans_timing_fixed_split_v1,/Users/danishali/Desktop/Desktop - Danish’s MacBook Air/Master Thesis/results/hybrid_supplier_customer_kmeans_timing_fixed_split_v1/150c_cap35/run_2026_07_16_191007,hybrid_supplier_customer_kmeans_timing_fixed_split_v1,1945.6999709924216,1945.6999709924216,2425.6999709924216,1854.5746971204564,1854.5746971204564,480.0,2334.574697120456,802.1100546385875,1052.4646424818689,91.12527387196519,4.68341857586018,91.12527387196542,3.75665890100512,91.12527387196519,4.68341857586018,-3.75665890100512,ok,18,18,7,11,0.842857142857143,0.2857142857142857,1.0,"[111.51820166362548, 115.99873737297524, 91.43288491523316, 159.75841055800893, 57.791910939029634, 138.18475481689876, 127.42515437281634, 74.41923830411969, 77.87290696296708, 102.67413046593185, 125.13186696005386, 129.29118059782076, 85.99707832394316, 129.3468941794872, 68.56158551103931, 43.96148623582995, 107.66068018287454, 107.54759475780139]","[34, 35, 26, 31, 22, 35, 35, 17, 34, 33, 33, 31, 34, 34, 22, 10, 33, 32]","[0.9714285714285714, 1.0, 0.7428571428571429, 0.8857142857142857, 0.6285714285714286, 1.0, 1.0, 0.4857142857142857, 0.9714285714285714, 0.9428571428571428, 0.9428571428571428, 0.8857142857142857, 0.9714285714285714, 0.9714285714285714, 0.6285714285714286, 0.2857142857142857, 0.9428571428571428, 0.9142857142857143]",21,"[2, 3, 4, 5, 6, 7, 8, 9, 10, 11, 12, 13, 14, 15, 16, 17, 18, 19, 20, 21, 22, 23, 24, 25, 26, 27, 28, 29, 30, 31, 32, 33, 34, 35, 36, 37]",50,,24,176,0,176.0,0.48,0.0,3.52,10.0,0.95,0.01,42,hybrid,False,30,ok,9.0,09:00,,,,,,,,,18.0,18:00,True,7,7,0,[],[],17.158613685266964,17:10,6.0338574030408925,8.158613685266964,0.889795918367347,,,,,,,,7,18,no_infeasible_acceptance_evidence_in_saved_records,"{""all_customers_served_exactly_once"": true, ""duplicate_customers"": [], ""extra_customers"": [], ""missing_customers"": [], ""n_expected_customers"": 150, ""n_served_customers"": 150}","{""all_customers_served_exactly_once"": true, ""duplicate_customers"": [], ""extra_customers"": [], ""missing_customers"": [], ""n_expected_customers"": 93, ""n_served_customers"": 93}","{""all_customers_served_exactly_once"": true, ""duplicate_customers"": [], ""extra_customers"": [], ""missing_customers"": [], ""n_expected_customers"": 57, ""n_served_customers"": 57}",
fixed_split,fixed_timing,related_regret,shaw_related_removal,regret_2_insertion_fixed_timing_for_depot,case_3_hybrid,kmeans,200c_cap15,200,15,results/lns_timing_fixed_split_related_regret/case3_kmeans,run_2026_07_18_200356,run_2026_07_18_200356,True,1,lns_sa_metrics_best.json,lns_sa_summary_best.json,fixed_timing_split_repair,results/hybrid_supplier_customer_kmeans_timing_fixed_split_v1,/Users/danishali/Desktop/Desktop - Danish’s MacBook Air/Master Thesis/results/hybrid_supplier_customer_kmeans_timing_fixed_split_v1/200c_cap15/run_2026_07_16_191008,hybrid_supplier_customer_kmeans_timing_fixed_split_v1,5819.378827824319,5819.378827824319,7659.378827824319,5666.309620362662,5666.309620362662,1840.0,7506.309620362662,2481.7183630041027,3184.5912573585583,153.06920746165724,2.630335848386158,153.06920746165724,1.998454586233558,153.06920746165724,2.630335848386158,-1.998454586233558,ok,54,54,23,31,0.865432098765432,0.4,1.0,"[58.24566703687345, 85.8466442221669, 89.86717783796806, 130.24520791422427, 143.8098470520244, 118.32510344210874, 113.24694004684345, 125.05387487959513, 57.97586379522768, 89.08679103489952, 79.51079008998553, 96.10710362717595, 103.13921633272793, 115.56456124797154, 146.97269692575105, 132.5469275369607, 70.01765700438503, 128.4850635892131, 94.42369029089176, 108.40519769571138, 132.2920179118755, 105.2128257376831, 157.33749775183892, 24.978937901438965, 46.950589891088924, 63.15196493044999, 75.47283660182161, 106.18455073488724, 81.47355299360254, 103.40663610172646, 94.16131982401836, 112.46504636569237, 103.37597679608632, 135.33711397264048, 154.08762878726938, 178.6845281442198, 38.57735224150186, 92.50462238321197, 159.94040302399316, 179.10020429960616, 164.48234156640228, 110.29498385917663, 72.3485353230981, 79.06015825763353, 111.18656302683931, 68.81836412793318, 88.71114307419523, 46.052224587895374, 88.99793525599793, 156.0860359616558, 109.0724650052262, 132.6215784837447, 148.39034885439824, 58.61531498110661]","[14, 14, 14, 13, 14, 15, 14, 15, 13, 14, 12, 15, 15, 15, 15, 15, 10, 15, 10, 15, 15, 15, 15, 6, 12, 12, 12, 11, 11, 15, 11, 12, 12, 15, 12, 15, 11, 15, 15, 12, 12, 12, 15, 11, 12, 11, 11, 11, 11, 15, 12, 15, 12, 10]","[0.9333333333333333, 0.9333333333333333, 0.9333333333333333, 0.8666666666666667, 0.9333333333333333, 1.0, 0.9333333333333333, 1.0, 0.8666666666666667, 0.9333333333333333, 0.8, 1.0, 1.0, 1.0, 1.0, 1.0, 0.6666666666666666, 1.0, 0.6666666666666666, 1.0, 1.0, 1.0, 1.0, 0.4, 0.8, 0.8, 0.8, 0.7333333333333333, 0.7333333333333333, 1.0, 0.7333333333333333, 0.8, 0.8, 1.0, 0.8, 1.0, 0.7333333333333333, 1.0, 1.0, 0.8, 0.8, 0.8, 1.0, 0.7333333333333333, 0.8, 0.7333333333333333, 0.7333333333333333, 0.7333333333333333, 0.7333333333333333, 1.0, 0.8, 1.0, 0.8, 0.6666666666666666]",4,"[2, 3, 4, 5, 6, 7, 8, 9, 10, 11, 12, 13, 14, 15, 16, 17, 18, 19, 20, 21, 22, 23, 24, 25, 26, 27, 28, 29, 30, 31, 32, 33, 34, 35, 36, 37, 38, 39, 40, 41, 42, 43, 44, 45, 46, 47, 48, 49, 50, 51, 52]",50,,94,106,0,106.0,1.88,0.0,2.12,10.0,0.95,0.01,42,hybrid,False,30,ok,9.0,09:00,,,,,,,,,18.0,18:00,True,23,23,0,[],[],15.411249925061297,15:25,4.545968642034933,6.411249925061297,0.9333333333333335,,,,,,,,23,54,no_infeasible_acceptance_evidence_in_saved_records,"{""all_customers_served_exactly_once"": true, ""duplicate_customers"": [], ""extra_customers"": [], ""missing_customers"": [], ""n_expected_customers"": 200, ""n_served_customers"": 200}","{""all_customers_served_exactly_once"": true, ""duplicate_customers"": [], ""extra_customers"": [], ""missing_customers"": [], ""n_expected_customers"": 131, ""n_served_customers"": 131}","{""all_customers_served_exactly_once"": true, ""duplicate_customers"": [], ""extra_customers"": [], ""missing_customers"": [], ""n_expected_customers"": 69, ""n_served_customers"": 69}",
fixed_split,fixed_timing,related_regret,shaw_related_removal,regret_2_insertion_fixed_timing_for_depot,case_3_hybrid,kmeans,200c_cap25,200,25,results/lns_timing_fixed_split_related_regret/case3_kmeans,run_2026_07_18_200850,run_2026_07_18_200850,True,1,lns_sa_metrics_best.json,lns_sa_summary_best.json,fixed_timing_split_repair,results/hybrid_supplier_customer_kmeans_timing_fixed_split_v1,/Users/danishali/Desktop/Desktop - Danish’s MacBook Air/Master Thesis/results/hybrid_supplier_customer_kmeans_timing_fixed_split_v1/200c_cap25/run_2026_07_16_191010,hybrid_supplier_customer_kmeans_timing_fixed_split_v1,3849.316644734236,3849.316644734236,4969.3166447342355,3748.437015441494,3748.437015441494,1120.0,4868.437015441494,1730.1774642308487,2018.259551210645,100.87962929274181,2.6207152750279064,100.87962929274181,2.0300503369943126,100.87962929274181,2.6207152750279064,-2.0300503369943126,ok,30,30,13,17,0.9346666666666668,0.84,1.0,"[108.52915844124685, 124.30063769440639, 129.02316721747638, 156.34995282817925, 135.40715439745497, 91.55596910202397, 95.90711388123717, 149.77587393399997, 154.85647721771932, 117.82812439681399, 161.51730194836338, 133.44158642350442, 171.68494674842262, 60.84851001297313, 90.17179775985456, 181.1892827303221, 93.11366811386772, 106.72307280214969, 117.12179359714011, 160.88255635459652, 91.68540727186135, 95.40130327149409, 98.16041549707506, 111.32334162122395, 147.52346295192237, 182.4992514884016, 69.97648788193527, 145.95711867772525, 118.33975356936355, 147.34232760873877]","[23, 25, 25, 25, 24, 25, 25, 25, 25, 25, 25, 25, 25, 23, 24, 22, 21, 22, 23, 21, 22, 25, 21, 24, 22, 23, 21, 21, 21, 23]","[0.92, 1.0, 1.0, 1.0, 0.96, 1.0, 1.0, 1.0, 1.0, 1.0, 1.0, 1.0, 1.0, 0.92, 0.96, 0.88, 0.84, 0.88, 0.92, 0.84, 0.88, 1.0, 0.84, 0.96, 0.88, 0.92, 0.84, 0.84, 0.84, 0.92]",28,"[2, 3, 4, 5, 6, 7, 8, 9, 10, 11, 12, 13, 14, 15, 16, 17, 18, 19, 20, 21, 22, 23, 24, 25, 26, 27, 28, 29, 30, 31, 32, 33, 34, 35, 36, 37, 38, 39, 40, 41, 42, 43, 44, 45, 46, 47, 48, 49, 50, 51, 52]",50,,6,194,0,194.0,0.12,0.0,3.88,10.0,0.95,0.01,42,hybrid,False,30,ok,9.0,09:00,,,,,,,,,18.0,18:00,True,13,13,0,[],[],16.556164891614088,16:33,6.115839651873971,7.556164891614088,0.9907692307692307,,,,,,,,13,30,no_infeasible_acceptance_evidence_in_saved_records,"{""all_customers_served_exactly_once"": true, ""duplicate_customers"": [], ""extra_customers"": [], ""missing_customers"": [], ""n_expected_customers"": 200, ""n_served_customers"": 200}","{""all_customers_served_exactly_once"": true, ""duplicate_customers"": [], ""extra_customers"": [], ""missing_customers"": [], ""n_expected_customers"": 131, ""n_served_customers"": 131}","{""all_customers_served_exactly_once"": true, ""duplicate_customers"": [], ""extra_customers"": [], ""missing_customers"": [], ""n_expected_customers"": 69, ""n_served_customers"": 69}",
fixed_split,fixed_timing,related_regret,shaw_related_removal,regret_2_insertion_fixed_timing_for_depot,case_3_hybrid,kmeans,200c_cap35,200,35,results/lns_timing_fixed_split_related_regret/case3_kmeans,run_2026_07_18_201741,run_2026_07_18_201741,True,1,lns_sa_metrics_best.json,lns_sa_summary_best.json,fixed_timing_split_repair,results/hybrid_supplier_customer_kmeans_timing_fixed_split_v1,/Users/danishali/Desktop/Desktop - Danish’s MacBook Air/Master Thesis/results/hybrid_supplier_customer_kmeans_timing_fixed_split_v1/200c_cap35/run_2026_07_16_191012,hybrid_supplier_customer_kmeans_timing_fixed_split_v1,3063.2673060452103,3063.2673060452103,3943.2673060452103,2847.347524716412,2847.347524716412,880.0,3727.347524716412,1346.0924930391827,1501.255031677229,215.9197813287983,7.048675801249569,215.9197813287983,5.475656722479435,215.9197813287983,7.048675801249569,-5.475656722479435,ok,23,23,10,13,0.8708074534161491,0.17142857142857143,1.0,"[107.46519523250477, 145.81858255071108, 144.76405564855523, 125.32120345928732, 149.45907608598486, 89.67776797122981, 157.44699434659105, 133.74378784275018, 159.83801392255702, 132.55781597901137, 60.84851001297313, 117.57921108660031, 115.22678284659648, 124.31347225327778, 182.97321463428747, 11.20318023034523, 96.69812942080638, 98.81612898892557, 142.0565368144437, 182.65675497590632, 69.97648788193527, 155.50982952072917, 143.39679301040184]","[35, 33, 35, 32, 34, 27, 35, 27, 35, 29, 23, 35, 33, 33, 32, 6, 31, 32, 34, 34, 21, 33, 32]","[1.0, 0.9428571428571428, 1.0, 0.9142857142857143, 0.9714285714285714, 0.7714285714285715, 1.0, 0.7714285714285715, 1.0, 0.8285714285714286, 0.6571428571428571, 1.0, 0.9428571428571428, 0.9428571428571428, 0.9142857142857143, 0.17142857142857143, 0.8857142857142857, 0.9142857142857143, 0.9714285714285714, 0.9714285714285714, 0.6, 0.9428571428571428, 0.9142857142857143]",30,"[2, 3, 4, 5, 6, 7, 8, 9, 10, 11, 12, 13, 14, 15, 16, 17, 18, 19, 20, 21, 22, 23, 24, 25, 26, 27, 28, 29, 30, 31, 32, 33, 34, 35, 36, 37, 38, 39, 40, 41, 42, 43, 44, 45, 46, 47, 48, 49, 50, 51, 52]",50,,18,182,0,182.0,0.36,0.0,3.64,10.0,0.95,0.01,42,hybrid,False,30,ok,9.0,09:00,,,,,,,,,18.0,18:00,True,10,10,0,[],[],16.661267130751902,16:40,6.6703083101306095,7.6612671307519005,0.9199999999999999,,,,,,,,10,23,no_infeasible_acceptance_evidence_in_saved_records,"{""all_customers_served_exactly_once"": true, ""duplicate_customers"": [], ""extra_customers"": [], ""missing_customers"": [], ""n_expected_customers"": 200, ""n_served_customers"": 200}","{""all_customers_served_exactly_once"": true, ""duplicate_customers"": [], ""extra_customers"": [], ""missing_customers"": [], ""n_expected_customers"": 131, ""n_served_customers"": 131}","{""all_customers_served_exactly_once"": true, ""duplicate_customers"": [], ""extra_customers"": [], ""missing_customers"": [], ""n_expected_customers"": 69, ""n_served_customers"": 69}",
wave_speed30_14wave_split,dispatch_wave,random_regret,random_removal,regret_2_insertion_dispatch_wave_timing_for_depot,case_3_hybrid,kmeans,20c_cap15,20,15,results/lns_timing_waves_split_speed30_14wave_random_regret/case3_kmeans,run_2026_07_19_102722,run_2026_07_19_102722,True,1,lns_sa_metrics_best.json,lns_sa_summary_best.json,dispatch_wave_speed30_14wave_split_repair,results/hybrid_supplier_customer_kmeans_timing_waves_constructed_split_14wave_v1,/Users/danishali/Desktop/Desktop - Danish’s MacBook Air/Master Thesis/results/hybrid_supplier_customer_kmeans_timing_waves_constructed_split_14wave_v1/20c_cap15/run_2026_07_17_212253,hybrid_supplier_customer_kmeans_timing_waves_constructed_split_14wave_v1,115.58790101324328,115.58790101324328,139.58790101324328,111.0444794457134,111.0444794457134,24.0,135.04447944571342,62.00655413883443,49.037925306878975,4.543421567529876,3.9307068713094124,4.543421567529862,3.254882073983481,4.543421567529876,3.9307068713094124,-3.254882073983481,ok,8,8,3,5,0.5583333333333332,0.3333333333333333,0.8,"[16.19602191905028, 25.677099446901437, 20.13343277288271, 9.416131982401836, 8.035406163987215, 10.199644453814301, 16.30873694921756, 5.078005757458056]","[9, 10, 8, 11, 6, 6, 12, 5]","[0.6, 0.6666666666666666, 0.5333333333333333, 0.7333333333333333, 0.4, 0.4, 0.8, 0.3333333333333333]",2,"[2, 3, 4, 5]",50,,290,10,0,10.0,5.8,0.0,0.2,10.0,0.95,0.01,42,hybrid,False,30,ok,,,8.0,08:00,13.0,13:00,0.5,30,"[9.0, 11.0, 13.0, 14.0, 15.0]","[""09:00"", ""11:00"", ""13:00"", ""14:00"", ""15:00""]",18.0,18:00,True,3,3,0,[],[],14.337781092429424,14:20,1.411183934875938,1.6892366482300478,0.6,"{""11.0"": 1, ""13.0"": 1, ""9.0"": 1}","{""09:00"": 1, ""11:00"": 1, ""13:00"": 1}",0,0,0,0,0,3,8,no_infeasible_acceptance_evidence_in_saved_records,"{""all_customers_served_exactly_once"": true, ""duplicate_customers"": [], ""extra_customers"": [], ""missing_customers"": [], ""n_expected_customers"": 20, ""n_served_customers"": 20}","{""all_customers_served_exactly_once"": true, ""duplicate_customers"": [], ""extra_customers"": [], ""missing_customers"": [], ""n_expected_customers"": 13, ""n_served_customers"": 13}","{""all_customers_served_exactly_once"": true, ""duplicate_customers"": [], ""extra_customers"": [], ""missing_customers"": [], ""n_expected_customers"": 7, ""n_served_customers"": 7}",
wave_speed30_14wave_split,dispatch_wave,random_regret,random_removal,regret_2_insertion_dispatch_wave_timing_for_depot,case_3_hybrid,kmeans,20c_cap25,20,25,results/lns_timing_waves_split_speed30_14wave_random_regret/case3_kmeans,run_2026_07_19_102723,run_2026_07_19_102723,True,1,lns_sa_metrics_best.json,lns_sa_summary_best.json,dispatch_wave_speed30_14wave_split_repair,results/hybrid_supplier_customer_kmeans_timing_waves_constructed_split_14wave_v1,/Users/danishali/Desktop/Desktop - Danish’s MacBook Air/Master Thesis/results/hybrid_supplier_customer_kmeans_timing_waves_constructed_split_14wave_v1/20c_cap25/run_2026_07_17_212254,hybrid_supplier_customer_kmeans_timing_waves_constructed_split_14wave_v1,98.23786144998746,98.23786144998746,122.23786144998746,93.69443988245759,93.69443988245759,24.0,117.69443988245759,62.00655413883443,31.687885743623156,4.543421567529876,4.624919048999163,4.543421567529876,3.7168693182584653,4.543421567529876,4.624919048999163,-3.7168693182584653,ok,6,6,3,3,0.44666666666666677,0.2,0.72,"[16.19602191905028, 25.677099446901437, 20.13343277288271, 10.171703841593862, 16.438176144571237, 5.078005757458056]","[9, 10, 8, 17, 18, 5]","[0.36, 0.4, 0.32, 0.68, 0.72, 0.2]",2,"[2, 3, 4, 5]",50,,300,0,0,0.0,6.0,0.0,0.0,10.0,0.95,0.01,42,hybrid,False,30,ok,,,8.0,08:00,13.0,13:00,0.5,30,"[9.0, 11.0, 13.0, 14.0, 15.0]","[""09:00"", ""11:00"", ""13:00"", ""14:00"", ""15:00""]",18.0,18:00,True,3,3,0,[],[],14.337781092429424,14:20,1.411183934875938,1.6892366482300478,0.36000000000000004,"{""11.0"": 1, ""13.0"": 1, ""9.0"": 1}","{""09:00"": 1, ""11:00"": 1, ""13:00"": 1}",0,0,0,0,0,3,6,no_infeasible_acceptance_evidence_in_saved_records,"{""all_customers_served_exactly_once"": true, ""duplicate_customers"": [], ""extra_customers"": [], ""missing_customers"": [], ""n_expected_customers"": 20, ""n_served_customers"": 20}","{""all_customers_served_exactly_once"": true, ""duplicate_customers"": [], ""extra_customers"": [], ""missing_customers"": [], ""n_expected_customers"": 13, ""n_served_customers"": 13}","{""all_customers_served_exactly_once"": true, ""duplicate_customers"": [], ""extra_customers"": [], ""missing_customers"": [], ""n_expected_customers"": 7, ""n_served_customers"": 7}",
wave_speed30_14wave_split,dispatch_wave,random_regret,random_removal,regret_2_insertion_dispatch_wave_timing_for_depot,case_3_hybrid,kmeans,20c_cap35,20,35,results/lns_timing_waves_split_speed30_14wave_random_regret/case3_kmeans,run_2026_07_19_102724,run_2026_07_19_102724,True,1,lns_sa_metrics_best.json,lns_sa_summary_best.json,dispatch_wave_speed30_14wave_split_repair,results/hybrid_supplier_customer_kmeans_timing_waves_constructed_split_14wave_v1,/Users/danishali/Desktop/Desktop - Danish’s MacBook Air/Master Thesis/results/hybrid_supplier_customer_kmeans_timing_waves_constructed_split_14wave_v1/20c_cap35/run_2026_07_17_212254,hybrid_supplier_customer_kmeans_timing_waves_constructed_split_14wave_v1,98.23786144998746,98.23786144998746,122.23786144998746,93.69443988245759,93.69443988245759,24.0,117.69443988245759,62.00655413883443,31.687885743623156,4.543421567529876,4.624919048999163,4.543421567529876,3.7168693182584653,4.543421567529876,4.624919048999163,-3.7168693182584653,ok,6,6,3,3,0.319047619047619,0.14285714285714285,0.5142857142857142,"[16.19602191905028, 25.677099446901437, 20.13343277288271, 10.171703841593862, 16.438176144571237, 5.078005757458056]","[9, 10, 8, 17, 18, 5]","[0.2571428571428571, 0.2857142857142857, 0.22857142857142856, 0.4857142857142857, 0.5142857142857142, 0.14285714285714285]",2,"[2, 3, 4, 5]",50,,300,0,0,0.0,6.0,0.0,0.0,10.0,0.95,0.01,42,hybrid,False,30,ok,,,8.0,08:00,13.0,13:00,0.5,30,"[9.0, 11.0, 13.0, 14.0, 15.0]","[""09:00"", ""11:00"", ""13:00"", ""14:00"", ""15:00""]",18.0,18:00,True,3,3,0,[],[],14.337781092429424,14:20,1.411183934875938,1.6892366482300478,0.2571428571428571,"{""11.0"": 1, ""13.0"": 1, ""9.0"": 1}","{""09:00"": 1, ""11:00"": 1, ""13:00"": 1}",0,0,0,0,0,3,6,no_infeasible_acceptance_evidence_in_saved_records,"{""all_customers_served_exactly_once"": true, ""duplicate_customers"": [], ""extra_customers"": [], ""missing_customers"": [], ""n_expected_customers"": 20, ""n_served_customers"": 20}","{""all_customers_served_exactly_once"": true, ""duplicate_customers"": [], ""extra_customers"": [], ""missing_customers"": [], ""n_expected_customers"": 13, ""n_served_customers"": 13}","{""all_customers_served_exactly_once"": true, ""duplicate_customers"": [], ""extra_customers"": [], ""missing_customers"": [], ""n_expected_customers"": 7, ""n_served_customers"": 7}",
wave_speed30_14wave_split,dispatch_wave,random_regret,random_removal,regret_2_insertion_dispatch_wave_timing_for_depot,case_3_hybrid,kmeans,40c_cap15,40,15,results/lns_timing_waves_split_speed30_14wave_random_regret/case3_kmeans,run_2026_07_19_102725,run_2026_07_19_102725,True,1,lns_sa_metrics_best.json,lns_sa_summary_best.json,dispatch_wave_speed30_14wave_split_repair,results/hybrid_supplier_customer_kmeans_timing_waves_constructed_split_14wave_v1,/Users/danishali/Desktop/Desktop - Danish’s MacBook Air/Master Thesis/results/hybrid_supplier_customer_kmeans_timing_waves_constructed_split_14wave_v1/40c_cap15/run_2026_07_17_212255,hybrid_supplier_customer_kmeans_timing_waves_constructed_split_14wave_v1,366.0353041541975,366.0353041541975,462.0353041541975,350.03980625415386,350.03980625415386,96.0,446.03980625415386,179.4250639507286,170.61474230342532,15.995497900043631,4.369933096209022,15.995497900043631,3.4619644335025463,15.995497900043631,4.369933096209022,-3.4619644335025463,ok,14,14,6,8,0.6666666666666666,0.2,0.8,"[34.23888333100027, 28.20339761273361, 35.99907972469305, 41.56580624302594, 24.716335243977184, 14.701561795298565, 6.3934522483934, 18.580697466932477, 22.706444254450606, 30.817525757453872, 22.311657116469387, 32.61747389843512, 11.969191387312788, 25.218300173977656]","[10, 10, 11, 12, 9, 3, 6, 12, 11, 12, 11, 12, 10, 11]","[0.6666666666666666, 0.6666666666666666, 0.7333333333333333, 0.8, 0.6, 0.2, 0.4, 0.8, 0.7333333333333333, 0.8, 0.7333333333333333, 0.8, 0.6666666666666666, 0.7333333333333333]",3,"[2, 3, 4, 5, 6, 7, 8, 9, 10]",50,,272,78,0,78.0,5.44,0.0,1.56,10.0,0.95,0.01,42,hybrid,False,30,ok,,,8.0,08:00,13.0,13:00,0.5,30,"[9.0, 11.0, 13.0, 14.0, 15.0]","[""09:00"", ""11:00"", ""13:00"", ""14:00"", ""15:00""]",18.0,18:00,True,6,6,0,[],[],15.385526874767532,15:23,1.6912503552818254,2.3855268747675313,0.611111111111111,"{""11.0"": 2, ""13.0"": 2, ""14.0"": 1, ""9.0"": 1}","{""09:00"": 1, ""11:00"": 2, ""13:00"": 2, ""14:00"": 1}",0,0,0,18,45,6,14,no_infeasible_acceptance_evidence_in_saved_records,"{""all_customers_served_exactly_once"": true, ""duplicate_customers"": [], ""extra_customers"": [], ""missing_customers"": [], ""n_expected_customers"": 40, ""n_served_customers"": 40}","{""all_customers_served_exactly_once"": true, ""duplicate_customers"": [], ""extra_customers"": [], ""missing_customers"": [], ""n_expected_customers"": 25, ""n_served_customers"": 25}","{""all_customers_served_exactly_once"": true, ""duplicate_customers"": [], ""extra_customers"": [], ""missing_customers"": [], ""n_expected_customers"": 15, ""n_served_customers"": 15}",
wave_speed30_14wave_split,dispatch_wave,random_regret,random_removal,regret_2_insertion_dispatch_wave_timing_for_depot,case_3_hybrid,kmeans,40c_cap25,40,25,results/lns_timing_waves_split_speed30_14wave_random_regret/case3_kmeans,run_2026_07_19_102728,run_2026_07_19_102728,True,2,lns_sa_metrics_best.json,lns_sa_summary_best.json,dispatch_wave_speed30_14wave_split_repair,results/hybrid_supplier_customer_kmeans_timing_waves_constructed_split_14wave_v1,/Users/danishali/Desktop/Desktop - Danish’s MacBook Air/Master Thesis/results/hybrid_supplier_customer_kmeans_timing_waves_constructed_split_14wave_v1/40c_cap25/run_2026_07_17_212255,hybrid_supplier_customer_kmeans_timing_waves_constructed_split_14wave_v1,304.4975153824383,304.4975153824383,352.4975153824383,279.20526874744905,279.20526874744905,48.0,327.20526874744905,168.62921652517412,110.57605222227494,25.292246634989226,8.306224306370135,25.292246634989226,7.175156002886625,25.292246634989226,8.306224306370135,-7.175156002886625,ok,8,8,4,4,0.7,0.12,0.92,"[34.24486695318228, 60.269050166630954, 59.4137376100623, 14.701561795298565, 18.84518554309777, 31.793315511466282, 34.02535239499606, 25.912198772714817]","[10, 21, 21, 3, 18, 23, 23, 21]","[0.4, 0.84, 0.84, 0.12, 0.72, 0.92, 0.92, 0.84]",5,"[2, 3, 4, 5, 6, 7, 8, 9, 10]",50,,315,35,0,35.0,6.3,0.0,0.7,10.0,0.95,0.01,42,hybrid,False,30,ok,,,8.0,08:00,13.0,13:00,0.5,30,"[9.0, 11.0, 13.0, 14.0, 15.0]","[""09:00"", ""11:00"", ""13:00"", ""14:00"", ""15:00""]",18.0,18:00,True,4,4,0,[],[],16.647124587002075,16:39,2.4469101377097844,3.647124587002077,0.55,"{""11.0"": 1, ""13.0"": 1, ""14.0"": 1, ""9.0"": 1}","{""09:00"": 1, ""11:00"": 1, ""13:00"": 1, ""14:00"": 1}",0,0,0,11,45,4,8,no_infeasible_acceptance_evidence_in_saved_records,"{""all_customers_served_exactly_once"": true, ""duplicate_customers"": [], ""extra_customers"": [], ""missing_customers"": [], ""n_expected_customers"": 40, ""n_served_customers"": 40}","{""all_customers_served_exactly_once"": true, ""duplicate_customers"": [], ""extra_customers"": [], ""missing_customers"": [], ""n_expected_customers"": 25, ""n_served_customers"": 25}","{""all_customers_served_exactly_once"": true, ""duplicate_customers"": [], ""extra_customers"": [], ""missing_customers"": [], ""n_expected_customers"": 15, ""n_served_customers"": 15}",
wave_speed30_14wave_split,dispatch_wave,random_regret,random_removal,regret_2_insertion_dispatch_wave_timing_for_depot,case_3_hybrid,kmeans,40c_cap35,40,35,results/lns_timing_waves_split_speed30_14wave_random_regret/case3_kmeans,run_2026_07_19_102732,run_2026_07_19_102732,True,1,lns_sa_metrics_best.json,lns_sa_summary_best.json,dispatch_wave_speed30_14wave_split_repair,results/hybrid_supplier_customer_kmeans_timing_waves_constructed_split_14wave_v1,/Users/danishali/Desktop/Desktop - Danish’s MacBook Air/Master Thesis/results/hybrid_supplier_customer_kmeans_timing_waves_constructed_split_14wave_v1/40c_cap35/run_2026_07_17_212256,hybrid_supplier_customer_kmeans_timing_waves_constructed_split_14wave_v1,301.7402549291218,301.7402549291218,349.7402549291218,267.25859087837415,267.25859087837415,48.0,315.25859087837415,168.62921652517412,98.62937435320002,34.48166405074767,11.42759823638624,34.48166405074767,9.859220825962886,34.48166405074767,11.42759823638624,-9.859220825962886,ok,8,8,4,4,0.49999999999999994,0.08571428571428572,1.0,"[34.24486695318228, 60.269050166630954, 59.4137376100623, 14.701561795298565, 32.29837093709574, 6.3934522483934, 34.02535239499606, 25.912198772714817]","[10, 21, 21, 3, 35, 6, 23, 21]","[0.2857142857142857, 0.6, 0.6, 0.08571428571428572, 1.0, 0.17142857142857143, 0.6571428571428571, 0.6]",5,"[2, 3, 4, 5, 6, 7, 8, 9, 10]",50,,320,30,0,30.0,6.4,0.0,0.6,10.0,0.95,0.01,42,hybrid,False,30,ok,,,8.0,08:00,13.0,13:00,0.5,30,"[9.0, 11.0, 13.0, 14.0, 15.0]","[""09:00"", ""11:00"", ""13:00"", ""14:00"", ""15:00""]",18.0,18:00,True,4,4,0,[],[],16.647124587002075,16:39,2.4469101377097844,3.647124587002077,0.39285714285714285,"{""11.0"": 1, ""13.0"": 1, ""14.0"": 1, ""9.0"": 1}","{""09:00"": 1, ""11:00"": 1, ""13:00"": 1, ""14:00"": 1}",0,0,0,11,45,4,8,no_infeasible_acceptance_evidence_in_saved_records,"{""all_customers_served_exactly_once"": true, ""duplicate_customers"": [], ""extra_customers"": [], ""missing_customers"": [], ""n_expected_customers"": 40, ""n_served_customers"": 40}","{""all_customers_served_exactly_once"": true, ""duplicate_customers"": [], ""extra_customers"": [], ""missing_customers"": [], ""n_expected_customers"": 25, ""n_served_customers"": 25}","{""all_customers_served_exactly_once"": true, ""duplicate_customers"": [], ""extra_customers"": [], ""missing_customers"": [], ""n_expected_customers"": 15, ""n_served_customers"": 15}",
wave_speed30_14wave_split,dispatch_wave,random_regret,random_removal,regret_2_insertion_dispatch_wave_timing_for_depot,case_3_hybrid,kmeans,60c_cap15,60,15,results/lns_timing_waves_split_speed30_14wave_random_regret/case3_kmeans,run_2026_07_19_102736,run_2026_07_19_102736,True,1,lns_sa_metrics_best.json,lns_sa_summary_best.json,dispatch_wave_speed30_14wave_split_repair,results/hybrid_supplier_customer_kmeans_timing_waves_constructed_split_14wave_v1,/Users/danishali/Desktop/Desktop - Danish’s MacBook Air/Master Thesis/results/hybrid_supplier_customer_kmeans_timing_waves_constructed_split_14wave_v1/60c_cap15/run_2026_07_17_212256,hybrid_supplier_customer_kmeans_timing_waves_constructed_split_14wave_v1,774.5622095668546,774.5622095668546,966.5622095668546,737.3666802864236,737.3666802864236,192.0,929.3666802864236,348.82935704189276,388.5373232445308,37.19552928043095,4.802135815692735,37.19552928043095,3.848229209902524,37.19552928043095,4.802135815692735,-3.848229209902524,ok,19,19,7,12,0.7789473684210525,0.26666666666666666,1.0,"[51.95580960677695, 66.94974927567077, 41.66631001088497, 49.76529626679979, 47.139950400684704, 54.60556191840188, 36.746679562673734, 46.226288636180804, 15.41384826991534, 33.37152135258566, 24.50295060620958, 38.54869144666927, 22.31206296120649, 37.89947887327698, 47.116041620992824, 30.958581801207757, 42.322025730036565, 13.815667376368612, 36.050164569880934]","[14, 13, 14, 15, 10, 13, 4, 12, 6, 12, 12, 15, 11, 12, 11, 11, 11, 11, 15]","[0.9333333333333333, 0.8666666666666667, 0.9333333333333333, 1.0, 0.6666666666666666, 0.8666666666666667, 0.26666666666666666, 0.8, 0.4, 0.8, 0.8, 1.0, 0.7333333333333333, 0.8, 0.7333333333333333, 0.7333333333333333, 0.7333333333333333, 0.7333333333333333, 1.0]",4,"[2, 3, 4, 5, 6, 7, 8, 9, 10, 11, 12, 13, 14]",50,,262,88,0,88.0,5.24,0.0,1.76,10.0,0.95,0.01,42,hybrid,False,30,ok,,,8.0,08:00,13.0,13:00,0.5,30,"[9.0, 11.0, 13.0, 14.0, 15.0]","[""09:00"", ""11:00"", ""13:00"", ""14:00"", ""15:00""]",18.0,18:00,True,7,7,0,[],[],15.820185397280063,15:49,2.4944255097232992,3.2316583091890254,0.7904761904761906,"{""11.0"": 2, ""13.0"": 3, ""14.0"": 1, ""9.0"": 1}","{""09:00"": 1, ""11:00"": 2, ""13:00"": 3, ""14:00"": 1}",0,0,0,21,45,7,19,no_infeasible_acceptance_evidence_in_saved_records,"{""all_customers_served_exactly_once"": true, ""duplicate_customers"": [], ""extra_customers"": [], ""missing_customers"": [], ""n_expected_customers"": 60, ""n_served_customers"": 60}","{""all_customers_served_exactly_once"": true, ""duplicate_customers"": [], ""extra_customers"": [], ""missing_customers"": [], ""n_expected_customers"": 35, ""n_served_customers"": 35}","{""all_customers_served_exactly_once"": true, ""duplicate_customers"": [], ""extra_customers"": [], ""missing_customers"": [], ""n_expected_customers"": 25, ""n_served_customers"": 25}",
wave_speed30_14wave_split,dispatch_wave,random_regret,random_removal,regret_2_insertion_dispatch_wave_timing_for_depot,case_3_hybrid,kmeans,60c_cap25,60,25,results/lns_timing_waves_split_speed30_14wave_random_regret/case3_kmeans,run_2026_07_19_102746,run_2026_07_19_102746,True,1,lns_sa_metrics_best.json,lns_sa_summary_best.json,dispatch_wave_speed30_14wave_split_repair,results/hybrid_supplier_customer_kmeans_timing_waves_constructed_split_14wave_v1,/Users/danishali/Desktop/Desktop - Danish’s MacBook Air/Master Thesis/results/hybrid_supplier_customer_kmeans_timing_waves_constructed_split_14wave_v1/60c_cap25/run_2026_07_17_212257,hybrid_supplier_customer_kmeans_timing_waves_constructed_split_14wave_v1,614.4171214434904,614.4171214434904,734.4171214434904,577.6128575068293,577.6128575068293,120.0,697.6128575068293,319.972316627738,257.6405408790913,36.80426393666107,5.990110407436955,36.80426393666107,5.011357015250764,36.80426393666107,5.990110407436955,-5.011357015250764,ok,13,13,6,7,0.683076923076923,0.16,1.0,"[51.95580960677695, 39.90711334911951, 63.38809528435885, 73.36905690640712, 54.60556191840188, 36.746679562673734, 38.20018580456915, 47.03072986173702, 21.01951389202242, 49.457003073686046, 37.45613258260244, 18.642369142622766, 45.83460652185147]","[14, 6, 21, 25, 13, 4, 22, 23, 12, 23, 22, 16, 21]","[0.56, 0.24, 0.84, 1.0, 0.52, 0.16, 0.88, 0.92, 0.48, 0.92, 0.88, 0.64, 0.84]",3,"[2, 3, 4, 5, 6, 7, 8, 9, 10, 11, 12, 13, 14]",50,,327,23,0,23.0,6.54,0.0,0.46,10.0,0.95,0.01,42,hybrid,False,30,ok,,,8.0,08:00,13.0,13:00,0.5,30,"[9.0, 11.0, 13.0, 14.0, 15.0]","[""09:00"", ""11:00"", ""13:00"", ""14:00"", ""15:00""]",18.0,18:00,True,6,6,0,[],[],16.945635230213572,16:57,2.7498462034874334,3.9456352302135707,0.5533333333333333,"{""11.0"": 2, ""13.0"": 2, ""14.0"": 1, ""9.0"": 1}","{""09:00"": 1, ""11:00"": 2, ""13:00"": 2, ""14:00"": 1}",0,0,0,18,45,6,13,no_infeasible_acceptance_evidence_in_saved_records,"{""all_customers_served_exactly_once"": true, ""duplicate_customers"": [], ""extra_customers"": [], ""missing_customers"": [], ""n_expected_customers"": 60, ""n_served_customers"": 60}","{""all_customers_served_exactly_once"": true, ""duplicate_customers"": [], ""extra_customers"": [], ""missing_customers"": [], ""n_expected_customers"": 35, ""n_served_customers"": 35}","{""all_customers_served_exactly_once"": true, ""duplicate_customers"": [], ""extra_customers"": [], ""missing_customers"": [], ""n_expected_customers"": 25, ""n_served_customers"": 25}",
wave_speed30_14wave_split,dispatch_wave,random_regret,random_removal,regret_2_insertion_dispatch_wave_timing_for_depot,case_3_hybrid,kmeans,60c_cap35,60,35,results/lns_timing_waves_split_speed30_14wave_random_regret/case3_kmeans,run_2026_07_19_102756,run_2026_07_19_102756,True,1,lns_sa_metrics_best.json,lns_sa_summary_best.json,dispatch_wave_speed30_14wave_split_repair,results/hybrid_supplier_customer_kmeans_timing_waves_constructed_split_14wave_v1,/Users/danishali/Desktop/Desktop - Danish’s MacBook Air/Master Thesis/results/hybrid_supplier_customer_kmeans_timing_waves_constructed_split_14wave_v1/60c_cap35/run_2026_07_17_212257,hybrid_supplier_customer_kmeans_timing_waves_constructed_split_14wave_v1,559.6834867460417,559.6834867460417,631.6834867460417,525.498061908772,525.498061908772,72.0,597.498061908772,313.37566866869724,212.12239324007479,34.18542483726969,6.1079924004942905,34.18542483726969,5.4117965016573875,34.18542483726969,6.1079924004942905,-5.4117965016573875,ok,11,11,5,6,0.5766233766233767,0.11428571428571428,1.0,"[51.95580960677695, 96.69856067443756, 73.36905690640712, 54.60556191840188, 36.746679562673734, 36.572114193695036, 47.77487245965061, 22.31206296120649, 50.165342469721445, 47.27653975775484, 8.021461398046371]","[14, 27, 25, 13, 4, 22, 35, 11, 34, 32, 5]","[0.4, 0.7714285714285715, 0.7142857142857143, 0.37142857142857144, 0.11428571428571428, 0.6285714285714286, 1.0, 0.3142857142857143, 0.9714285714285714, 0.9142857142857143, 0.14285714285714285]",7,"[2, 3, 4, 5, 6, 7, 8, 9, 10, 11, 12, 13, 14]",50,,261,89,0,89.0,5.22,0.0,1.78,10.0,0.95,0.01,42,hybrid,False,30,ok,,,8.0,08:00,13.0,13:00,0.5,30,"[9.0, 11.0, 13.0, 14.0, 15.0]","[""09:00"", ""11:00"", ""13:00"", ""14:00"", ""15:00""]",18.0,18:00,True,5,5,0,[],[],16.945635230213572,16:57,3.255837791124648,5.056618689147919,0.4742857142857143,"{""11.0"": 1, ""13.0"": 2, ""14.0"": 1, ""9.0"": 1}","{""09:00"": 1, ""11:00"": 1, ""13:00"": 2, ""14:00"": 1}",0,0,0,15,45,5,11,no_infeasible_acceptance_evidence_in_saved_records,"{""all_customers_served_exactly_once"": true, ""duplicate_customers"": [], ""extra_customers"": [], ""missing_customers"": [], ""n_expected_customers"": 60, ""n_served_customers"": 60}","{""all_customers_served_exactly_once"": true, ""duplicate_customers"": [], ""extra_customers"": [], ""missing_customers"": [], ""n_expected_customers"": 35, ""n_served_customers"": 35}","{""all_customers_served_exactly_once"": true, ""duplicate_customers"": [], ""extra_customers"": [], ""missing_customers"": [], ""n_expected_customers"": 25, ""n_served_customers"": 25}",
wave_speed30_14wave_split,dispatch_wave,random_regret,random_removal,regret_2_insertion_dispatch_wave_timing_for_depot,case_3_hybrid,kmeans,80c_cap15,80,15,results/lns_timing_waves_split_speed30_14wave_random_regret/case3_kmeans,run_2026_07_19_102808,run_2026_07_19_102808,True,1,lns_sa_metrics_best.json,lns_sa_summary_best.json,dispatch_wave_speed30_14wave_split_repair,results/hybrid_supplier_customer_kmeans_timing_waves_constructed_split_14wave_v1,/Users/danishali/Desktop/Desktop - Danish’s MacBook Air/Master Thesis/results/hybrid_supplier_customer_kmeans_timing_waves_constructed_split_14wave_v1/80c_cap15/run_2026_07_17_212258,hybrid_supplier_customer_kmeans_timing_waves_constructed_split_14wave_v1,1219.7653021673277,1219.7653021673277,1507.7653021673277,1150.1905543030598,1150.1905543030598,288.0,1438.1905543030598,575.9265787700432,574.2639755330165,69.57474786426792,5.7039454836635155,69.57474786426792,4.614428237886767,69.57474786426792,5.7039454836635155,-4.614428237886767,ok,24,24,10,14,0.7805555555555558,0.26666666666666666,1.0,"[55.80344538221032, 54.05814894587847, 70.45170246418516, 53.05617454181184, 64.56327348968631, 45.00541032211405, 51.14541549794434, 57.846463914431666, 75.00097146154938, 48.995572750231645, 39.469246867896146, 51.39825526222569, 44.49536180344755, 28.02601852269656, 61.635051514907744, 63.26068414853237, 48.73959067101116, 15.191335000585772, 50.53263849770265, 29.749417281608654, 56.42936764004875, 48.06688609317459, 26.574840365117097, 10.695281864061826]","[9, 11, 14, 15, 14, 14, 14, 10, 15, 4, 12, 15, 12, 12, 12, 12, 15, 5, 12, 11, 11, 15, 12, 5]","[0.6, 0.7333333333333333, 0.9333333333333333, 1.0, 0.9333333333333333, 0.9333333333333333, 0.9333333333333333, 0.6666666666666666, 1.0, 0.26666666666666666, 0.8, 1.0, 0.8, 0.8, 0.8, 0.8, 1.0, 0.3333333333333333, 0.8, 0.7333333333333333, 0.7333333333333333, 1.0, 0.8, 0.3333333333333333]",5,"[2, 3, 4, 5, 6, 7, 8, 9, 10, 11, 12, 13, 14, 15, 16, 17, 18, 19, 20]",50,,199,151,0,151.0,3.98,0.0,3.02,10.0,0.95,0.01,42,hybrid,False,30,ok,,,8.0,08:00,13.0,13:00,0.5,30,"[9.0, 11.0, 13.0, 14.0, 15.0]","[""09:00"", ""11:00"", ""13:00"", ""14:00"", ""15:00""]",18.0,18:00,True,10,10,0,[],[],16.666699048718314,16:40,2.7697552625668105,3.6666990487183124,0.8000000000000002,"{""11.0"": 3, ""13.0"": 4, ""14.0"": 1, ""9.0"": 2}","{""09:00"": 2, ""11:00"": 3, ""13:00"": 4, ""14:00"": 1}",0,0,0,22,75,10,24,no_infeasible_acceptance_evidence_in_saved_records,"{""all_customers_served_exactly_once"": true, ""duplicate_customers"": [], ""extra_customers"": [], ""missing_customers"": [], ""n_expected_customers"": 80, ""n_served_customers"": 80}","{""all_customers_served_exactly_once"": true, ""duplicate_customers"": [], ""extra_customers"": [], ""missing_customers"": [], ""n_expected_customers"": 51, ""n_served_customers"": 51}","{""all_customers_served_exactly_once"": true, ""duplicate_customers"": [], ""extra_customers"": [], ""missing_customers"": [], ""n_expected_customers"": 29, ""n_served_customers"": 29}",
wave_speed30_14wave_split,dispatch_wave,random_regret,random_removal,regret_2_insertion_dispatch_wave_timing_for_depot,case_3_hybrid,kmeans,80c_cap25,80,25,results/lns_timing_waves_split_speed30_14wave_random_regret/case3_kmeans,run_2026_07_19_102834,run_2026_07_19_102834,True,1,lns_sa_metrics_best.json,lns_sa_summary_best.json,dispatch_wave_speed30_14wave_split_repair,results/hybrid_supplier_customer_kmeans_timing_waves_constructed_split_14wave_v1,/Users/danishali/Desktop/Desktop - Danish’s MacBook Air/Master Thesis/results/hybrid_supplier_customer_kmeans_timing_waves_constructed_split_14wave_v1/80c_cap25/run_2026_07_17_212258,hybrid_supplier_customer_kmeans_timing_waves_constructed_split_14wave_v1,956.9299630247157,956.9299630247157,1148.9299630247156,887.5564172239457,887.5564172239457,192.0,1079.5564172239456,501.9301923193328,385.62622490461297,69.37354580076999,7.249594900497248,69.37354580076999,6.038100496407512,69.37354580076999,7.249594900497248,-6.038100496407512,ok,15,15,7,8,0.7493333333333333,0.16,0.96,"[95.42430905367486, 74.29696542742315, 83.4957563145265, 79.71120698981318, 45.00541032211405, 75.00097146154938, 48.995572750231645, 37.48118490559597, 48.76281892492671, 62.926856803136765, 45.68458126548884, 65.94267076491472, 30.441921693511365, 61.11280869580197, 33.273381851236635]","[20, 20, 23, 24, 14, 15, 4, 17, 22, 24, 21, 23, 11, 21, 22]","[0.8, 0.8, 0.92, 0.96, 0.56, 0.6, 0.16, 0.68, 0.88, 0.96, 0.84, 0.92, 0.44, 0.84, 0.88]",9,"[2, 3, 4, 5, 6, 7, 8, 9, 10, 11, 12, 13, 14, 15, 16, 17, 18, 19, 20]",50,,209,141,0,141.0,4.18,0.0,2.82,10.0,0.95,0.01,42,hybrid,False,30,ok,,,8.0,08:00,13.0,13:00,0.5,30,"[9.0, 11.0, 13.0, 14.0, 15.0]","[""09:00"", ""11:00"", ""13:00"", ""14:00"", ""15:00""]",18.0,18:00,True,7,7,0,[],[],17.157040232993772,17:09,3.6044294872349174,4.847476968455829,0.6857142857142857,"{""11.0"": 2, ""13.0"": 3, ""14.0"": 1, ""9.0"": 1}","{""09:00"": 1, ""11:00"": 2, ""13:00"": 3, ""14:00"": 1}",0,0,0,17,45,7,15,no_infeasible_acceptance_evidence_in_saved_records,"{""all_customers_served_exactly_once"": true, ""duplicate_customers"": [], ""extra_customers"": [], ""missing_customers"": [], ""n_expected_customers"": 80, ""n_served_customers"": 80}","{""all_customers_served_exactly_once"": true, ""duplicate_customers"": [], ""extra_customers"": [], ""missing_customers"": [], ""n_expected_customers"": 51, ""n_served_customers"": 51}","{""all_customers_served_exactly_once"": true, ""duplicate_customers"": [], ""extra_customers"": [], ""missing_customers"": [], ""n_expected_customers"": 29, ""n_served_customers"": 29}",
wave_speed30_14wave_split,dispatch_wave,random_regret,random_removal,regret_2_insertion_dispatch_wave_timing_for_depot,case_3_hybrid,kmeans,80c_cap35,80,35,results/lns_timing_waves_split_speed30_14wave_random_regret/case3_kmeans,run_2026_07_19_102917,run_2026_07_19_102917,True,1,lns_sa_metrics_best.json,lns_sa_summary_best.json,dispatch_wave_speed30_14wave_split_repair,results/hybrid_supplier_customer_kmeans_timing_waves_constructed_split_14wave_v1,/Users/danishali/Desktop/Desktop - Danish’s MacBook Air/Master Thesis/results/hybrid_supplier_customer_kmeans_timing_waves_constructed_split_14wave_v1/80c_cap35/run_2026_07_17_212259,hybrid_supplier_customer_kmeans_timing_waves_constructed_split_14wave_v1,851.4859000471055,851.4859000471055,1011.4859000471055,807.9469535376667,807.9469535376667,160.0,967.9469535376667,501.16421028512593,306.7827432525408,43.5389465094388,5.113290367700764,43.5389465094388,4.304454121150989,43.5389465094388,5.113290367700764,-4.304454121150989,ok,13,13,7,6,0.6175824175824176,0.11428571428571428,0.9714285714285714,"[95.42430905367486, 70.45170246418516, 86.5750372435577, 79.71120698981318, 75.00097146154938, 45.005410322114045, 48.995572750231645, 52.314082514025394, 63.47109453103726, 67.00360573859082, 39.378290904673136, 66.19477972905602, 18.42088983515815]","[20, 14, 29, 24, 15, 14, 4, 34, 29, 34, 21, 32, 11]","[0.5714285714285714, 0.4, 0.8285714285714286, 0.6857142857142857, 0.42857142857142855, 0.4, 0.11428571428571428, 0.9714285714285714, 0.8285714285714286, 0.9714285714285714, 0.6, 0.9142857142857143, 0.3142857142857143]",10,"[2, 3, 4, 5, 6, 7, 8, 9, 10, 11, 12, 13, 14, 15, 16, 17, 18, 19, 20]",50,,249,101,0,101.0,4.98,0.0,2.02,10.0,0.95,0.01,42,hybrid,False,30,ok,,,8.0,08:00,13.0,13:00,0.5,30,"[9.0, 11.0, 13.0, 14.0, 15.0]","[""09:00"", ""11:00"", ""13:00"", ""14:00"", ""15:00""]",18.0,18:00,True,7,7,0,[],[],17.157040232993772,17:09,3.6007819537386956,4.847476968455829,0.4897959183673469,"{""11.0"": 2, ""13.0"": 3, ""14.0"": 1, ""9.0"": 1}","{""09:00"": 1, ""11:00"": 2, ""13:00"": 3, ""14:00"": 1}",0,0,0,17,45,7,13,no_infeasible_acceptance_evidence_in_saved_records,"{""all_customers_served_exactly_once"": true, ""duplicate_customers"": [], ""extra_customers"": [], ""missing_customers"": [], ""n_expected_customers"": 80, ""n_served_customers"": 80}","{""all_customers_served_exactly_once"": true, ""duplicate_customers"": [], ""extra_customers"": [], ""missing_customers"": [], ""n_expected_customers"": 51, ""n_served_customers"": 51}","{""all_customers_served_exactly_once"": true, ""duplicate_customers"": [], ""extra_customers"": [], ""missing_customers"": [], ""n_expected_customers"": 29, ""n_served_customers"": 29}",
wave_speed30_14wave_split,dispatch_wave,random_regret,random_removal,regret_2_insertion_dispatch_wave_timing_for_depot,case_3_hybrid,kmeans,100c_cap15,100,15,results/lns_timing_waves_split_speed30_14wave_random_regret/case3_kmeans,run_2026_07_19_103014,run_2026_07_19_103014,True,1,lns_sa_metrics_best.json,lns_sa_summary_best.json,dispatch_wave_speed30_14wave_split_repair,results/hybrid_supplier_customer_kmeans_timing_waves_constructed_split_14wave_v1,/Users/danishali/Desktop/Desktop - Danish’s MacBook Air/Master Thesis/results/hybrid_supplier_customer_kmeans_timing_waves_constructed_split_14wave_v1/100c_cap15/run_2026_07_17_212259,hybrid_supplier_customer_kmeans_timing_waves_constructed_split_14wave_v1,1817.7083726663295,1817.7083726663295,2257.7083726663295,1740.0126661067336,1740.0126661067336,440.0,2180.0126661067334,881.7266526335239,858.2860134732096,77.69570655959592,4.274376887290614,77.69570655959615,3.4413526343899923,77.69570655959592,4.274376887290614,-3.4413526343899923,ok,29,29,13,16,0.7954022988505751,0.26666666666666666,1.0,"[75.36886765306073, 64.95636289151774, 61.773154318015386, 73.3912772454349, 69.06479769591775, 72.17042033867868, 74.43677748419282, 56.70248014724317, 84.9144533623578, 69.43178395590577, 68.08806823268496, 56.66493883201365, 54.763270476500644, 64.24781907778211, 56.84939704633952, 77.04381439363469, 78.0030448314662, 53.69969407921644, 35.0325231533707, 52.291917850755226, 61.64238854978292, 81.5436847460878, 37.02224783051638, 39.6180691462914, 38.052402116889205, 23.026112293947687, 42.35167168593835, 47.324517121129986, 70.53670955006093]","[11, 9, 13, 15, 14, 14, 13, 12, 14, 12, 15, 4, 4, 15, 12, 12, 15, 12, 12, 11, 11, 12, 15, 15, 11, 11, 11, 10, 11]","[0.7333333333333333, 0.6, 0.8666666666666667, 1.0, 0.9333333333333333, 0.9333333333333333, 0.8666666666666667, 0.8, 0.9333333333333333, 0.8, 1.0, 0.26666666666666666, 0.26666666666666666, 1.0, 0.8, 0.8, 1.0, 0.8, 0.8, 0.7333333333333333, 0.7333333333333333, 0.8, 1.0, 1.0, 0.7333333333333333, 0.7333333333333333, 0.7333333333333333, 0.6666666666666666, 0.7333333333333333]",13,"[2, 3, 4, 5, 6, 7, 8, 9, 10, 11, 12, 13, 14, 15, 16, 17, 18, 19, 20, 21, 22, 23, 24, 25]",50,,140,210,0,210.0,2.8,0.0,4.2,10.0,0.95,0.01,42,hybrid,False,30,ok,,,8.0,08:00,13.0,13:00,0.5,30,"[9.0, 11.0, 13.0, 14.0, 15.0]","[""09:00"", ""11:00"", ""13:00"", ""14:00"", ""15:00""]",18.0,18:00,True,13,13,0,[],[],16.83048177874526,16:50,3.0813503913680105,3.83048177874526,0.7692307692307694,"{""11.0"": 4, ""13.0"": 5, ""14.0"": 2, ""9.0"": 2}","{""09:00"": 2, ""11:00"": 4, ""13:00"": 5, ""14:00"": 2}",0,0,0,27,75,13,29,no_infeasible_acceptance_evidence_in_saved_records,"{""all_customers_served_exactly_once"": true, ""duplicate_customers"": [], ""extra_customers"": [], ""missing_customers"": [], ""n_expected_customers"": 100, ""n_served_customers"": 100}","{""all_customers_served_exactly_once"": true, ""duplicate_customers"": [], ""extra_customers"": [], ""missing_customers"": [], ""n_expected_customers"": 64, ""n_served_customers"": 64}","{""all_customers_served_exactly_once"": true, ""duplicate_customers"": [], ""extra_customers"": [], ""missing_customers"": [], ""n_expected_customers"": 36, ""n_served_customers"": 36}",
wave_speed30_14wave_split,dispatch_wave,random_regret,random_removal,regret_2_insertion_dispatch_wave_timing_for_depot,case_3_hybrid,kmeans,100c_cap25,100,25,results/lns_timing_waves_split_speed30_14wave_random_regret/case3_kmeans,run_2026_07_19_103112,run_2026_07_19_103112,True,1,lns_sa_metrics_best.json,lns_sa_summary_best.json,dispatch_wave_speed30_14wave_split_repair,results/hybrid_supplier_customer_kmeans_timing_waves_constructed_split_14wave_v1,/Users/danishali/Desktop/Desktop - Danish’s MacBook Air/Master Thesis/results/hybrid_supplier_customer_kmeans_timing_waves_constructed_split_14wave_v1/100c_cap25/run_2026_07_17_212300,hybrid_supplier_customer_kmeans_timing_waves_constructed_split_14wave_v1,1433.487371849026,1433.487371849026,1753.487371849026,1334.9459460206851,1334.9459460206851,320.0,1654.9459460206851,763.4572005869501,571.4887454337351,98.54142582834083,6.874244430994482,98.54142582834083,5.61973969190496,98.54142582834083,6.874244430994482,-5.61973969190496,ok,20,20,10,10,0.6920000000000001,0.16,1.0,"[119.28038631709359, 93.5377495007164, 55.56403126253022, 76.16897360260897, 69.18023814832064, 75.0793749371814, 69.43178395590577, 93.78645355407882, 56.66493883201365, 54.763270476500644, 15.983630620983499, 69.685426290816, 78.76130632860958, 77.46122231037091, 47.92894503573822, 82.42833845614341, 18.989168750732212, 62.267969456543, 76.39101086975245, 41.591727314045805]","[20, 22, 10, 24, 24, 13, 12, 17, 4, 4, 6, 23, 25, 24, 25, 23, 5, 22, 21, 22]","[0.8, 0.88, 0.4, 0.96, 0.96, 0.52, 0.48, 0.68, 0.16, 0.16, 0.24, 0.92, 1.0, 0.96, 1.0, 0.92, 0.2, 0.88, 0.84, 0.88]",9,"[2, 3, 4, 5, 6, 7, 8, 9, 10, 11, 12, 13, 14, 15, 16, 17, 18, 19, 20, 21, 22, 23, 24, 25]",50,,201,149,0,149.0,4.02,0.0,2.98,10.0,0.95,0.01,42,hybrid,False,30,ok,,,8.0,08:00,13.0,13:00,0.5,30,"[9.0, 11.0, 13.0, 14.0, 15.0]","[""09:00"", ""11:00"", ""13:00"", ""14:00"", ""15:00""]",18.0,18:00,True,10,10,0,[],[],17.459548451802625,17:28,3.6115240019565,5.642679543903119,0.6,"{""11.0"": 3, ""13.0"": 4, ""14.0"": 2, ""9.0"": 1}","{""09:00"": 1, ""11:00"": 3, ""13:00"": 4, ""14:00"": 2}",0,0,0,32,90,10,20,no_infeasible_acceptance_evidence_in_saved_records,"{""all_customers_served_exactly_once"": true, ""duplicate_customers"": [], ""extra_customers"": [], ""missing_customers"": [], ""n_expected_customers"": 100, ""n_served_customers"": 100}","{""all_customers_served_exactly_once"": true, ""duplicate_customers"": [], ""extra_customers"": [], ""missing_customers"": [], ""n_expected_customers"": 64, ""n_served_customers"": 64}","{""all_customers_served_exactly_once"": true, ""duplicate_customers"": [], ""extra_customers"": [], ""missing_customers"": [], ""n_expected_customers"": 36, ""n_served_customers"": 36}",
wave_speed30_14wave_split,dispatch_wave,random_regret,random_removal,regret_2_insertion_dispatch_wave_timing_for_depot,case_3_hybrid,kmeans,100c_cap35,100,35,results/lns_timing_waves_split_speed30_14wave_random_regret/case3_kmeans,run_2026_07_19_103246,run_2026_07_19_103246,True,1,lns_sa_metrics_best.json,lns_sa_summary_best.json,dispatch_wave_speed30_14wave_split_repair,results/hybrid_supplier_customer_kmeans_timing_waves_constructed_split_14wave_v1,/Users/danishali/Desktop/Desktop - Danish’s MacBook Air/Master Thesis/results/hybrid_supplier_customer_kmeans_timing_waves_constructed_split_14wave_v1/100c_cap35/run_2026_07_17_212300,hybrid_supplier_customer_kmeans_timing_waves_constructed_split_14wave_v1,1342.006811234781,1342.006811234781,1582.006811234781,1194.0339537229906,1194.0339537229906,240.0,1434.0339537229906,740.1488418970679,453.88511182592276,147.97285751179038,11.02623744328395,147.97285751179038,9.353490545106771,147.97285751179038,11.02623744328395,-9.353490545106771,ok,17,17,9,8,0.5815126050420169,0.11428571428571428,0.9714285714285714,"[119.28038631709359, 93.5377495007164, 112.22116401323858, 80.32582069332145, 60.13727455419898, 69.43178395590577, 93.78645355407882, 56.66493883201365, 54.763270476500644, 59.1530782371922, 49.59494031543949, 80.58360636516863, 83.75450717323854, 48.3490647104032, 26.680328069213033, 23.026112293947687, 82.74347466132002]","[20, 22, 34, 31, 6, 12, 17, 4, 4, 34, 11, 33, 34, 31, 10, 11, 32]","[0.5714285714285714, 0.6285714285714286, 0.9714285714285714, 0.8857142857142857, 0.17142857142857143, 0.34285714285714286, 0.4857142857142857, 0.11428571428571428, 0.11428571428571428, 0.9714285714285714, 0.3142857142857143, 0.9428571428571428, 0.9714285714285714, 0.8857142857142857, 0.2857142857142857, 0.3142857142857143, 0.9142857142857143]",8,"[2, 3, 4, 5, 6, 7, 8, 9, 10, 11, 12, 13, 14, 15, 16, 17, 18, 19, 20, 21, 22, 23, 24, 25]",50,,257,93,0,93.0,5.14,0.0,1.86,10.0,0.95,0.01,42,hybrid,False,30,ok,,,8.0,08:00,13.0,13:00,0.5,30,"[9.0, 11.0, 13.0, 14.0, 15.0]","[""09:00"", ""11:00"", ""13:00"", ""14:00"", ""15:00""]",18.0,18:00,True,9,9,0,[],[],17.67752735644405,17:41,3.926477192211362,5.7407054671079525,0.47619047619047605,"{""11.0"": 2, ""13.0"": 4, ""14.0"": 2, ""9.0"": 1}","{""09:00"": 1, ""11:00"": 2, ""13:00"": 4, ""14:00"": 2}",0,0,0,28,105,9,17,no_infeasible_acceptance_evidence_in_saved_records,"{""all_customers_served_exactly_once"": true, ""duplicate_customers"": [], ""extra_customers"": [], ""missing_customers"": [], ""n_expected_customers"": 100, ""n_served_customers"": 100}","{""all_customers_served_exactly_once"": true, ""duplicate_customers"": [], ""extra_customers"": [], ""missing_customers"": [], ""n_expected_customers"": 64, ""n_served_customers"": 64}","{""all_customers_served_exactly_once"": true, ""duplicate_customers"": [], ""extra_customers"": [], ""missing_customers"": [], ""n_expected_customers"": 36, ""n_served_customers"": 36}",
wave_speed30_14wave_split,dispatch_wave,random_regret,random_removal,regret_2_insertion_dispatch_wave_timing_for_depot,case_3_hybrid,kmeans,150c_cap15,150,15,results/lns_timing_waves_split_speed30_14wave_random_regret/case3_kmeans,run_2026_07_19_103442,run_2026_07_19_103442,True,1,lns_sa_metrics_best.json,lns_sa_summary_best.json,dispatch_wave_speed30_14wave_split_repair,results/hybrid_supplier_customer_kmeans_timing_waves_constructed_split_14wave_v1,/Users/danishali/Desktop/Desktop - Danish’s MacBook Air/Master Thesis/results/hybrid_supplier_customer_kmeans_timing_waves_constructed_split_14wave_v1/150c_cap15/run_2026_07_17_212301,hybrid_supplier_customer_kmeans_timing_waves_constructed_split_14wave_v1,4005.6409367040374,4005.6409367040374,4965.640936704038,3863.519031986575,3863.519031986575,960.0,4823.519031986575,1932.2612913651583,1931.257740621417,142.12190471746226,3.5480440449663586,142.1219047174627,2.862105950250133,142.12190471746226,3.5480440449663586,-2.862105950250133,ok,47,47,21,26,0.7531914893617024,0.06666666666666667,1.0,"[115.94806516925689, 112.84732809429113, 61.738544239884995, 32.05143591455274, 87.40450806877215, 122.183378949065, 103.69020166039112, 84.76902410359173, 105.70968033647793, 105.147316854042, 101.61321423341313, 81.07887680763668, 99.02546693505525, 97.45471121388246, 117.38437909641982, 89.45269375617168, 92.802120542285, 82.14490571475096, 84.99740824802046, 71.66170643360626, 83.15632499359103, 35.212942418316686, 18.734203426079215, 87.9853864609139, 65.0265927115771, 83.42880338146415, 73.3495482361089, 76.98268528574104, 57.652995840722895, 117.0045672471993, 115.56572159045203, 40.02049210381952, 54.26140149232356, 69.33112157535984, 79.52180283721572, 80.26139305448125, 98.76540093990624, 134.3251532247046, 59.295118693225135, 94.74869718319246, 28.933014181126406, 50.76091075731748, 49.82782568459456, 89.85369758952905, 65.13701651814625, 99.46618386280856, 105.80506432509142]","[14, 14, 3, 7, 12, 15, 12, 12, 14, 15, 15, 9, 15, 14, 14, 14, 8, 4, 4, 1, 2, 12, 6, 15, 11, 12, 11, 11, 12, 15, 12, 10, 15, 11, 12, 12, 15, 12, 11, 12, 11, 15, 12, 11, 11, 15, 11]","[0.9333333333333333, 0.9333333333333333, 0.2, 0.4666666666666667, 0.8, 1.0, 0.8, 0.8, 0.9333333333333333, 1.0, 1.0, 0.6, 1.0, 0.9333333333333333, 0.9333333333333333, 0.9333333333333333, 0.5333333333333333, 0.26666666666666666, 0.26666666666666666, 0.06666666666666667, 0.13333333333333333, 0.8, 0.4, 1.0, 0.7333333333333333, 0.8, 0.7333333333333333, 0.7333333333333333, 0.8, 1.0, 0.8, 0.6666666666666666, 1.0, 0.7333333333333333, 0.8, 0.8, 1.0, 0.8, 0.7333333333333333, 0.8, 0.7333333333333333, 1.0, 0.8, 0.7333333333333333, 0.7333333333333333, 1.0, 0.7333333333333333]",11,"[2, 3, 4, 5, 6, 7, 8, 9, 10, 11, 12, 13, 14, 15, 16, 17, 18, 19, 20, 21, 22, 23, 24, 25, 26, 27, 28, 29, 30, 31, 32, 33, 34, 35, 36, 37]",50,,115,235,0,235.0,2.3,0.0,4.7,10.0,0.95,0.01,42,hybrid,False,30,ok,,,8.0,08:00,13.0,13:00,0.5,30,"[9.0, 11.0, 13.0, 14.0, 15.0]","[""09:00"", ""11:00"", ""13:00"", ""14:00"", ""15:00""]",18.0,18:00,True,21,21,0,[],[],17.91281263654733,17:55,3.8051766529605677,5.4061126316355,0.6920634920634922,"{""11.0"": 7, ""13.0"": 7, ""14.0"": 4, ""9.0"": 3}","{""09:00"": 3, ""11:00"": 7, ""13:00"": 7, ""14:00"": 4}",0,0,0,20,90,21,47,no_infeasible_acceptance_evidence_in_saved_records,"{""all_customers_served_exactly_once"": true, ""duplicate_customers"": [], ""extra_customers"": [], ""missing_customers"": [], ""n_expected_customers"": 150, ""n_served_customers"": 150}","{""all_customers_served_exactly_once"": true, ""duplicate_customers"": [], ""extra_customers"": [], ""missing_customers"": [], ""n_expected_customers"": 93, ""n_served_customers"": 93}","{""all_customers_served_exactly_once"": true, ""duplicate_customers"": [], ""extra_customers"": [], ""missing_customers"": [], ""n_expected_customers"": 57, ""n_served_customers"": 57}",
wave_speed30_14wave_split,dispatch_wave,random_regret,random_removal,regret_2_insertion_dispatch_wave_timing_for_depot,case_3_hybrid,kmeans,150c_cap25,150,25,results/lns_timing_waves_split_speed30_14wave_random_regret/case3_kmeans,run_2026_07_19_103913,run_2026_07_19_103913,True,1,lns_sa_metrics_best.json,lns_sa_summary_best.json,dispatch_wave_speed30_14wave_split_repair,results/hybrid_supplier_customer_kmeans_timing_waves_constructed_split_14wave_v1,/Users/danishali/Desktop/Desktop - Danish’s MacBook Air/Master Thesis/results/hybrid_supplier_customer_kmeans_timing_waves_constructed_split_14wave_v1/150c_cap25/run_2026_07_17_212301,hybrid_supplier_customer_kmeans_timing_waves_constructed_split_14wave_v1,3128.830559224389,3128.830559224389,3728.830559224389,2950.5824450673713,2950.5824450673713,600.0,3550.5824450673713,1698.8416439800496,1251.7408010873219,178.24811415701788,5.6969564437265054,178.24811415701788,4.780268540657266,178.24811415701788,5.6969564437265054,-4.780268540657266,ok,33,33,17,16,0.6436363636363637,0.04,1.0,"[151.73965693781287, 113.9141052776718, 132.6065165297185, 119.56397446327402, 102.23742220240302, 115.27777442847359, 90.74949642696728, 103.89965431390425, 81.07887680763668, 110.88958067695401, 92.802120542285, 94.41363604682695, 81.10342411928843, 99.62793632610644, 82.14490571475096, 55.13085673236962, 71.66170643360626, 18.734203426079215, 84.94064308683986, 76.9977689228489, 73.38193503352898, 102.5420519544374, 119.27685271960718, 78.35246688935969, 68.2628285601736, 94.215662668606, 79.63402212004044, 136.71883272008407, 8.402385172758931, 34.53916844092153, 106.90630819360962, 65.31971189192524, 103.51595928650113]","[15, 16, 25, 24, 16, 22, 20, 21, 9, 12, 8, 16, 3, 3, 4, 3, 1, 6, 22, 22, 23, 21, 23, 25, 21, 23, 23, 23, 6, 11, 22, 21, 21]","[0.6, 0.64, 1.0, 0.96, 0.64, 0.88, 0.8, 0.84, 0.36, 0.48, 0.32, 0.64, 0.12, 0.12, 0.16, 0.12, 0.04, 0.24, 0.88, 0.88, 0.92, 0.84, 0.92, 1.0, 0.84, 0.92, 0.92, 0.92, 0.24, 0.44, 0.88, 0.84, 0.84]",5,"[2, 3, 4, 5, 6, 7, 8, 9, 10, 11, 12, 13, 14, 15, 16, 17, 18, 19, 20, 21, 22, 23, 24, 25, 26, 27, 28, 29, 30, 31, 32, 33, 34, 35, 36, 37]",50,,252,98,0,98.0,5.04,0.0,1.96,10.0,0.95,0.01,42,hybrid,False,30,ok,,,8.0,08:00,13.0,13:00,0.5,30,"[9.0, 11.0, 13.0, 14.0, 15.0]","[""09:00"", ""11:00"", ""13:00"", ""14:00"", ""15:00""]",18.0,18:00,True,17,17,0,[],[],17.963321810463476,17:58,4.242826752902057,6.253550550990617,0.5129411764705881,"{""11.0"": 4, ""13.0"": 7, ""14.0"": 4, ""9.0"": 2}","{""09:00"": 2, ""11:00"": 4, ""13:00"": 7, ""14:00"": 4}",0,0,0,26,105,17,33,no_infeasible_acceptance_evidence_in_saved_records,"{""all_customers_served_exactly_once"": true, ""duplicate_customers"": [], ""extra_customers"": [], ""missing_customers"": [], ""n_expected_customers"": 150, ""n_served_customers"": 150}","{""all_customers_served_exactly_once"": true, ""duplicate_customers"": [], ""extra_customers"": [], ""missing_customers"": [], ""n_expected_customers"": 93, ""n_served_customers"": 93}","{""all_customers_served_exactly_once"": true, ""duplicate_customers"": [], ""extra_customers"": [], ""missing_customers"": [], ""n_expected_customers"": 57, ""n_served_customers"": 57}",
wave_speed30_14wave_split,dispatch_wave,random_regret,random_removal,regret_2_insertion_dispatch_wave_timing_for_depot,case_3_hybrid,kmeans,150c_cap35,150,35,results/lns_timing_waves_split_speed30_14wave_random_regret/case3_kmeans,run_2026_07_19_104654,run_2026_07_19_104654,True,1,lns_sa_metrics_best.json,lns_sa_summary_best.json,dispatch_wave_speed30_14wave_split_repair,results/hybrid_supplier_customer_kmeans_timing_waves_constructed_split_14wave_v1,/Users/danishali/Desktop/Desktop - Danish’s MacBook Air/Master Thesis/results/hybrid_supplier_customer_kmeans_timing_waves_constructed_split_14wave_v1/150c_cap35/run_2026_07_17_212302,hybrid_supplier_customer_kmeans_timing_waves_constructed_split_14wave_v1,2819.452873222593,2819.452873222593,3299.452873222593,2653.883080257896,2653.883080257896,480.0,3133.883080257896,1668.7979529022082,985.0851273556877,165.56979296469717,5.872408598745378,165.56979296469717,5.0180984340892945,165.56979296469717,5.872408598745378,-5.0180984340892945,ok,27,27,16,11,0.5619047619047619,0.02857142857142857,0.9714285714285714,"[194.37041916945583, 61.738544239884995, 133.27195849195675, 119.56397446327402, 102.23742220240302, 110.46208534296579, 116.03693029601078, 102.66966072848788, 111.52691794737368, 66.35352024748308, 109.68876198156141, 118.91741240138231, 82.14490571475096, 84.99740824802046, 71.66170643360626, 83.15632499359103, 43.946336512777066, 87.55915594377483, 121.19543511477275, 121.0288188119234, 141.17452478072042, 63.60319718016859, 88.39988082958848, 69.25084340498024, 87.07964354899963, 127.30812278706078, 34.53916844092153]","[28, 3, 27, 24, 16, 20, 15, 25, 13, 9, 15, 12, 4, 4, 1, 2, 18, 33, 32, 34, 34, 21, 34, 32, 32, 32, 11]","[0.8, 0.08571428571428572, 0.7714285714285715, 0.6857142857142857, 0.45714285714285713, 0.5714285714285714, 0.42857142857142855, 0.7142857142857143, 0.37142857142857144, 0.2571428571428571, 0.42857142857142855, 0.34285714285714286, 0.11428571428571428, 0.11428571428571428, 0.02857142857142857, 0.05714285714285714, 0.5142857142857142, 0.9428571428571428, 0.9142857142857143, 0.9714285714285714, 0.9714285714285714, 0.6, 0.9714285714285714, 0.9142857142857143, 0.9142857142857143, 0.9142857142857143, 0.3142857142857143]",9,"[2, 3, 4, 5, 6, 7, 8, 9, 10, 11, 12, 13, 14, 15, 16, 17, 18, 19, 20, 21, 22, 23, 24, 25, 26, 27, 28, 29, 30, 31, 32, 33, 34, 35, 36, 37]",50,,222,128,0,128.0,4.44,0.0,2.56,10.0,0.95,0.01,42,hybrid,False,30,ok,,,8.0,08:00,13.0,13:00,0.5,30,"[9.0, 11.0, 13.0, 14.0, 15.0]","[""09:00"", ""11:00"", ""13:00"", ""14:00"", ""15:00""]",18.0,18:00,True,16,16,0,[],[],17.922322024282927,17:55,4.4454124018796,8.645680638981862,0.38928571428571423,"{""11.0"": 4, ""13.0"": 6, ""14.0"": 4, ""9.0"": 2}","{""09:00"": 2, ""11:00"": 4, ""13:00"": 6, ""14:00"": 4}",0,0,0,22,75,16,27,no_infeasible_acceptance_evidence_in_saved_records,"{""all_customers_served_exactly_once"": true, ""duplicate_customers"": [], ""extra_customers"": [], ""missing_customers"": [], ""n_expected_customers"": 150, ""n_served_customers"": 150}","{""all_customers_served_exactly_once"": true, ""duplicate_customers"": [], ""extra_customers"": [], ""missing_customers"": [], ""n_expected_customers"": 93, ""n_served_customers"": 93}","{""all_customers_served_exactly_once"": true, ""duplicate_customers"": [], ""extra_customers"": [], ""missing_customers"": [], ""n_expected_customers"": 57, ""n_served_customers"": 57}",
wave_speed30_14wave_split,dispatch_wave,random_regret,random_removal,regret_2_insertion_dispatch_wave_timing_for_depot,case_3_hybrid,kmeans,200c_cap15,200,15,results/lns_timing_waves_split_speed30_14wave_random_regret/case3_kmeans,run_2026_07_19_105521,run_2026_07_19_105521,True,1,lns_sa_metrics_best.json,lns_sa_summary_best.json,dispatch_wave_speed30_14wave_split_repair,results/hybrid_supplier_customer_kmeans_timing_waves_constructed_split_14wave_v1,/Users/danishali/Desktop/Desktop - Danish’s MacBook Air/Master Thesis/results/hybrid_supplier_customer_kmeans_timing_waves_constructed_split_14wave_v1/200c_cap15/run_2026_07_17_212303,hybrid_supplier_customer_kmeans_timing_waves_constructed_split_14wave_v1,7466.097227014864,7466.097227014864,9306.097227014863,6788.798579277194,6788.798579277194,1840.0,8628.798579277194,3663.594893241607,3125.2036860355865,677.2986477376699,9.071655875133454,677.298647737669,7.27800958033755,677.2986477376699,9.071655875133454,-7.27800958033755,ok,63,63,32,31,0.7417989417989418,0.06666666666666667,1.0,"[189.01280990310622, 161.62375083246698, 49.45136392198959, 121.19527650065032, 100.87728480438953, 116.37042266480634, 157.2832932412926, 65.88840715178556, 145.45888326416298, 116.64542118231626, 131.6896744057144, 101.59139511871115, 123.47173194382862, 102.03859038137361, 106.97994007491063, 132.03343890278666, 108.03978960938628, 122.17947277852248, 113.07651373459274, 116.65947050974728, 131.23779883849323, 128.69686773556296, 108.10596832242697, 125.50069113387003, 117.53116726456906, 132.45370678027362, 79.77774308706883, 98.27647909150201, 110.87509999145472, 95.548941911475, 102.67949204344649, 51.34400611492387, 49.46966278706737, 63.15196493044999, 100.40576706721168, 94.25013390682784, 103.40663610172646, 94.16131982401836, 112.46504636569237, 103.37597679608632, 156.0060896629324, 154.08762878726938, 128.20483343282405, 80.4204944995692, 24.978937901438965, 38.57735224150186, 72.3485353230981, 79.06015825763353, 68.81836412793318, 92.50462238321197, 108.77272446717356, 179.10020429960616, 131.68720125320834, 161.10360214107652, 102.11134180915994, 119.44980335018052, 46.052224587895374, 84.7033433718767, 132.01954835323397, 156.10971502780242, 121.83392758231963, 95.65729053599588, 70.9092348595642]","[15, 15, 4, 14, 14, 14, 15, 8, 15, 13, 13, 15, 14, 6, 12, 6, 15, 13, 14, 8, 8, 11, 13, 8, 13, 5, 7, 3, 2, 1, 7, 1, 11, 12, 12, 11, 15, 11, 12, 12, 15, 12, 15, 12, 6, 11, 15, 11, 11, 15, 12, 12, 15, 11, 12, 12, 11, 11, 11, 15, 12, 15, 11]","[1.0, 1.0, 0.26666666666666666, 0.9333333333333333, 0.9333333333333333, 0.9333333333333333, 1.0, 0.5333333333333333, 1.0, 0.8666666666666667, 0.8666666666666667, 1.0, 0.9333333333333333, 0.4, 0.8, 0.4, 1.0, 0.8666666666666667, 0.9333333333333333, 0.5333333333333333, 0.5333333333333333, 0.7333333333333333, 0.8666666666666667, 0.5333333333333333, 0.8666666666666667, 0.3333333333333333, 0.4666666666666667, 0.2, 0.13333333333333333, 0.06666666666666667, 0.4666666666666667, 0.06666666666666667, 0.7333333333333333, 0.8, 0.8, 0.7333333333333333, 1.0, 0.7333333333333333, 0.8, 0.8, 1.0, 0.8, 1.0, 0.8, 0.4, 0.7333333333333333, 1.0, 0.7333333333333333, 0.7333333333333333, 1.0, 0.8, 0.8, 1.0, 0.7333333333333333, 0.8, 0.8, 0.7333333333333333, 0.7333333333333333, 0.7333333333333333, 1.0, 0.8, 1.0, 0.7333333333333333]",8,"[2, 3, 4, 5, 6, 7, 8, 9, 10, 11, 12, 13, 14, 15, 16, 17, 18, 19, 20, 21, 22, 23, 24, 25, 26, 27, 28, 29, 30, 31, 32, 33, 34, 35, 36, 37, 38, 39, 40, 41, 42, 43, 44, 45, 46, 47, 48, 49, 50, 51, 52]",50,,109,241,0,241.0,2.18,0.0,4.82,10.0,0.95,0.01,42,hybrid,False,30,ok,,,8.0,08:00,13.0,13:00,0.5,30,"[9.0, 11.0, 13.0, 14.0, 15.0]","[""09:00"", ""11:00"", ""13:00"", ""14:00"", ""15:00""]",18.0,18:00,True,32,32,0,[],[],17.9565622578521,17:57,4.498536347126675,7.300426996770208,0.6708333333333334,"{""11.0"": 9, ""13.0"": 13, ""14.0"": 6, ""9.0"": 4}","{""09:00"": 4, ""11:00"": 9, ""13:00"": 13, ""14:00"": 6}",0,0,0,22,75,32,63,no_infeasible_acceptance_evidence_in_saved_records,"{""all_customers_served_exactly_once"": true, ""duplicate_customers"": [], ""extra_customers"": [], ""missing_customers"": [], ""n_expected_customers"": 200, ""n_served_customers"": 200}","{""all_customers_served_exactly_once"": true, ""duplicate_customers"": [], ""extra_customers"": [], ""missing_customers"": [], ""n_expected_customers"": 131, ""n_served_customers"": 131}","{""all_customers_served_exactly_once"": true, ""duplicate_customers"": [], ""extra_customers"": [], ""missing_customers"": [], ""n_expected_customers"": 69, ""n_served_customers"": 69}",
wave_speed30_14wave_split,dispatch_wave,random_regret,random_removal,regret_2_insertion_dispatch_wave_timing_for_depot,case_3_hybrid,kmeans,200c_cap25,200,25,results/lns_timing_waves_split_speed30_14wave_random_regret/case3_kmeans,run_2026_07_19_111344,run_2026_07_19_111344,True,1,lns_sa_metrics_best.json,lns_sa_summary_best.json,dispatch_wave_speed30_14wave_split_repair,results/hybrid_supplier_customer_kmeans_timing_waves_constructed_split_14wave_v1,/Users/danishali/Desktop/Desktop - Danish’s MacBook Air/Master Thesis/results/hybrid_supplier_customer_kmeans_timing_waves_constructed_split_14wave_v1/200c_cap25/run_2026_07_17_212304,hybrid_supplier_customer_kmeans_timing_waves_constructed_split_14wave_v1,5608.425454234164,5608.425454234164,6728.425454234164,5205.418393256142,5205.418393256142,1120.0,6325.418393256142,3229.6098824092805,1975.8085108468613,403.0070609780223,7.185743383176576,403.0070609780223,5.989619171962617,403.0070609780223,7.185743383176576,-5.989619171962617,ok,44,44,27,17,0.6372727272727271,0.04,1.0,"[157.00341875570717, 228.63330611471278, 146.755481865079, 143.12779918713937, 151.8954341314938, 144.2976458260385, 147.4970575508448, 107.84752934969727, 83.27594257525953, 121.11840339975608, 108.2749616675958, 119.72444529110098, 131.47225880904762, 128.69686773556296, 116.65947050974728, 122.44638309084962, 130.962070727101, 97.17786209735597, 46.28738357117666, 125.50069113387002, 132.45370678027365, 79.77774308706883, 98.27647909150201, 110.87509999145472, 95.548941911475, 102.67949204344649, 51.34400611492387, 69.33055048506465, 112.52328545111264, 87.65448287605176, 106.72307280214969, 100.03002911898596, 133.67724605873101, 159.0291259412239, 91.68540727186135, 95.40130327149409, 98.16041549707506, 111.32334162122395, 147.52346295192237, 182.4992514884016, 124.13331890186541, 137.6788661785291, 148.45886304923346, 69.97648788193527]","[25, 23, 25, 25, 16, 20, 25, 10, 17, 9, 16, 16, 8, 11, 8, 13, 9, 10, 2, 8, 5, 7, 3, 2, 1, 7, 1, 23, 22, 23, 22, 22, 22, 22, 22, 25, 21, 24, 22, 23, 21, 22, 22, 21]","[1.0, 0.92, 1.0, 1.0, 0.64, 0.8, 1.0, 0.4, 0.68, 0.36, 0.64, 0.64, 0.32, 0.44, 0.32, 0.52, 0.36, 0.4, 0.08, 0.32, 0.2, 0.28, 0.12, 0.08, 0.04, 0.28, 0.04, 0.92, 0.88, 0.92, 0.88, 0.88, 0.88, 0.88, 0.88, 1.0, 0.84, 0.96, 0.88, 0.92, 0.84, 0.88, 0.88, 0.84]",13,"[2, 3, 4, 5, 6, 7, 8, 9, 10, 11, 12, 13, 14, 15, 16, 17, 18, 19, 20, 21, 22, 23, 24, 25, 26, 27, 28, 29, 30, 31, 32, 33, 34, 35, 36, 37, 38, 39, 40, 41, 42, 43, 44, 45, 46, 47, 48, 49, 50, 51, 52]",50,,143,207,0,207.0,2.86,0.0,4.14,10.0,0.95,0.01,42,hybrid,False,30,ok,,,8.0,08:00,13.0,13:00,0.5,30,"[9.0, 11.0, 13.0, 14.0, 15.0]","[""09:00"", ""11:00"", ""13:00"", ""14:00"", ""15:00""]",18.0,18:00,True,27,27,0,[],[],17.9908148430367,17:59,4.7958146696410875,8.954443537157093,0.47703703703703687,"{""11.0"": 6, ""13.0"": 13, ""14.0"": 6, ""9.0"": 2}","{""09:00"": 2, ""11:00"": 6, ""13:00"": 13, ""14:00"": 6}",0,0,0,21,75,27,44,no_infeasible_acceptance_evidence_in_saved_records,"{""all_customers_served_exactly_once"": true, ""duplicate_customers"": [], ""extra_customers"": [], ""missing_customers"": [], ""n_expected_customers"": 200, ""n_served_customers"": 200}","{""all_customers_served_exactly_once"": true, ""duplicate_customers"": [], ""extra_customers"": [], ""missing_customers"": [], ""n_expected_customers"": 131, ""n_served_customers"": 131}","{""all_customers_served_exactly_once"": true, ""duplicate_customers"": [], ""extra_customers"": [], ""missing_customers"": [], ""n_expected_customers"": 69, ""n_served_customers"": 69}",
wave_speed30_14wave_split,dispatch_wave,random_regret,random_removal,regret_2_insertion_dispatch_wave_timing_for_depot,case_3_hybrid,kmeans,200c_cap35,200,35,results/lns_timing_waves_split_speed30_14wave_random_regret/case3_kmeans,run_2026_07_19_113739,run_2026_07_19_113739,True,1,lns_sa_metrics_best.json,lns_sa_summary_best.json,dispatch_wave_speed30_14wave_split_repair,results/hybrid_supplier_customer_kmeans_timing_waves_constructed_split_14wave_v1,/Users/danishali/Desktop/Desktop - Danish’s MacBook Air/Master Thesis/results/hybrid_supplier_customer_kmeans_timing_waves_constructed_split_14wave_v1/200c_cap35/run_2026_07_17_212305,hybrid_supplier_customer_kmeans_timing_waves_constructed_split_14wave_v1,5347.42231235823,5347.42231235823,6227.42231235823,4724.454539280656,4724.454539280656,880.0,5604.454539280656,3223.1995076034273,1501.255031677229,622.9677730775738,11.649870473814198,622.9677730775738,10.003621752796551,622.9677730775738,11.649870473814198,-10.003621752796551,ok,40,40,27,13,0.5007142857142857,0.02857142857142857,1.0,"[226.15445565016077, 179.37619131009106, 152.71493793650686, 121.37440974413013, 144.2976458260385, 149.169890103564, 108.45066714462246, 148.04653515418497, 128.69686773556296, 110.41995797603632, 108.2749616675958, 121.42622983225041, 88.74240924121096, 31.08658529790378, 116.6594705097473, 119.19430294232829, 109.94777172993675, 125.50069113387003, 131.23779883849323, 132.45370678027365, 131.47225880904762, 79.77774308706883, 98.27647909150201, 110.87509999145472, 95.548941911475, 102.67949204344649, 51.34400611492387, 60.84851001297313, 117.57921108660031, 115.22678284659648, 124.31347225327778, 182.97321463428747, 11.20318023034523, 96.69812942080638, 98.81612898892557, 142.0565368144437, 182.65675497590632, 69.97648788193527, 155.50982952072917, 143.39679301040184]","[22, 26, 29, 5, 20, 24, 17, 26, 11, 17, 16, 14, 11, 2, 8, 11, 13, 8, 8, 5, 8, 7, 3, 2, 1, 7, 1, 23, 35, 33, 33, 32, 6, 31, 32, 34, 34, 21, 33, 32]","[0.6285714285714286, 0.7428571428571429, 0.8285714285714286, 0.14285714285714285, 0.5714285714285714, 0.6857142857142857, 0.4857142857142857, 0.7428571428571429, 0.3142857142857143, 0.4857142857142857, 0.45714285714285713, 0.4, 0.3142857142857143, 0.05714285714285714, 0.22857142857142856, 0.3142857142857143, 0.37142857142857144, 0.22857142857142856, 0.22857142857142856, 0.14285714285714285, 0.22857142857142856, 0.2, 0.08571428571428572, 0.05714285714285714, 0.02857142857142857, 0.2, 0.02857142857142857, 0.6571428571428571, 1.0, 0.9428571428571428, 0.9428571428571428, 0.9142857142857143, 0.17142857142857143, 0.8857142857142857, 0.9142857142857143, 0.9714285714285714, 0.9714285714285714, 0.6, 0.9428571428571428, 0.9142857142857143]",18,"[2, 3, 4, 5, 6, 7, 8, 9, 10, 11, 12, 13, 14, 15, 16, 17, 18, 19, 20, 21, 22, 23, 24, 25, 26, 27, 28, 29, 30, 31, 32, 33, 34, 35, 36, 37, 38, 39, 40, 41, 42, 43, 44, 45, 46, 47, 48, 49, 50, 51, 52]",50,,115,235,0,235.0,2.3,0.0,4.7,10.0,0.95,0.01,42,hybrid,False,30,ok,,,8.0,08:00,13.0,13:00,0.5,30,"[9.0, 11.0, 13.0, 14.0, 15.0]","[""09:00"", ""11:00"", ""13:00"", ""14:00"", ""15:00""]",18.0,18:00,True,27,27,0,[],[],17.9565622578521,17:57,4.787900626670897,8.871815188338692,0.34074074074074057,"{""11.0"": 6, ""13.0"": 13, ""14.0"": 6, ""9.0"": 2}","{""09:00"": 2, ""11:00"": 6, ""13:00"": 13, ""14:00"": 6}",0,0,0,21,60,27,40,no_infeasible_acceptance_evidence_in_saved_records,"{""all_customers_served_exactly_once"": true, ""duplicate_customers"": [], ""extra_customers"": [], ""missing_customers"": [], ""n_expected_customers"": 200, ""n_served_customers"": 200}","{""all_customers_served_exactly_once"": true, ""duplicate_customers"": [], ""extra_customers"": [], ""missing_customers"": [], ""n_expected_customers"": 131, ""n_served_customers"": 131}","{""all_customers_served_exactly_once"": true, ""duplicate_customers"": [], ""extra_customers"": [], ""missing_customers"": [], ""n_expected_customers"": 69, ""n_served_customers"": 69}",
wave_speed30_14wave_split,dispatch_wave,related_regret,shaw_related_removal,regret_2_insertion_dispatch_wave_timing_for_depot,case_3_hybrid,kmeans,20c_cap15,20,15,results/lns_timing_waves_split_speed30_14wave_related_regret/case3_kmeans,run_2026_07_19_120825,run_2026_07_19_120825,True,1,lns_sa_metrics_best.json,lns_sa_summary_best.json,dispatch_wave_speed30_14wave_split_repair,results/hybrid_supplier_customer_kmeans_timing_waves_constructed_split_14wave_v1,/Users/danishali/Desktop/Desktop - Danish’s MacBook Air/Master Thesis/results/hybrid_supplier_customer_kmeans_timing_waves_constructed_split_14wave_v1/20c_cap15/run_2026_07_17_212253,hybrid_supplier_customer_kmeans_timing_waves_constructed_split_14wave_v1,115.58790101324328,115.58790101324328,139.58790101324328,111.0444794457134,111.0444794457134,24.0,135.04447944571342,62.00655413883443,49.037925306878975,4.543421567529876,3.9307068713094124,4.543421567529862,3.254882073983481,4.543421567529876,3.9307068713094124,-3.254882073983481,ok,8,8,3,5,0.5583333333333332,0.3333333333333333,0.8,"[16.19602191905028, 25.677099446901437, 20.133432772882713, 9.416131982401836, 8.035406163987215, 10.199644453814301, 16.30873694921756, 5.078005757458056]","[9, 10, 8, 11, 6, 6, 12, 5]","[0.6, 0.6666666666666666, 0.5333333333333333, 0.7333333333333333, 0.4, 0.4, 0.8, 0.3333333333333333]",2,"[2, 3, 4, 5]",50,,290,10,0,10.0,5.8,0.0,0.2,10.0,0.95,0.01,42,hybrid,False,30,ok,,,8.0,08:00,13.0,13:00,0.5,30,"[9.0, 11.0, 13.0, 14.0, 15.0]","[""09:00"", ""11:00"", ""13:00"", ""14:00"", ""15:00""]",18.0,18:00,True,3,3,0,[],[],14.337781092429424,14:20,1.411183934875938,1.6892366482300478,0.6,"{""11.0"": 1, ""13.0"": 1, ""9.0"": 1}","{""09:00"": 1, ""11:00"": 1, ""13:00"": 1}",0,0,0,0,0,3,8,no_infeasible_acceptance_evidence_in_saved_records,"{""all_customers_served_exactly_once"": true, ""duplicate_customers"": [], ""extra_customers"": [], ""missing_customers"": [], ""n_expected_customers"": 20, ""n_served_customers"": 20}","{""all_customers_served_exactly_once"": true, ""duplicate_customers"": [], ""extra_customers"": [], ""missing_customers"": [], ""n_expected_customers"": 13, ""n_served_customers"": 13}","{""all_customers_served_exactly_once"": true, ""duplicate_customers"": [], ""extra_customers"": [], ""missing_customers"": [], ""n_expected_customers"": 7, ""n_served_customers"": 7}",
wave_speed30_14wave_split,dispatch_wave,related_regret,shaw_related_removal,regret_2_insertion_dispatch_wave_timing_for_depot,case_3_hybrid,kmeans,20c_cap25,20,25,results/lns_timing_waves_split_speed30_14wave_related_regret/case3_kmeans,run_2026_07_19_120826,run_2026_07_19_120826,True,1,lns_sa_metrics_best.json,lns_sa_summary_best.json,dispatch_wave_speed30_14wave_split_repair,results/hybrid_supplier_customer_kmeans_timing_waves_constructed_split_14wave_v1,/Users/danishali/Desktop/Desktop - Danish’s MacBook Air/Master Thesis/results/hybrid_supplier_customer_kmeans_timing_waves_constructed_split_14wave_v1/20c_cap25/run_2026_07_17_212254,hybrid_supplier_customer_kmeans_timing_waves_constructed_split_14wave_v1,98.23786144998746,98.23786144998746,122.23786144998746,93.69443988245759,93.69443988245759,24.0,117.69443988245759,62.00655413883443,31.687885743623156,4.543421567529876,4.624919048999163,4.543421567529876,3.7168693182584653,4.543421567529876,4.624919048999163,-3.7168693182584653,ok,6,6,3,3,0.44666666666666677,0.2,0.72,"[16.19602191905028, 25.677099446901437, 20.133432772882713, 10.171703841593862, 16.438176144571237, 5.078005757458056]","[9, 10, 8, 17, 18, 5]","[0.36, 0.4, 0.32, 0.68, 0.72, 0.2]",2,"[2, 3, 4, 5]",50,,300,0,0,0.0,6.0,0.0,0.0,10.0,0.95,0.01,42,hybrid,False,30,ok,,,8.0,08:00,13.0,13:00,0.5,30,"[9.0, 11.0, 13.0, 14.0, 15.0]","[""09:00"", ""11:00"", ""13:00"", ""14:00"", ""15:00""]",18.0,18:00,True,3,3,0,[],[],14.337781092429424,14:20,1.411183934875938,1.6892366482300478,0.36000000000000004,"{""11.0"": 1, ""13.0"": 1, ""9.0"": 1}","{""09:00"": 1, ""11:00"": 1, ""13:00"": 1}",0,0,0,0,0,3,6,no_infeasible_acceptance_evidence_in_saved_records,"{""all_customers_served_exactly_once"": true, ""duplicate_customers"": [], ""extra_customers"": [], ""missing_customers"": [], ""n_expected_customers"": 20, ""n_served_customers"": 20}","{""all_customers_served_exactly_once"": true, ""duplicate_customers"": [], ""extra_customers"": [], ""missing_customers"": [], ""n_expected_customers"": 13, ""n_served_customers"": 13}","{""all_customers_served_exactly_once"": true, ""duplicate_customers"": [], ""extra_customers"": [], ""missing_customers"": [], ""n_expected_customers"": 7, ""n_served_customers"": 7}",
wave_speed30_14wave_split,dispatch_wave,related_regret,shaw_related_removal,regret_2_insertion_dispatch_wave_timing_for_depot,case_3_hybrid,kmeans,20c_cap35,20,35,results/lns_timing_waves_split_speed30_14wave_related_regret/case3_kmeans,run_2026_07_19_120826,run_2026_07_19_120826,True,1,lns_sa_metrics_best.json,lns_sa_summary_best.json,dispatch_wave_speed30_14wave_split_repair,results/hybrid_supplier_customer_kmeans_timing_waves_constructed_split_14wave_v1,/Users/danishali/Desktop/Desktop - Danish’s MacBook Air/Master Thesis/results/hybrid_supplier_customer_kmeans_timing_waves_constructed_split_14wave_v1/20c_cap35/run_2026_07_17_212254,hybrid_supplier_customer_kmeans_timing_waves_constructed_split_14wave_v1,98.23786144998746,98.23786144998746,122.23786144998746,93.69443988245759,93.69443988245759,24.0,117.69443988245759,62.00655413883443,31.687885743623156,4.543421567529876,4.624919048999163,4.543421567529876,3.7168693182584653,4.543421567529876,4.624919048999163,-3.7168693182584653,ok,6,6,3,3,0.319047619047619,0.14285714285714285,0.5142857142857142,"[16.19602191905028, 25.677099446901437, 20.133432772882713, 10.171703841593862, 16.438176144571237, 5.078005757458056]","[9, 10, 8, 17, 18, 5]","[0.2571428571428571, 0.2857142857142857, 0.22857142857142856, 0.4857142857142857, 0.5142857142857142, 0.14285714285714285]",2,"[2, 3, 4, 5]",50,,300,0,0,0.0,6.0,0.0,0.0,10.0,0.95,0.01,42,hybrid,False,30,ok,,,8.0,08:00,13.0,13:00,0.5,30,"[9.0, 11.0, 13.0, 14.0, 15.0]","[""09:00"", ""11:00"", ""13:00"", ""14:00"", ""15:00""]",18.0,18:00,True,3,3,0,[],[],14.337781092429424,14:20,1.411183934875938,1.6892366482300478,0.2571428571428571,"{""11.0"": 1, ""13.0"": 1, ""9.0"": 1}","{""09:00"": 1, ""11:00"": 1, ""13:00"": 1}",0,0,0,0,0,3,6,no_infeasible_acceptance_evidence_in_saved_records,"{""all_customers_served_exactly_once"": true, ""duplicate_customers"": [], ""extra_customers"": [], ""missing_customers"": [], ""n_expected_customers"": 20, ""n_served_customers"": 20}","{""all_customers_served_exactly_once"": true, ""duplicate_customers"": [], ""extra_customers"": [], ""missing_customers"": [], ""n_expected_customers"": 13, ""n_served_customers"": 13}","{""all_customers_served_exactly_once"": true, ""duplicate_customers"": [], ""extra_customers"": [], ""missing_customers"": [], ""n_expected_customers"": 7, ""n_served_customers"": 7}",
wave_speed30_14wave_split,dispatch_wave,related_regret,shaw_related_removal,regret_2_insertion_dispatch_wave_timing_for_depot,case_3_hybrid,kmeans,40c_cap15,40,15,results/lns_timing_waves_split_speed30_14wave_related_regret/case3_kmeans,run_2026_07_19_120827,run_2026_07_19_120827,True,1,lns_sa_metrics_best.json,lns_sa_summary_best.json,dispatch_wave_speed30_14wave_split_repair,results/hybrid_supplier_customer_kmeans_timing_waves_constructed_split_14wave_v1,/Users/danishali/Desktop/Desktop - Danish’s MacBook Air/Master Thesis/results/hybrid_supplier_customer_kmeans_timing_waves_constructed_split_14wave_v1/40c_cap15/run_2026_07_17_212255,hybrid_supplier_customer_kmeans_timing_waves_constructed_split_14wave_v1,366.0353041541975,366.0353041541975,462.0353041541975,350.03980625415386,350.03980625415386,96.0,446.03980625415386,179.4250639507286,170.61474230342532,15.995497900043631,4.369933096209022,15.995497900043631,3.4619644335025463,15.995497900043631,4.369933096209022,-3.4619644335025463,ok,14,14,6,8,0.6666666666666666,0.2,0.8,"[34.23888333100027, 28.20339761273361, 35.99907972469305, 41.56580624302594, 24.716335243977184, 14.701561795298565, 6.3934522483934, 18.580697466932477, 22.706444254450606, 30.817525757453872, 22.311657116469387, 32.61747389843512, 11.969191387312788, 25.218300173977656]","[10, 10, 11, 12, 9, 3, 6, 12, 11, 12, 11, 12, 10, 11]","[0.6666666666666666, 0.6666666666666666, 0.7333333333333333, 0.8, 0.6, 0.2, 0.4, 0.8, 0.7333333333333333, 0.8, 0.7333333333333333, 0.8, 0.6666666666666666, 0.7333333333333333]",2,"[2, 3, 4, 5, 6, 7, 8, 9, 10]",50,,328,22,0,22.0,6.56,0.0,0.44,10.0,0.95,0.01,42,hybrid,False,30,ok,,,8.0,08:00,13.0,13:00,0.5,30,"[9.0, 11.0, 13.0, 14.0, 15.0]","[""09:00"", ""11:00"", ""13:00"", ""14:00"", ""15:00""]",18.0,18:00,True,6,6,0,[],[],15.385526874767532,15:23,1.6912503552818254,2.3855268747675313,0.611111111111111,"{""11.0"": 2, ""13.0"": 2, ""14.0"": 1, ""9.0"": 1}","{""09:00"": 1, ""11:00"": 2, ""13:00"": 2, ""14:00"": 1}",0,0,0,18,45,6,14,no_infeasible_acceptance_evidence_in_saved_records,"{""all_customers_served_exactly_once"": true, ""duplicate_customers"": [], ""extra_customers"": [], ""missing_customers"": [], ""n_expected_customers"": 40, ""n_served_customers"": 40}","{""all_customers_served_exactly_once"": true, ""duplicate_customers"": [], ""extra_customers"": [], ""missing_customers"": [], ""n_expected_customers"": 25, ""n_served_customers"": 25}","{""all_customers_served_exactly_once"": true, ""duplicate_customers"": [], ""extra_customers"": [], ""missing_customers"": [], ""n_expected_customers"": 15, ""n_served_customers"": 15}",
wave_speed30_14wave_split,dispatch_wave,related_regret,shaw_related_removal,regret_2_insertion_dispatch_wave_timing_for_depot,case_3_hybrid,kmeans,40c_cap25,40,25,results/lns_timing_waves_split_speed30_14wave_related_regret/case3_kmeans,run_2026_07_19_120830,run_2026_07_19_120830,True,2,lns_sa_metrics_best.json,lns_sa_summary_best.json,dispatch_wave_speed30_14wave_split_repair,results/hybrid_supplier_customer_kmeans_timing_waves_constructed_split_14wave_v1,/Users/danishali/Desktop/Desktop - Danish’s MacBook Air/Master Thesis/results/hybrid_supplier_customer_kmeans_timing_waves_constructed_split_14wave_v1/40c_cap25/run_2026_07_17_212255,hybrid_supplier_customer_kmeans_timing_waves_constructed_split_14wave_v1,304.4975153824383,304.4975153824383,352.4975153824383,280.45124594371805,280.45124594371805,48.0,328.45124594371805,168.6232329029921,111.82801304072598,24.04626943872023,7.8970330541183404,24.04626943872023,6.821684803262087,24.04626943872023,7.8970330541183404,-6.821684803262087,ok,8,8,4,4,0.7000000000000001,0.12,0.96,"[34.23888333100027, 60.269050166630954, 59.4137376100623, 14.701561795298565, 20.343407683187724, 31.547054189827374, 34.02535239499606, 25.912198772714817]","[10, 21, 21, 3, 17, 24, 23, 21]","[0.4, 0.84, 0.84, 0.12, 0.68, 0.96, 0.92, 0.84]",4,"[2, 3, 4, 5, 6, 7, 8, 9, 10]",50,,350,0,0,0.0,7.0,0.0,0.0,10.0,0.95,0.01,42,hybrid,False,30,ok,,,8.0,08:00,13.0,13:00,0.5,30,"[9.0, 11.0, 13.0, 14.0, 15.0]","[""09:00"", ""11:00"", ""13:00"", ""14:00"", ""15:00""]",18.0,18:00,True,4,4,0,[],[],16.647124587002075,16:39,2.4468602741916006,3.647124587002077,0.55,"{""11.0"": 1, ""13.0"": 1, ""14.0"": 1, ""9.0"": 1}","{""09:00"": 1, ""11:00"": 1, ""13:00"": 1, ""14:00"": 1}",0,0,0,11,45,4,8,no_infeasible_acceptance_evidence_in_saved_records,"{""all_customers_served_exactly_once"": true, ""duplicate_customers"": [], ""extra_customers"": [], ""missing_customers"": [], ""n_expected_customers"": 40, ""n_served_customers"": 40}","{""all_customers_served_exactly_once"": true, ""duplicate_customers"": [], ""extra_customers"": [], ""missing_customers"": [], ""n_expected_customers"": 25, ""n_served_customers"": 25}","{""all_customers_served_exactly_once"": true, ""duplicate_customers"": [], ""extra_customers"": [], ""missing_customers"": [], ""n_expected_customers"": 15, ""n_served_customers"": 15}",
wave_speed30_14wave_split,dispatch_wave,related_regret,shaw_related_removal,regret_2_insertion_dispatch_wave_timing_for_depot,case_3_hybrid,kmeans,40c_cap35,40,35,results/lns_timing_waves_split_speed30_14wave_related_regret/case3_kmeans,run_2026_07_19_120834,run_2026_07_19_120834,True,1,lns_sa_metrics_best.json,lns_sa_summary_best.json,dispatch_wave_speed30_14wave_split_repair,results/hybrid_supplier_customer_kmeans_timing_waves_constructed_split_14wave_v1,/Users/danishali/Desktop/Desktop - Danish’s MacBook Air/Master Thesis/results/hybrid_supplier_customer_kmeans_timing_waves_constructed_split_14wave_v1/40c_cap35/run_2026_07_17_212256,hybrid_supplier_customer_kmeans_timing_waves_constructed_split_14wave_v1,301.7402549291218,301.7402549291218,349.7402549291218,267.2526072561921,267.2526072561921,48.0,315.2526072561921,168.6232329029921,98.62937435320002,34.48764767292971,11.429581273811408,34.48764767292971,9.860931701990943,34.48764767292971,11.429581273811408,-9.860931701990943,ok,8,8,4,4,0.49999999999999994,0.08571428571428572,1.0,"[34.23888333100027, 60.269050166630954, 59.4137376100623, 14.701561795298565, 32.29837093709574, 6.3934522483934, 34.02535239499606, 25.912198772714817]","[10, 21, 21, 3, 35, 6, 23, 21]","[0.2857142857142857, 0.6, 0.6, 0.08571428571428572, 1.0, 0.17142857142857143, 0.6571428571428571, 0.6]",4,"[2, 3, 4, 5, 6, 7, 8, 9, 10]",50,,350,0,0,0.0,7.0,0.0,0.0,10.0,0.95,0.01,42,hybrid,False,30,ok,,,8.0,08:00,13.0,13:00,0.5,30,"[9.0, 11.0, 13.0, 14.0, 15.0]","[""09:00"", ""11:00"", ""13:00"", ""14:00"", ""15:00""]",18.0,18:00,True,4,4,0,[],[],16.647124587002075,16:39,2.4468602741916006,3.647124587002077,0.39285714285714285,"{""11.0"": 1, ""13.0"": 1, ""14.0"": 1, ""9.0"": 1}","{""09:00"": 1, ""11:00"": 1, ""13:00"": 1, ""14:00"": 1}",0,0,0,11,45,4,8,no_infeasible_acceptance_evidence_in_saved_records,"{""all_customers_served_exactly_once"": true, ""duplicate_customers"": [], ""extra_customers"": [], ""missing_customers"": [], ""n_expected_customers"": 40, ""n_served_customers"": 40}","{""all_customers_served_exactly_once"": true, ""duplicate_customers"": [], ""extra_customers"": [], ""missing_customers"": [], ""n_expected_customers"": 25, ""n_served_customers"": 25}","{""all_customers_served_exactly_once"": true, ""duplicate_customers"": [], ""extra_customers"": [], ""missing_customers"": [], ""n_expected_customers"": 15, ""n_served_customers"": 15}",
wave_speed30_14wave_split,dispatch_wave,related_regret,shaw_related_removal,regret_2_insertion_dispatch_wave_timing_for_depot,case_3_hybrid,kmeans,60c_cap15,60,15,results/lns_timing_waves_split_speed30_14wave_related_regret/case3_kmeans,run_2026_07_19_120838,run_2026_07_19_120838,True,1,lns_sa_metrics_best.json,lns_sa_summary_best.json,dispatch_wave_speed30_14wave_split_repair,results/hybrid_supplier_customer_kmeans_timing_waves_constructed_split_14wave_v1,/Users/danishali/Desktop/Desktop - Danish’s MacBook Air/Master Thesis/results/hybrid_supplier_customer_kmeans_timing_waves_constructed_split_14wave_v1/60c_cap15/run_2026_07_17_212256,hybrid_supplier_customer_kmeans_timing_waves_constructed_split_14wave_v1,774.5622095668546,774.5622095668546,966.5622095668546,739.5036895440435,739.5036895440435,192.0,931.5036895440435,346.331600895179,393.1720886488644,35.05852002281108,4.5262368328576565,35.05852002281108,3.6271353955087746,35.05852002281108,4.5262368328576565,-3.6271353955087746,ok,19,19,7,12,0.7789473684210525,0.26666666666666666,1.0,"[51.955809606776945, 44.49761717556699, 61.078634587585455, 49.70658629724643, 47.74071174692759, 54.60556191840188, 36.746679562673734, 24.50295060620958, 29.75696418926369, 28.24839594720551, 33.739067334601195, 46.226288636180804, 47.116041620992824, 22.31206296120649, 32.778343619273066, 36.30411605764523, 36.050164569880934, 13.815667376368612, 42.322025730036565]","[14, 12, 15, 13, 12, 13, 4, 12, 11, 11, 11, 12, 11, 11, 11, 12, 15, 11, 11]","[0.9333333333333333, 0.8, 1.0, 0.8666666666666667, 0.8, 0.8666666666666667, 0.26666666666666666, 0.8, 0.7333333333333333, 0.7333333333333333, 0.7333333333333333, 0.8, 0.7333333333333333, 0.7333333333333333, 0.7333333333333333, 0.8, 1.0, 0.7333333333333333, 0.7333333333333333]",4,"[2, 3, 4, 5, 6, 7, 8, 9, 10, 11, 12, 13, 14]",50,,287,63,0,63.0,5.74,0.0,1.26,10.0,0.95,0.01,42,hybrid,False,30,ok,,,8.0,08:00,13.0,13:00,0.5,30,"[9.0, 11.0, 13.0, 14.0, 15.0]","[""09:00"", ""11:00"", ""13:00"", ""14:00"", ""15:00""]",18.0,18:00,True,7,7,0,[],[],15.820185397280063,15:49,2.4825314328341856,3.0359544862528485,0.7904761904761906,"{""11.0"": 2, ""13.0"": 3, ""14.0"": 1, ""9.0"": 1}","{""09:00"": 1, ""11:00"": 2, ""13:00"": 3, ""14:00"": 1}",0,0,0,17,45,7,19,no_infeasible_acceptance_evidence_in_saved_records,"{""all_customers_served_exactly_once"": true, ""duplicate_customers"": [], ""extra_customers"": [], ""missing_customers"": [], ""n_expected_customers"": 60, ""n_served_customers"": 60}","{""all_customers_served_exactly_once"": true, ""duplicate_customers"": [], ""extra_customers"": [], ""missing_customers"": [], ""n_expected_customers"": 35, ""n_served_customers"": 35}","{""all_customers_served_exactly_once"": true, ""duplicate_customers"": [], ""extra_customers"": [], ""missing_customers"": [], ""n_expected_customers"": 25, ""n_served_customers"": 25}",
wave_speed30_14wave_split,dispatch_wave,related_regret,shaw_related_removal,regret_2_insertion_dispatch_wave_timing_for_depot,case_3_hybrid,kmeans,60c_cap25,60,25,results/lns_timing_waves_split_speed30_14wave_related_regret/case3_kmeans,run_2026_07_19_120846,run_2026_07_19_120846,True,1,lns_sa_metrics_best.json,lns_sa_summary_best.json,dispatch_wave_speed30_14wave_split_repair,results/hybrid_supplier_customer_kmeans_timing_waves_constructed_split_14wave_v1,/Users/danishali/Desktop/Desktop - Danish’s MacBook Air/Master Thesis/results/hybrid_supplier_customer_kmeans_timing_waves_constructed_split_14wave_v1/60c_cap25/run_2026_07_17_212257,hybrid_supplier_customer_kmeans_timing_waves_constructed_split_14wave_v1,614.4171214434904,614.4171214434904,734.4171214434904,581.8683147696075,581.8683147696075,120.0,701.8683147696075,321.72523417918376,260.1430805904237,32.54880667388284,5.297509710897019,32.54880667388284,4.431923728835248,32.54880667388284,5.297509710897019,-4.431923728835248,ok,13,13,6,7,0.683076923076923,0.16,1.0,"[51.955809606776945, 96.05349515590233, 8.994631029021724, 73.36905690640712, 54.60556191840188, 36.746679562673734, 29.75696418926369, 29.35277401341159, 47.68997326719941, 47.20977877151568, 41.656614684559116, 18.642369142622766, 45.83460652185147]","[14, 23, 4, 25, 13, 4, 11, 23, 23, 22, 23, 16, 21]","[0.56, 0.92, 0.16, 1.0, 0.52, 0.16, 0.44, 0.92, 0.92, 0.88, 0.92, 0.64, 0.84]",5,"[2, 3, 4, 5, 6, 7, 8, 9, 10, 11, 12, 13, 14]",50,,258,92,0,92.0,5.16,0.0,1.84,10.0,0.95,0.01,42,hybrid,False,30,ok,,,8.0,08:00,13.0,13:00,0.5,30,"[9.0, 11.0, 13.0, 14.0, 15.0]","[""09:00"", ""11:00"", ""13:00"", ""14:00"", ""15:00""]",18.0,18:00,True,6,6,0,[],[],16.945635230213572,16:57,2.759584634328798,4.868449838530077,0.5533333333333333,"{""11.0"": 2, ""13.0"": 2, ""14.0"": 1, ""9.0"": 1}","{""09:00"": 1, ""11:00"": 2, ""13:00"": 2, ""14:00"": 1}",0,0,0,20,45,6,13,no_infeasible_acceptance_evidence_in_saved_records,"{""all_customers_served_exactly_once"": true, ""duplicate_customers"": [], ""extra_customers"": [], ""missing_customers"": [], ""n_expected_customers"": 60, ""n_served_customers"": 60}","{""all_customers_served_exactly_once"": true, ""duplicate_customers"": [], ""extra_customers"": [], ""missing_customers"": [], ""n_expected_customers"": 35, ""n_served_customers"": 35}","{""all_customers_served_exactly_once"": true, ""duplicate_customers"": [], ""extra_customers"": [], ""missing_customers"": [], ""n_expected_customers"": 25, ""n_served_customers"": 25}",
wave_speed30_14wave_split,dispatch_wave,related_regret,shaw_related_removal,regret_2_insertion_dispatch_wave_timing_for_depot,case_3_hybrid,kmeans,60c_cap35,60,35,results/lns_timing_waves_split_speed30_14wave_related_regret/case3_kmeans,run_2026_07_19_120856,run_2026_07_19_120856,True,1,lns_sa_metrics_best.json,lns_sa_summary_best.json,dispatch_wave_speed30_14wave_split_repair,results/hybrid_supplier_customer_kmeans_timing_waves_constructed_split_14wave_v1,/Users/danishali/Desktop/Desktop - Danish’s MacBook Air/Master Thesis/results/hybrid_supplier_customer_kmeans_timing_waves_constructed_split_14wave_v1/60c_cap35/run_2026_07_17_212257,hybrid_supplier_customer_kmeans_timing_waves_constructed_split_14wave_v1,559.6834867460417,559.6834867460417,631.6834867460417,525.8607741259917,525.8607741259917,72.0,597.8607741259917,313.37566866869724,212.48510545729445,33.82271262004997,6.043185732831375,33.82271262004997,5.354376571450229,33.82271262004997,6.043185732831375,-5.354376571450229,ok,11,11,5,6,0.5766233766233767,0.11428571428571428,1.0,"[51.955809606776945, 96.69856067443756, 73.36905690640712, 54.60556191840188, 36.746679562673734, 37.2673459057441, 47.442352964821204, 22.31206296120649, 50.165342469721445, 8.021461398046371, 47.27653975775484]","[14, 27, 25, 13, 4, 22, 35, 11, 34, 5, 32]","[0.4, 0.7714285714285715, 0.7142857142857143, 0.37142857142857144, 0.11428571428571428, 0.6285714285714286, 1.0, 0.3142857142857143, 0.9714285714285714, 0.14285714285714285, 0.9142857142857143]",5,"[2, 3, 4, 5, 6, 7, 8, 9, 10, 11, 12, 13, 14]",50,,307,43,0,43.0,6.14,0.0,0.86,10.0,0.95,0.01,42,hybrid,False,30,ok,,,8.0,08:00,13.0,13:00,0.5,30,"[9.0, 11.0, 13.0, 14.0, 15.0]","[""09:00"", ""11:00"", ""13:00"", ""14:00"", ""15:00""]",18.0,18:00,True,5,5,0,[],[],16.945635230213572,16:57,3.255837791124648,5.056618689147919,0.4742857142857143,"{""11.0"": 1, ""13.0"": 2, ""14.0"": 1, ""9.0"": 1}","{""09:00"": 1, ""11:00"": 1, ""13:00"": 2, ""14:00"": 1}",0,0,0,15,45,5,11,no_infeasible_acceptance_evidence_in_saved_records,"{""all_customers_served_exactly_once"": true, ""duplicate_customers"": [], ""extra_customers"": [], ""missing_customers"": [], ""n_expected_customers"": 60, ""n_served_customers"": 60}","{""all_customers_served_exactly_once"": true, ""duplicate_customers"": [], ""extra_customers"": [], ""missing_customers"": [], ""n_expected_customers"": 35, ""n_served_customers"": 35}","{""all_customers_served_exactly_once"": true, ""duplicate_customers"": [], ""extra_customers"": [], ""missing_customers"": [], ""n_expected_customers"": 25, ""n_served_customers"": 25}",
wave_speed30_14wave_split,dispatch_wave,related_regret,shaw_related_removal,regret_2_insertion_dispatch_wave_timing_for_depot,case_3_hybrid,kmeans,80c_cap15,80,15,results/lns_timing_waves_split_speed30_14wave_related_regret/case3_kmeans,run_2026_07_19_120908,run_2026_07_19_120908,True,1,lns_sa_metrics_best.json,lns_sa_summary_best.json,dispatch_wave_speed30_14wave_split_repair,results/hybrid_supplier_customer_kmeans_timing_waves_constructed_split_14wave_v1,/Users/danishali/Desktop/Desktop - Danish’s MacBook Air/Master Thesis/results/hybrid_supplier_customer_kmeans_timing_waves_constructed_split_14wave_v1/80c_cap15/run_2026_07_17_212258,hybrid_supplier_customer_kmeans_timing_waves_constructed_split_14wave_v1,1219.7653021673277,1219.7653021673277,1507.7653021673277,1177.8179103282794,1177.8179103282794,288.0,1465.8179103282794,588.1741388854367,589.6437714428426,41.94739183904835,3.43897237972867,41.94739183904835,2.782090274842599,41.94739183904835,3.43897237972867,-2.782090274842599,ok,24,24,10,14,0.7805555555555558,0.26666666666666666,1.0,"[55.80344538221033, 54.05814894587847, 70.45170246418516, 64.56327348968631, 53.05617454181185, 44.33196401094924, 43.86714682804203, 85.1433391642691, 67.90337130817258, 48.995572750231645, 37.161394933864955, 61.635051514907744, 48.17041153713153, 51.39825526222569, 28.02601852269656, 65.23494779687024, 29.837116540342556, 49.31391083982634, 41.83353428060418, 30.441921693511365, 33.88133734875068, 37.85961369690399, 56.42936764004875, 18.42088983515815]","[9, 11, 14, 14, 15, 12, 14, 15, 12, 4, 12, 12, 12, 15, 12, 12, 10, 11, 11, 11, 11, 10, 11, 11]","[0.6, 0.7333333333333333, 0.9333333333333333, 0.9333333333333333, 1.0, 0.8, 0.9333333333333333, 1.0, 0.8, 0.26666666666666666, 0.8, 0.8, 0.8, 1.0, 0.8, 0.8, 0.6666666666666666, 0.7333333333333333, 0.7333333333333333, 0.7333333333333333, 0.7333333333333333, 0.6666666666666666, 0.7333333333333333, 0.7333333333333333]",2,"[2, 3, 4, 5, 6, 7, 8, 9, 10, 11, 12, 13, 14, 15, 16, 17, 18, 19, 20]",50,,335,15,0,15.0,6.7,0.0,0.3,10.0,0.95,0.01,42,hybrid,False,30,ok,,,8.0,08:00,13.0,13:00,0.5,30,"[9.0, 11.0, 13.0, 14.0, 15.0]","[""09:00"", ""11:00"", ""13:00"", ""14:00"", ""15:00""]",18.0,18:00,True,10,10,0,[],[],16.838111305475636,16:50,2.8105804629514557,3.8381113054756364,0.8,"{""11.0"": 3, ""13.0"": 4, ""14.0"": 1, ""9.0"": 2}","{""09:00"": 2, ""11:00"": 3, ""13:00"": 4, ""14:00"": 1}",0,0,0,16,45,10,24,no_infeasible_acceptance_evidence_in_saved_records,"{""all_customers_served_exactly_once"": true, ""duplicate_customers"": [], ""extra_customers"": [], ""missing_customers"": [], ""n_expected_customers"": 80, ""n_served_customers"": 80}","{""all_customers_served_exactly_once"": true, ""duplicate_customers"": [], ""extra_customers"": [], ""missing_customers"": [], ""n_expected_customers"": 51, ""n_served_customers"": 51}","{""all_customers_served_exactly_once"": true, ""duplicate_customers"": [], ""extra_customers"": [], ""missing_customers"": [], ""n_expected_customers"": 29, ""n_served_customers"": 29}",
wave_speed30_14wave_split,dispatch_wave,related_regret,shaw_related_removal,regret_2_insertion_dispatch_wave_timing_for_depot,case_3_hybrid,kmeans,80c_cap25,80,25,results/lns_timing_waves_split_speed30_14wave_related_regret/case3_kmeans,run_2026_07_19_120929,run_2026_07_19_120929,True,1,lns_sa_metrics_best.json,lns_sa_summary_best.json,dispatch_wave_speed30_14wave_split_repair,results/hybrid_supplier_customer_kmeans_timing_waves_constructed_split_14wave_v1,/Users/danishali/Desktop/Desktop - Danish’s MacBook Air/Master Thesis/results/hybrid_supplier_customer_kmeans_timing_waves_constructed_split_14wave_v1/80c_cap25/run_2026_07_17_212258,hybrid_supplier_customer_kmeans_timing_waves_constructed_split_14wave_v1,956.9299630247157,956.9299630247157,1148.9299630247156,887.5564172239457,887.5564172239457,192.0,1079.5564172239456,501.9301923193328,385.62622490461297,69.37354580076999,7.249594900497248,69.37354580076999,6.038100496407512,69.37354580076999,7.249594900497248,-6.038100496407512,ok,15,15,7,8,0.7493333333333333,0.16,0.96,"[95.42430905367486, 74.29696542742315, 83.4957563145265, 45.00541032211405, 79.71120698981318, 75.00097146154938, 48.995572750231645, 37.48118490559597, 48.76281892492671, 62.926856803136765, 45.68458126548884, 65.94267076491472, 30.441921693511365, 61.11280869580197, 33.273381851236635]","[20, 20, 23, 14, 24, 15, 4, 17, 22, 24, 21, 23, 11, 21, 22]","[0.8, 0.8, 0.92, 0.56, 0.96, 0.6, 0.16, 0.68, 0.88, 0.96, 0.84, 0.92, 0.44, 0.84, 0.88]",5,"[2, 3, 4, 5, 6, 7, 8, 9, 10, 11, 12, 13, 14, 15, 16, 17, 18, 19, 20]",50,,315,35,0,35.0,6.3,0.0,0.7,10.0,0.95,0.01,42,hybrid,False,30,ok,,,8.0,08:00,13.0,13:00,0.5,30,"[9.0, 11.0, 13.0, 14.0, 15.0]","[""09:00"", ""11:00"", ""13:00"", ""14:00"", ""15:00""]",18.0,18:00,True,7,7,0,[],[],17.157040232993772,17:09,3.6044294872349174,4.847476968455829,0.6857142857142857,"{""11.0"": 2, ""13.0"": 3, ""14.0"": 1, ""9.0"": 1}","{""09:00"": 1, ""11:00"": 2, ""13:00"": 3, ""14:00"": 1}",0,0,0,17,45,7,15,no_infeasible_acceptance_evidence_in_saved_records,"{""all_customers_served_exactly_once"": true, ""duplicate_customers"": [], ""extra_customers"": [], ""missing_customers"": [], ""n_expected_customers"": 80, ""n_served_customers"": 80}","{""all_customers_served_exactly_once"": true, ""duplicate_customers"": [], ""extra_customers"": [], ""missing_customers"": [], ""n_expected_customers"": 51, ""n_served_customers"": 51}","{""all_customers_served_exactly_once"": true, ""duplicate_customers"": [], ""extra_customers"": [], ""missing_customers"": [], ""n_expected_customers"": 29, ""n_served_customers"": 29}",
wave_speed30_14wave_split,dispatch_wave,related_regret,shaw_related_removal,regret_2_insertion_dispatch_wave_timing_for_depot,case_3_hybrid,kmeans,80c_cap35,80,35,results/lns_timing_waves_split_speed30_14wave_related_regret/case3_kmeans,run_2026_07_19_121009,run_2026_07_19_121009,True,1,lns_sa_metrics_best.json,lns_sa_summary_best.json,dispatch_wave_speed30_14wave_split_repair,results/hybrid_supplier_customer_kmeans_timing_waves_constructed_split_14wave_v1,/Users/danishali/Desktop/Desktop - Danish’s MacBook Air/Master Thesis/results/hybrid_supplier_customer_kmeans_timing_waves_constructed_split_14wave_v1/80c_cap35/run_2026_07_17_212259,hybrid_supplier_customer_kmeans_timing_waves_constructed_split_14wave_v1,851.4859000471055,851.4859000471055,1011.4859000471055,809.7943897924896,809.7943897924896,160.0,969.7943897924896,501.95453510227685,307.83985469021275,41.69151025461588,4.896324208340906,41.69151025461588,4.12180834677718,41.69151025461588,4.896324208340906,-4.12180834677718,ok,13,13,7,6,0.6175824175824176,0.11428571428571428,1.0,"[95.42430905367486, 71.24202728133602, 86.5750372435577, 45.005410322114045, 79.71120698981318, 75.00097146154938, 48.995572750231645, 42.66245245039261, 74.17983603234201, 67.00360573859082, 39.378290904673136, 66.19477972905602, 18.42088983515815]","[20, 14, 29, 14, 24, 15, 4, 28, 35, 34, 21, 32, 11]","[0.5714285714285714, 0.4, 0.8285714285714286, 0.4, 0.6857142857142857, 0.42857142857142855, 0.11428571428571428, 0.8, 1.0, 0.9714285714285714, 0.6, 0.9142857142857143, 0.3142857142857143]",9,"[2, 3, 4, 5, 6, 7, 8, 9, 10, 11, 12, 13, 14, 15, 16, 17, 18, 19, 20]",50,,213,137,0,137.0,4.26,0.0,2.74,10.0,0.95,0.01,42,hybrid,False,30,ok,,,8.0,08:00,13.0,13:00,0.5,30,"[9.0, 11.0, 13.0, 14.0, 15.0]","[""09:00"", ""11:00"", ""13:00"", ""14:00"", ""15:00""]",18.0,18:00,True,7,7,0,[],[],17.157040232993772,17:09,3.6045454052489374,4.847476968455829,0.489795918367347,"{""11.0"": 2, ""13.0"": 3, ""14.0"": 1, ""9.0"": 1}","{""09:00"": 1, ""11:00"": 2, ""13:00"": 3, ""14:00"": 1}",0,0,0,17,45,7,13,no_infeasible_acceptance_evidence_in_saved_records,"{""all_customers_served_exactly_once"": true, ""duplicate_customers"": [], ""extra_customers"": [], ""missing_customers"": [], ""n_expected_customers"": 80, ""n_served_customers"": 80}","{""all_customers_served_exactly_once"": true, ""duplicate_customers"": [], ""extra_customers"": [], ""missing_customers"": [], ""n_expected_customers"": 51, ""n_served_customers"": 51}","{""all_customers_served_exactly_once"": true, ""duplicate_customers"": [], ""extra_customers"": [], ""missing_customers"": [], ""n_expected_customers"": 29, ""n_served_customers"": 29}",
wave_speed30_14wave_split,dispatch_wave,related_regret,shaw_related_removal,regret_2_insertion_dispatch_wave_timing_for_depot,case_3_hybrid,kmeans,100c_cap15,100,15,results/lns_timing_waves_split_speed30_14wave_related_regret/case3_kmeans,run_2026_07_19_121059,run_2026_07_19_121059,True,1,lns_sa_metrics_best.json,lns_sa_summary_best.json,dispatch_wave_speed30_14wave_split_repair,results/hybrid_supplier_customer_kmeans_timing_waves_constructed_split_14wave_v1,/Users/danishali/Desktop/Desktop - Danish’s MacBook Air/Master Thesis/results/hybrid_supplier_customer_kmeans_timing_waves_constructed_split_14wave_v1/100c_cap15/run_2026_07_17_212259,hybrid_supplier_customer_kmeans_timing_waves_constructed_split_14wave_v1,1817.7083726663295,1817.7083726663295,2257.7083726663295,1755.8036171795413,1755.8036171795413,440.0,2195.803617179541,894.6012554257974,861.202361753744,61.90475548678819,3.4056483656936885,61.90475548678842,2.741928773275512,61.90475548678819,3.4056483656936885,-2.741928773275512,ok,29,29,13,16,0.7954022988505749,0.26666666666666666,1.0,"[75.36886765306073, 64.95636289151774, 61.773154318015386, 73.3912772454349, 82.65492786527884, 61.73586597191431, 74.43677748419282, 65.81195558326135, 84.9144533623578, 73.27571551875735, 64.85368822349193, 56.66493883201365, 54.763270476500644, 35.0325231533707, 77.74144005330339, 60.2130144214144, 76.93423349822696, 77.04381439363469, 46.4517436673312, 52.291917850755226, 61.64238854978292, 81.5436847460878, 37.02224783051638, 39.6180691462914, 38.052402116889205, 65.36730320438517, 65.65992633528093, 33.21855045639637, 13.369102330077288]","[11, 9, 13, 15, 14, 14, 13, 15, 14, 14, 10, 4, 4, 12, 15, 12, 15, 12, 12, 11, 11, 12, 15, 15, 11, 11, 15, 12, 5]","[0.7333333333333333, 0.6, 0.8666666666666667, 1.0, 0.9333333333333333, 0.9333333333333333, 0.8666666666666667, 1.0, 0.9333333333333333, 0.9333333333333333, 0.6666666666666666, 0.26666666666666666, 0.26666666666666666, 0.8, 1.0, 0.8, 1.0, 0.8, 0.8, 0.7333333333333333, 0.7333333333333333, 0.8, 1.0, 1.0, 0.7333333333333333, 0.7333333333333333, 1.0, 0.8, 0.3333333333333333]",9,"[2, 3, 4, 5, 6, 7, 8, 9, 10, 11, 12, 13, 14, 15, 16, 17, 18, 19, 20, 21, 22, 23, 24, 25]",50,,64,286,0,286.0,1.28,0.0,5.72,10.0,0.95,0.01,42,hybrid,False,30,ok,,,8.0,08:00,13.0,13:00,0.5,30,"[9.0, 11.0, 13.0, 14.0, 15.0]","[""09:00"", ""11:00"", ""13:00"", ""14:00"", ""15:00""]",18.0,18:00,True,13,13,0,[],[],16.83048177874526,16:50,3.114362193399481,3.83048177874526,0.7692307692307694,"{""11.0"": 4, ""13.0"": 5, ""14.0"": 2, ""9.0"": 2}","{""09:00"": 2, ""11:00"": 4, ""13:00"": 5, ""14:00"": 2}",0,0,0,22,45,13,29,no_infeasible_acceptance_evidence_in_saved_records,"{""all_customers_served_exactly_once"": true, ""duplicate_customers"": [], ""extra_customers"": [], ""missing_customers"": [], ""n_expected_customers"": 100, ""n_served_customers"": 100}","{""all_customers_served_exactly_once"": true, ""duplicate_customers"": [], ""extra_customers"": [], ""missing_customers"": [], ""n_expected_customers"": 64, ""n_served_customers"": 64}","{""all_customers_served_exactly_once"": true, ""duplicate_customers"": [], ""extra_customers"": [], ""missing_customers"": [], ""n_expected_customers"": 36, ""n_served_customers"": 36}",
wave_speed30_14wave_split,dispatch_wave,related_regret,shaw_related_removal,regret_2_insertion_dispatch_wave_timing_for_depot,case_3_hybrid,kmeans,100c_cap25,100,25,results/lns_timing_waves_split_speed30_14wave_related_regret/case3_kmeans,run_2026_07_19_121148,run_2026_07_19_121148,True,1,lns_sa_metrics_best.json,lns_sa_summary_best.json,dispatch_wave_speed30_14wave_split_repair,results/hybrid_supplier_customer_kmeans_timing_waves_constructed_split_14wave_v1,/Users/danishali/Desktop/Desktop - Danish’s MacBook Air/Master Thesis/results/hybrid_supplier_customer_kmeans_timing_waves_constructed_split_14wave_v1/100c_cap25/run_2026_07_17_212300,hybrid_supplier_customer_kmeans_timing_waves_constructed_split_14wave_v1,1433.487371849026,1433.487371849026,1753.487371849026,1338.46405669676,1338.46405669676,320.0,1658.46405669676,763.0674878363363,575.3965688604237,95.02331515226592,6.628821224263545,95.02331515226592,5.419104618476109,95.02331515226592,6.628821224263545,-5.419104618476109,ok,20,20,10,10,0.6920000000000001,0.16,1.0,"[119.28038631709359, 93.5377495007164, 55.56403126253022, 76.16897360260897, 79.01940596124277, 61.71176442091941, 72.57051390863191, 93.78645355407882, 56.66493883201365, 54.763270476500644, 15.983630620983499, 56.23286257071249, 90.17866040393909, 78.65857100392097, 52.37521262875096, 82.42833845614341, 39.715224576434665, 38.052402116889205, 79.46738158707508, 42.30428489557433]","[20, 22, 10, 24, 23, 10, 16, 17, 4, 4, 6, 23, 25, 24, 21, 23, 20, 11, 22, 21]","[0.8, 0.88, 0.4, 0.96, 0.92, 0.4, 0.64, 0.68, 0.16, 0.16, 0.24, 0.92, 1.0, 0.96, 0.84, 0.92, 0.8, 0.44, 0.88, 0.84]",8,"[2, 3, 4, 5, 6, 7, 8, 9, 10, 11, 12, 13, 14, 15, 16, 17, 18, 19, 20, 21, 22, 23, 24, 25]",50,,179,171,0,171.0,3.58,0.0,3.42,10.0,0.95,0.01,42,hybrid,False,30,ok,,,8.0,08:00,13.0,13:00,0.5,30,"[9.0, 11.0, 13.0, 14.0, 15.0]","[""09:00"", ""11:00"", ""13:00"", ""14:00"", ""15:00""]",18.0,18:00,True,10,10,0,[],[],17.459548451802625,17:28,3.6102249594544547,5.642679543903119,0.6,"{""11.0"": 3, ""13.0"": 4, ""14.0"": 2, ""9.0"": 1}","{""09:00"": 1, ""11:00"": 3, ""13:00"": 4, ""14:00"": 2}",0,0,0,33,90,10,20,no_infeasible_acceptance_evidence_in_saved_records,"{""all_customers_served_exactly_once"": true, ""duplicate_customers"": [], ""extra_customers"": [], ""missing_customers"": [], ""n_expected_customers"": 100, ""n_served_customers"": 100}","{""all_customers_served_exactly_once"": true, ""duplicate_customers"": [], ""extra_customers"": [], ""missing_customers"": [], ""n_expected_customers"": 64, ""n_served_customers"": 64}","{""all_customers_served_exactly_once"": true, ""duplicate_customers"": [], ""extra_customers"": [], ""missing_customers"": [], ""n_expected_customers"": 36, ""n_served_customers"": 36}",
wave_speed30_14wave_split,dispatch_wave,related_regret,shaw_related_removal,regret_2_insertion_dispatch_wave_timing_for_depot,case_3_hybrid,kmeans,100c_cap35,100,35,results/lns_timing_waves_split_speed30_14wave_related_regret/case3_kmeans,run_2026_07_19_121337,run_2026_07_19_121337,True,1,lns_sa_metrics_best.json,lns_sa_summary_best.json,dispatch_wave_speed30_14wave_split_repair,results/hybrid_supplier_customer_kmeans_timing_waves_constructed_split_14wave_v1,/Users/danishali/Desktop/Desktop - Danish’s MacBook Air/Master Thesis/results/hybrid_supplier_customer_kmeans_timing_waves_constructed_split_14wave_v1/100c_cap35/run_2026_07_17_212300,hybrid_supplier_customer_kmeans_timing_waves_constructed_split_14wave_v1,1342.006811234781,1342.006811234781,1582.006811234781,1194.0339537229906,1194.0339537229906,240.0,1434.0339537229906,740.1488418970679,453.88511182592276,147.97285751179038,11.02623744328395,147.97285751179038,9.353490545106771,147.97285751179038,11.02623744328395,-9.353490545106771,ok,17,17,9,8,0.5815126050420169,0.11428571428571428,0.9714285714285714,"[119.28038631709359, 93.5377495007164, 112.22116401323858, 69.43178395590577, 80.32582069332145, 60.13727455419898, 93.78645355407882, 56.66493883201365, 54.763270476500644, 59.1530782371922, 49.59494031543949, 80.58360636516863, 83.75450717323854, 48.3490647104032, 26.680328069213033, 23.026112293947687, 82.74347466132002]","[20, 22, 34, 12, 31, 6, 17, 4, 4, 34, 11, 33, 34, 31, 10, 11, 32]","[0.5714285714285714, 0.6285714285714286, 0.9714285714285714, 0.34285714285714286, 0.8857142857142857, 0.17142857142857143, 0.4857142857142857, 0.11428571428571428, 0.11428571428571428, 0.9714285714285714, 0.3142857142857143, 0.9428571428571428, 0.9714285714285714, 0.8857142857142857, 0.2857142857142857, 0.3142857142857143, 0.9142857142857143]",4,"[2, 3, 4, 5, 6, 7, 8, 9, 10, 11, 12, 13, 14, 15, 16, 17, 18, 19, 20, 21, 22, 23, 24, 25]",50,,315,35,0,35.0,6.3,0.0,0.7,10.0,0.95,0.01,42,hybrid,False,30,ok,,,8.0,08:00,13.0,13:00,0.5,30,"[9.0, 11.0, 13.0, 14.0, 15.0]","[""09:00"", ""11:00"", ""13:00"", ""14:00"", ""15:00""]",18.0,18:00,True,9,9,0,[],[],17.67752735644405,17:41,3.926477192211362,5.7407054671079525,0.47619047619047605,"{""11.0"": 2, ""13.0"": 4, ""14.0"": 2, ""9.0"": 1}","{""09:00"": 1, ""11:00"": 2, ""13:00"": 4, ""14:00"": 2}",0,0,0,28,105,9,17,no_infeasible_acceptance_evidence_in_saved_records,"{""all_customers_served_exactly_once"": true, ""duplicate_customers"": [], ""extra_customers"": [], ""missing_customers"": [], ""n_expected_customers"": 100, ""n_served_customers"": 100}","{""all_customers_served_exactly_once"": true, ""duplicate_customers"": [], ""extra_customers"": [], ""missing_customers"": [], ""n_expected_customers"": 64, ""n_served_customers"": 64}","{""all_customers_served_exactly_once"": true, ""duplicate_customers"": [], ""extra_customers"": [], ""missing_customers"": [], ""n_expected_customers"": 36, ""n_served_customers"": 36}",
wave_speed30_14wave_split,dispatch_wave,related_regret,shaw_related_removal,regret_2_insertion_dispatch_wave_timing_for_depot,case_3_hybrid,kmeans,150c_cap15,150,15,results/lns_timing_waves_split_speed30_14wave_related_regret/case3_kmeans,run_2026_07_19_121541,run_2026_07_19_121541,True,1,lns_sa_metrics_best.json,lns_sa_summary_best.json,dispatch_wave_speed30_14wave_split_repair,results/hybrid_supplier_customer_kmeans_timing_waves_constructed_split_14wave_v1,/Users/danishali/Desktop/Desktop - Danish’s MacBook Air/Master Thesis/results/hybrid_supplier_customer_kmeans_timing_waves_constructed_split_14wave_v1/150c_cap15/run_2026_07_17_212301,hybrid_supplier_customer_kmeans_timing_waves_constructed_split_14wave_v1,4005.6409367040374,4005.6409367040374,4965.640936704038,3859.258620210583,3859.258620210583,960.0,4819.258620210583,1951.8721621498457,1907.3864580607374,146.38231649345425,3.654404346434058,146.3823164934547,2.9479037723298718,146.38231649345425,3.654404346434058,-2.9479037723298718,ok,47,47,21,26,0.7531914893617024,0.06666666666666667,1.0,"[113.5322632352333, 151.7396569378129, 28.184943054327587, 32.05143591455274, 87.40450806877215, 122.183378949065, 103.69020166039112, 84.76902410359173, 105.147316854042, 105.70968033647793, 97.42879966199855, 103.85027409301014, 81.07887680763668, 113.50226368808856, 117.38437909641982, 89.45269375617168, 92.802120542285, 84.99740824802046, 82.14490571475096, 71.66170643360626, 83.15632499359103, 35.212942418316686, 18.734203426079215, 87.9853864609139, 65.0265927115771, 83.42880338146415, 73.3495482361089, 76.98268528574104, 57.652995840722895, 117.0045672471993, 115.56572159045203, 28.933014181126406, 40.02049210381952, 81.57954335038016, 134.3251532247046, 53.41681117680457, 59.427103719437085, 98.7901032375514, 58.42702182769217, 72.79627693922623, 90.76029014411307, 66.74845144199844, 50.76091075731748, 49.82782568459456, 99.52273049464978, 104.79815960982624, 86.3091235689204]","[15, 15, 1, 7, 12, 15, 12, 12, 15, 14, 15, 15, 9, 14, 14, 14, 8, 4, 4, 1, 2, 12, 6, 15, 11, 12, 11, 11, 12, 15, 12, 11, 10, 12, 12, 11, 15, 15, 11, 12, 12, 11, 15, 12, 11, 11, 15]","[1.0, 1.0, 0.06666666666666667, 0.4666666666666667, 0.8, 1.0, 0.8, 0.8, 1.0, 0.9333333333333333, 1.0, 1.0, 0.6, 0.9333333333333333, 0.9333333333333333, 0.9333333333333333, 0.5333333333333333, 0.26666666666666666, 0.26666666666666666, 0.06666666666666667, 0.13333333333333333, 0.8, 0.4, 1.0, 0.7333333333333333, 0.8, 0.7333333333333333, 0.7333333333333333, 0.8, 1.0, 0.8, 0.7333333333333333, 0.6666666666666666, 0.8, 0.8, 0.7333333333333333, 1.0, 1.0, 0.7333333333333333, 0.8, 0.8, 0.7333333333333333, 1.0, 0.8, 0.7333333333333333, 0.7333333333333333, 1.0]",5,"[2, 3, 4, 5, 6, 7, 8, 9, 10, 11, 12, 13, 14, 15, 16, 17, 18, 19, 20, 21, 22, 23, 24, 25, 26, 27, 28, 29, 30, 31, 32, 33, 34, 35, 36, 37]",50,,182,168,0,168.0,3.64,0.0,3.36,10.0,0.95,0.01,42,hybrid,False,30,ok,,,8.0,08:00,13.0,13:00,0.5,30,"[9.0, 11.0, 13.0, 14.0, 15.0]","[""09:00"", ""11:00"", ""13:00"", ""14:00"", ""15:00""]",18.0,18:00,True,21,21,0,[],[],17.91281263654733,17:55,3.836305019285468,6.057988564593763,0.6920634920634922,"{""11.0"": 7, ""13.0"": 7, ""14.0"": 4, ""9.0"": 3}","{""09:00"": 3, ""11:00"": 7, ""13:00"": 7, ""14:00"": 4}",0,0,0,22,90,21,47,no_infeasible_acceptance_evidence_in_saved_records,"{""all_customers_served_exactly_once"": true, ""duplicate_customers"": [], ""extra_customers"": [], ""missing_customers"": [], ""n_expected_customers"": 150, ""n_served_customers"": 150}","{""all_customers_served_exactly_once"": true, ""duplicate_customers"": [], ""extra_customers"": [], ""missing_customers"": [], ""n_expected_customers"": 93, ""n_served_customers"": 93}","{""all_customers_served_exactly_once"": true, ""duplicate_customers"": [], ""extra_customers"": [], ""missing_customers"": [], ""n_expected_customers"": 57, ""n_served_customers"": 57}",
wave_speed30_14wave_split,dispatch_wave,related_regret,shaw_related_removal,regret_2_insertion_dispatch_wave_timing_for_depot,case_3_hybrid,kmeans,150c_cap25,150,25,results/lns_timing_waves_split_speed30_14wave_related_regret/case3_kmeans,run_2026_07_19_121936,run_2026_07_19_121936,True,1,lns_sa_metrics_best.json,lns_sa_summary_best.json,dispatch_wave_speed30_14wave_split_repair,results/hybrid_supplier_customer_kmeans_timing_waves_constructed_split_14wave_v1,/Users/danishali/Desktop/Desktop - Danish’s MacBook Air/Master Thesis/results/hybrid_supplier_customer_kmeans_timing_waves_constructed_split_14wave_v1/150c_cap25/run_2026_07_17_212301,hybrid_supplier_customer_kmeans_timing_waves_constructed_split_14wave_v1,3128.830559224389,3128.830559224389,3728.830559224389,2957.6383747158793,2957.6383747158793,600.0,3557.6383747158793,1706.5565980891047,1251.0817766267746,171.19218450850985,5.471443124454364,171.19218450850985,4.591042199142416,171.19218450850985,5.471443124454364,-4.591042199142416,ok,32,32,17,15,0.6637500000000001,0.04,1.0,"[192.25156893678744, 69.27015598397912, 132.6065165297185, 119.56397446327402, 102.23742220240302, 115.27777442847359, 54.10054770793194, 108.34504922952499, 81.07887680763668, 111.75902914334083, 110.88958067695401, 92.802120542285, 94.41363604682695, 84.99740824802046, 82.14490571475096, 71.66170643360626, 83.15632499359103, 55.00718391746235, 89.58199637766882, 119.88112587434117, 118.5607269144397, 85.4237943786436, 8.402385172758931, 59.98437658716607, 88.60021108562921, 94.86452738373289, 83.77546840189021, 136.71883272008407, 34.53916844092153, 106.90630819360962, 65.31971189192524, 103.51595928650113]","[25, 6, 25, 24, 16, 22, 16, 19, 9, 9, 12, 8, 16, 4, 4, 1, 2, 24, 21, 25, 23, 24, 6, 21, 25, 22, 24, 23, 11, 22, 21, 21]","[1.0, 0.24, 1.0, 0.96, 0.64, 0.88, 0.64, 0.76, 0.36, 0.36, 0.48, 0.32, 0.64, 0.16, 0.16, 0.04, 0.08, 0.96, 0.84, 1.0, 0.92, 0.96, 0.24, 0.84, 1.0, 0.88, 0.96, 0.92, 0.44, 0.88, 0.84, 0.84]",6,"[2, 3, 4, 5, 6, 7, 8, 9, 10, 11, 12, 13, 14, 15, 16, 17, 18, 19, 20, 21, 22, 23, 24, 25, 26, 27, 28, 29, 30, 31, 32, 33, 34, 35, 36, 37]",50,,244,106,0,106.0,4.88,0.0,2.12,10.0,0.95,0.01,42,hybrid,False,30,ok,,,8.0,08:00,13.0,13:00,0.5,30,"[9.0, 11.0, 13.0, 14.0, 15.0]","[""09:00"", ""11:00"", ""13:00"", ""14:00"", ""15:00""]",18.0,18:00,True,17,17,0,[],[],17.9448349743175,17:57,4.257954113900205,8.408385631226249,0.5129411764705882,"{""11.0"": 4, ""13.0"": 7, ""14.0"": 4, ""9.0"": 2}","{""09:00"": 2, ""11:00"": 4, ""13:00"": 7, ""14:00"": 4}",0,0,0,22,75,17,32,no_infeasible_acceptance_evidence_in_saved_records,"{""all_customers_served_exactly_once"": true, ""duplicate_customers"": [], ""extra_customers"": [], ""missing_customers"": [], ""n_expected_customers"": 150, ""n_served_customers"": 150}","{""all_customers_served_exactly_once"": true, ""duplicate_customers"": [], ""extra_customers"": [], ""missing_customers"": [], ""n_expected_customers"": 93, ""n_served_customers"": 93}","{""all_customers_served_exactly_once"": true, ""duplicate_customers"": [], ""extra_customers"": [], ""missing_customers"": [], ""n_expected_customers"": 57, ""n_served_customers"": 57}",
wave_speed30_14wave_split,dispatch_wave,related_regret,shaw_related_removal,regret_2_insertion_dispatch_wave_timing_for_depot,case_3_hybrid,kmeans,150c_cap35,150,35,results/lns_timing_waves_split_speed30_14wave_related_regret/case3_kmeans,run_2026_07_19_122540,run_2026_07_19_122540,True,1,lns_sa_metrics_best.json,lns_sa_summary_best.json,dispatch_wave_speed30_14wave_split_repair,results/hybrid_supplier_customer_kmeans_timing_waves_constructed_split_14wave_v1,/Users/danishali/Desktop/Desktop - Danish’s MacBook Air/Master Thesis/results/hybrid_supplier_customer_kmeans_timing_waves_constructed_split_14wave_v1/150c_cap35/run_2026_07_17_212302,hybrid_supplier_customer_kmeans_timing_waves_constructed_split_14wave_v1,2819.452873222593,2819.452873222593,3299.452873222593,2674.7594618261874,2674.7594618261874,480.0,3154.7594618261874,1655.9172526181105,1018.8422092080768,144.69341139640574,5.131967722199353,144.69341139640574,4.385375907948124,144.69341139640574,5.131967722199353,-4.385375907948124,ok,27,27,16,11,0.5619047619047619,0.02857142857142857,1.0,"[69.27015598397912, 192.25156893678746, 114.35589012173884, 136.61935082738427, 102.23742220240302, 110.46208534296579, 118.17058120678573, 108.34504922952499, 87.40094296482458, 66.35352024748308, 109.68876198156141, 118.80157818270382, 84.99740824802046, 82.14490571475096, 71.66170643360626, 83.15632499359103, 82.571292875928, 124.25276197423408, 121.81218588594112, 43.946336512777066, 102.40143375911774, 78.62597085518811, 137.5008806573453, 68.56158551103931, 43.96148623582995, 107.66068018287454, 107.54759475780139]","[6, 25, 25, 26, 16, 20, 18, 19, 16, 9, 15, 12, 4, 4, 1, 2, 34, 32, 33, 18, 32, 32, 35, 22, 10, 33, 32]","[0.17142857142857143, 0.7142857142857143, 0.7142857142857143, 0.7428571428571429, 0.45714285714285713, 0.5714285714285714, 0.5142857142857142, 0.5428571428571428, 0.45714285714285713, 0.2571428571428571, 0.42857142857142855, 0.34285714285714286, 0.11428571428571428, 0.11428571428571428, 0.02857142857142857, 0.05714285714285714, 0.9714285714285714, 0.9142857142857143, 0.9428571428571428, 0.5142857142857142, 0.9142857142857143, 0.9142857142857143, 1.0, 0.6285714285714286, 0.2857142857142857, 0.9428571428571428, 0.9142857142857143]",9,"[2, 3, 4, 5, 6, 7, 8, 9, 10, 11, 12, 13, 14, 15, 16, 17, 18, 19, 20, 21, 22, 23, 24, 25, 26, 27, 28, 29, 30, 31, 32, 33, 34, 35, 36, 37]",50,,185,165,0,165.0,3.7,0.0,3.3,10.0,0.95,0.01,42,hybrid,False,30,ok,,,8.0,08:00,13.0,13:00,0.5,30,"[9.0, 11.0, 13.0, 14.0, 15.0]","[""09:00"", ""11:00"", ""13:00"", ""14:00"", ""15:00""]",18.0,18:00,True,16,16,0,[],[],17.9448349743175,17:57,4.418577609621063,8.408385631226249,0.38928571428571423,"{""11.0"": 4, ""13.0"": 6, ""14.0"": 4, ""9.0"": 2}","{""09:00"": 2, ""11:00"": 4, ""13:00"": 6, ""14:00"": 4}",0,0,0,21,75,16,27,no_infeasible_acceptance_evidence_in_saved_records,"{""all_customers_served_exactly_once"": true, ""duplicate_customers"": [], ""extra_customers"": [], ""missing_customers"": [], ""n_expected_customers"": 150, ""n_served_customers"": 150}","{""all_customers_served_exactly_once"": true, ""duplicate_customers"": [], ""extra_customers"": [], ""missing_customers"": [], ""n_expected_customers"": 93, ""n_served_customers"": 93}","{""all_customers_served_exactly_once"": true, ""duplicate_customers"": [], ""extra_customers"": [], ""missing_customers"": [], ""n_expected_customers"": 57, ""n_served_customers"": 57}",
wave_speed30_14wave_split,dispatch_wave,related_regret,shaw_related_removal,regret_2_insertion_dispatch_wave_timing_for_depot,case_3_hybrid,kmeans,200c_cap15,200,15,results/lns_timing_waves_split_speed30_14wave_related_regret/case3_kmeans,run_2026_07_19_123306,run_2026_07_19_123306,True,1,lns_sa_metrics_best.json,lns_sa_summary_best.json,dispatch_wave_speed30_14wave_split_repair,results/hybrid_supplier_customer_kmeans_timing_waves_constructed_split_14wave_v1,/Users/danishali/Desktop/Desktop - Danish’s MacBook Air/Master Thesis/results/hybrid_supplier_customer_kmeans_timing_waves_constructed_split_14wave_v1/200c_cap15/run_2026_07_17_212303,hybrid_supplier_customer_kmeans_timing_waves_constructed_split_14wave_v1,7466.097227014864,7466.097227014864,9306.097227014863,6852.533279317985,6852.533279317985,1840.0,8692.533279317984,3621.192537332773,3231.3407419852124,613.563947696879,8.218001039107785,613.563947696879,6.593139236883873,613.563947696879,8.218001039107785,-6.593139236883873,ok,63,63,32,31,0.7417989417989417,0.06666666666666667,1.0,"[225.67299860540055, 116.38047893894431, 101.87909002745633, 87.77857420836462, 106.48270982710021, 114.25463609861859, 157.2832932412926, 43.34544986474674, 153.44980238763023, 118.51468218003805, 129.31724557641832, 101.59139511871115, 123.47173194382862, 103.96540262229024, 108.05716057826619, 118.52037049709969, 105.38954612003289, 131.47225880904762, 118.34656152009038, 131.23779883849323, 128.69686773556296, 99.52736995037773, 125.50069113387003, 116.16020962789541, 85.04827466126594, 131.3461749800594, 79.77774308706883, 98.27647909150201, 110.87509999145472, 95.548941911475, 102.67949204344649, 51.34400611492387, 24.978937901438965, 46.950589891088924, 63.15196493044999, 75.47283660182161, 106.18455073488724, 81.47355299360254, 97.44026273219166, 94.16131982401836, 112.46504636569237, 103.37597679608632, 142.68314611207165, 154.08762878726938, 178.6845281442198, 38.57735224150186, 159.25990582344588, 72.3485353230981, 79.06015825763353, 77.90269577025626, 92.50462238321197, 102.11134180915994, 165.08781918380873, 126.33159624425662, 157.0534720699761, 156.7472452419872, 132.01954835323397, 140.90418081906236, 132.6215784837447, 121.83392758231963, 71.83221358077546, 58.68362408643401, 65.35058291646756]","[15, 15, 7, 11, 14, 14, 15, 8, 15, 13, 13, 15, 14, 15, 13, 14, 11, 8, 11, 8, 11, 12, 8, 13, 6, 2, 7, 3, 2, 1, 7, 1, 6, 12, 12, 12, 11, 11, 15, 11, 12, 12, 15, 12, 15, 11, 15, 15, 11, 11, 15, 12, 12, 12, 11, 12, 11, 15, 15, 12, 11, 11, 11]","[1.0, 1.0, 0.4666666666666667, 0.7333333333333333, 0.9333333333333333, 0.9333333333333333, 1.0, 0.5333333333333333, 1.0, 0.8666666666666667, 0.8666666666666667, 1.0, 0.9333333333333333, 1.0, 0.8666666666666667, 0.9333333333333333, 0.7333333333333333, 0.5333333333333333, 0.7333333333333333, 0.5333333333333333, 0.7333333333333333, 0.8, 0.5333333333333333, 0.8666666666666667, 0.4, 0.13333333333333333, 0.4666666666666667, 0.2, 0.13333333333333333, 0.06666666666666667, 0.4666666666666667, 0.06666666666666667, 0.4, 0.8, 0.8, 0.8, 0.7333333333333333, 0.7333333333333333, 1.0, 0.7333333333333333, 0.8, 0.8, 1.0, 0.8, 1.0, 0.7333333333333333, 1.0, 1.0, 0.7333333333333333, 0.7333333333333333, 1.0, 0.8, 0.8, 0.8, 0.7333333333333333, 0.8, 0.7333333333333333, 1.0, 1.0, 0.8, 0.7333333333333333, 0.7333333333333333, 0.7333333333333333]",7,"[2, 3, 4, 5, 6, 7, 8, 9, 10, 11, 12, 13, 14, 15, 16, 17, 18, 19, 20, 21, 22, 23, 24, 25, 26, 27, 28, 29, 30, 31, 32, 33, 34, 35, 36, 37, 38, 39, 40, 41, 42, 43, 44, 45, 46, 47, 48, 49, 50, 51, 52]",50,,82,268,0,268.0,1.64,0.0,5.36,10.0,0.95,0.01,42,hybrid,False,30,ok,,,8.0,08:00,13.0,13:00,0.5,30,"[9.0, 11.0, 13.0, 14.0, 15.0]","[""09:00"", ""11:00"", ""13:00"", ""14:00"", ""15:00""]",18.0,18:00,True,32,32,0,[],[],17.9565622578521,17:57,4.454367226388305,8.855766620180018,0.6708333333333333,"{""11.0"": 9, ""13.0"": 13, ""14.0"": 6, ""9.0"": 4}","{""09:00"": 4, ""11:00"": 9, ""13:00"": 13, ""14:00"": 6}",0,0,0,23,75,32,63,no_infeasible_acceptance_evidence_in_saved_records,"{""all_customers_served_exactly_once"": true, ""duplicate_customers"": [], ""extra_customers"": [], ""missing_customers"": [], ""n_expected_customers"": 200, ""n_served_customers"": 200}","{""all_customers_served_exactly_once"": true, ""duplicate_customers"": [], ""extra_customers"": [], ""missing_customers"": [], ""n_expected_customers"": 131, ""n_served_customers"": 131}","{""all_customers_served_exactly_once"": true, ""duplicate_customers"": [], ""extra_customers"": [], ""missing_customers"": [], ""n_expected_customers"": 69, ""n_served_customers"": 69}",
wave_speed30_14wave_split,dispatch_wave,related_regret,shaw_related_removal,regret_2_insertion_dispatch_wave_timing_for_depot,case_3_hybrid,kmeans,200c_cap25,200,25,results/lns_timing_waves_split_speed30_14wave_related_regret/case3_kmeans,run_2026_07_19_124826,run_2026_07_19_124826,True,1,lns_sa_metrics_best.json,lns_sa_summary_best.json,dispatch_wave_speed30_14wave_split_repair,results/hybrid_supplier_customer_kmeans_timing_waves_constructed_split_14wave_v1,/Users/danishali/Desktop/Desktop - Danish’s MacBook Air/Master Thesis/results/hybrid_supplier_customer_kmeans_timing_waves_constructed_split_14wave_v1/200c_cap25/run_2026_07_17_212304,hybrid_supplier_customer_kmeans_timing_waves_constructed_split_14wave_v1,5608.425454234164,5608.425454234164,6728.425454234164,5255.965628406077,5255.965628406077,1120.0,6375.965628406077,3281.0149280402957,1974.950700365781,352.45982582808756,6.284470190505837,352.45982582808756,5.238370079678692,352.45982582808756,6.284470190505837,-5.238370079678692,ok,44,44,27,17,0.6372727272727272,0.04,1.0,"[206.05117304429982, 209.53521470672584, 103.36354349145101, 147.13846757053346, 129.06637443112072, 157.27138644810657, 144.2976458260385, 149.169890103564, 111.76651707766217, 88.74240924121096, 108.2749616675958, 126.54289938328795, 132.03343890278666, 128.69686773556296, 116.65947050974728, 119.27025834156223, 134.10004643397875, 73.03190170464788, 99.54630126639802, 125.50069113387003, 132.45370678027362, 79.77774308706883, 98.27647909150201, 110.87509999145472, 95.548941911475, 102.67949204344649, 51.34400611492387, 60.84851001297313, 140.44121662079084, 100.95423971448592, 89.3016779906554, 160.31963643852902, 103.92219723708754, 124.00690843789408, 91.68540727186135, 95.40130327149409, 98.16041549707506, 111.32334162122395, 147.52346295192237, 182.4992514884016, 156.97512763475711, 138.7858822964995, 85.70917269089662, 87.09294918923365]","[24, 24, 13, 25, 22, 17, 20, 24, 21, 11, 16, 12, 6, 11, 8, 14, 7, 7, 6, 8, 5, 7, 3, 2, 1, 7, 1, 23, 21, 23, 23, 22, 21, 23, 22, 25, 21, 24, 22, 23, 22, 21, 22, 21]","[0.96, 0.96, 0.52, 1.0, 0.88, 0.68, 0.8, 0.96, 0.84, 0.44, 0.64, 0.48, 0.24, 0.44, 0.32, 0.56, 0.28, 0.28, 0.24, 0.32, 0.2, 0.28, 0.12, 0.08, 0.04, 0.28, 0.04, 0.92, 0.84, 0.92, 0.92, 0.88, 0.84, 0.92, 0.88, 1.0, 0.84, 0.96, 0.88, 0.92, 0.88, 0.84, 0.88, 0.84]",10,"[2, 3, 4, 5, 6, 7, 8, 9, 10, 11, 12, 13, 14, 15, 16, 17, 18, 19, 20, 21, 22, 23, 24, 25, 26, 27, 28, 29, 30, 31, 32, 33, 34, 35, 36, 37, 38, 39, 40, 41, 42, 43, 44, 45, 46, 47, 48, 49, 50, 51, 52]",50,,156,194,0,194.0,3.12,0.0,3.88,10.0,0.95,0.01,42,hybrid,False,30,ok,,,8.0,08:00,13.0,13:00,0.5,30,"[9.0, 11.0, 13.0, 14.0, 15.0]","[""09:00"", ""11:00"", ""13:00"", ""14:00"", ""15:00""]",18.0,18:00,True,27,27,0,[],[],17.975675278052073,17:59,4.859277688938636,8.651173823557528,0.47703703703703687,"{""11.0"": 6, ""13.0"": 13, ""14.0"": 6, ""9.0"": 2}","{""09:00"": 2, ""11:00"": 6, ""13:00"": 13, ""14:00"": 6}",0,0,0,19,60,27,44,no_infeasible_acceptance_evidence_in_saved_records,"{""all_customers_served_exactly_once"": true, ""duplicate_customers"": [], ""extra_customers"": [], ""missing_customers"": [], ""n_expected_customers"": 200, ""n_served_customers"": 200}","{""all_customers_served_exactly_once"": true, ""duplicate_customers"": [], ""extra_customers"": [], ""missing_customers"": [], ""n_expected_customers"": 131, ""n_served_customers"": 131}","{""all_customers_served_exactly_once"": true, ""duplicate_customers"": [], ""extra_customers"": [], ""missing_customers"": [], ""n_expected_customers"": 69, ""n_served_customers"": 69}",
wave_speed30_14wave_split,dispatch_wave,related_regret,shaw_related_removal,regret_2_insertion_dispatch_wave_timing_for_depot,case_3_hybrid,kmeans,200c_cap35,200,35,results/lns_timing_waves_split_speed30_14wave_related_regret/case3_kmeans,run_2026_07_19_131038,run_2026_07_19_131038,True,1,lns_sa_metrics_best.json,lns_sa_summary_best.json,dispatch_wave_speed30_14wave_split_repair,results/hybrid_supplier_customer_kmeans_timing_waves_constructed_split_14wave_v1,/Users/danishali/Desktop/Desktop - Danish’s MacBook Air/Master Thesis/results/hybrid_supplier_customer_kmeans_timing_waves_constructed_split_14wave_v1/200c_cap35/run_2026_07_17_212305,hybrid_supplier_customer_kmeans_timing_waves_constructed_split_14wave_v1,5347.42231235823,5347.42231235823,6227.42231235823,4763.969905326767,4763.969905326767,880.0,5643.969905326767,3300.0715000559903,1463.898405270776,583.4524070314628,10.910909461612327,583.4524070314628,9.369083671643882,583.4524070314628,10.910909461612327,-9.369083671643882,ok,40,40,27,13,0.5007142857142857,0.02857142857142857,1.0,"[206.72258068323967, 199.49306571460033, 161.1369885233431, 73.77836352258662, 145.9428780161822, 138.0404865869199, 158.93133486149833, 151.95337308402938, 124.91280811254626, 108.2749616675958, 128.5957255512672, 88.48994022902176, 132.11115236937957, 70.22437115971377, 118.34656152009038, 134.10004643397875, 116.10138333077174, 133.02314740157374, 111.34752633215857, 128.69686773556296, 131.3461749800594, 79.77774308706883, 98.27647909150201, 110.87509999145472, 95.548941911475, 102.67949204344649, 51.34400611492387, 60.84851001297313, 126.56867013269759, 115.06044562616435, 108.01812629675524, 167.12156485247718, 11.20318023034523, 96.69812942080638, 93.3065478737665, 134.46676095596337, 184.26345021288114, 152.96973876360903, 143.39679301040184, 69.97648788193527]","[27, 21, 21, 14, 24, 14, 22, 26, 13, 16, 9, 20, 8, 5, 11, 7, 12, 10, 8, 11, 2, 7, 3, 2, 1, 7, 1, 23, 35, 33, 33, 32, 6, 31, 31, 35, 34, 33, 32, 21]","[0.7714285714285715, 0.6, 0.6, 0.4, 0.6857142857142857, 0.4, 0.6285714285714286, 0.7428571428571429, 0.37142857142857144, 0.45714285714285713, 0.2571428571428571, 0.5714285714285714, 0.22857142857142856, 0.14285714285714285, 0.3142857142857143, 0.2, 0.34285714285714286, 0.2857142857142857, 0.22857142857142856, 0.3142857142857143, 0.05714285714285714, 0.2, 0.08571428571428572, 0.05714285714285714, 0.02857142857142857, 0.2, 0.02857142857142857, 0.6571428571428571, 1.0, 0.9428571428571428, 0.9428571428571428, 0.9142857142857143, 0.17142857142857143, 0.8857142857142857, 0.8857142857142857, 1.0, 0.9714285714285714, 0.9428571428571428, 0.9142857142857143, 0.6]",8,"[2, 3, 4, 5, 6, 7, 8, 9, 10, 11, 12, 13, 14, 15, 16, 17, 18, 19, 20, 21, 22, 23, 24, 25, 26, 27, 28, 29, 30, 31, 32, 33, 34, 35, 36, 37, 38, 39, 40, 41, 42, 43, 44, 45, 46, 47, 48, 49, 50, 51, 52]",50,,129,221,0,221.0,2.58,0.0,4.42,10.0,0.95,0.01,42,hybrid,False,30,ok,,,8.0,08:00,13.0,13:00,0.5,30,"[9.0, 11.0, 13.0, 14.0, 15.0]","[""09:00"", ""11:00"", ""13:00"", ""14:00"", ""15:00""]",18.0,18:00,True,27,27,0,[],[],17.99709360375154,18:00,4.882804321056778,8.557419356107989,0.3407407407407406,"{""11.0"": 6, ""13.0"": 13, ""14.0"": 6, ""9.0"": 2}","{""09:00"": 2, ""11:00"": 6, ""13:00"": 13, ""14:00"": 6}",0,0,0,20,75,27,40,no_infeasible_acceptance_evidence_in_saved_records,"{""all_customers_served_exactly_once"": true, ""duplicate_customers"": [], ""extra_customers"": [], ""missing_customers"": [], ""n_expected_customers"": 200, ""n_served_customers"": 200}","{""all_customers_served_exactly_once"": true, ""duplicate_customers"": [], ""extra_customers"": [], ""missing_customers"": [], ""n_expected_customers"": 131, ""n_served_customers"": 131}","{""all_customers_served_exactly_once"": true, ""duplicate_customers"": [], ""extra_customers"": [], ""missing_customers"": [], ""n_expected_customers"": 69, ""n_served_customers"": 69}",
wave_speed40_split,dispatch_wave,random_regret,random_removal,regret_2_insertion_dispatch_wave_timing_for_depot,case_3_hybrid,kmeans,20c_cap15,20,15,results/lns_timing_waves_split_speed40_random_regret/case3_kmeans,run_2026_07_19_001731,run_2026_07_19_001731,True,1,lns_sa_metrics_best.json,lns_sa_summary_best.json,dispatch_wave_speed40_split_repair,results/hybrid_supplier_customer_kmeans_timing_waves_constructed_split_v1_40_speed,/Users/danishali/Desktop/Desktop - Danish’s MacBook Air/Master Thesis/results/hybrid_supplier_customer_kmeans_timing_waves_constructed_split_v1_40_speed/20c_cap15/run_2026_07_17_204103,hybrid_supplier_customer_kmeans_timing_waves_constructed_split_v1,115.58790101324328,115.58790101324328,139.58790101324328,111.0444794457134,111.0444794457134,24.0,135.04447944571342,62.00655413883443,49.037925306878975,4.543421567529876,3.9307068713094124,4.543421567529862,3.254882073983481,4.543421567529876,3.9307068713094124,-3.254882073983481,ok,8,8,3,5,0.5583333333333332,0.3333333333333333,0.8,"[16.19602191905028, 25.677099446901437, 20.13343277288271, 9.416131982401836, 8.035406163987215, 10.199644453814301, 16.30873694921756, 5.078005757458056]","[9, 10, 8, 11, 6, 6, 12, 5]","[0.6, 0.6666666666666666, 0.5333333333333333, 0.7333333333333333, 0.4, 0.4, 0.8, 0.3333333333333333]",2,"[2, 3, 4, 5]",50,,290,10,0,10.0,5.8,0.0,0.2,10.0,0.95,0.01,42,hybrid,False,40,ok,,,8.0,08:00,13.0,13:00,0.5,30,"[9.0, 11.0, 13.0, 15.0]","[""09:00"", ""11:00"", ""13:00"", ""15:00""]",18.0,18:00,True,3,3,0,[],[],14.170002485988734,14:10,1.238943506712509,1.4752608195058692,0.6,"{""11.0"": 1, ""13.0"": 1, ""9.0"": 1}","{""09:00"": 1, ""11:00"": 1, ""13:00"": 1}",0,0,0,0,0,3,8,no_infeasible_acceptance_evidence_in_saved_records,"{""all_customers_served_exactly_once"": true, ""duplicate_customers"": [], ""extra_customers"": [], ""missing_customers"": [], ""n_expected_customers"": 20, ""n_served_customers"": 20}","{""all_customers_served_exactly_once"": true, ""duplicate_customers"": [], ""extra_customers"": [], ""missing_customers"": [], ""n_expected_customers"": 13, ""n_served_customers"": 13}","{""all_customers_served_exactly_once"": true, ""duplicate_customers"": [], ""extra_customers"": [], ""missing_customers"": [], ""n_expected_customers"": 7, ""n_served_customers"": 7}",
wave_speed40_split,dispatch_wave,random_regret,random_removal,regret_2_insertion_dispatch_wave_timing_for_depot,case_3_hybrid,kmeans,20c_cap25,20,25,results/lns_timing_waves_split_speed40_random_regret/case3_kmeans,run_2026_07_19_001732,run_2026_07_19_001732,True,1,lns_sa_metrics_best.json,lns_sa_summary_best.json,dispatch_wave_speed40_split_repair,results/hybrid_supplier_customer_kmeans_timing_waves_constructed_split_v1_40_speed,/Users/danishali/Desktop/Desktop - Danish’s MacBook Air/Master Thesis/results/hybrid_supplier_customer_kmeans_timing_waves_constructed_split_v1_40_speed/20c_cap25/run_2026_07_17_204104,hybrid_supplier_customer_kmeans_timing_waves_constructed_split_v1,98.23786144998746,98.23786144998746,122.23786144998746,93.69443988245759,93.69443988245759,24.0,117.69443988245759,62.00655413883443,31.687885743623156,4.543421567529876,4.624919048999163,4.543421567529876,3.7168693182584653,4.543421567529876,4.624919048999163,-3.7168693182584653,ok,6,6,3,3,0.44666666666666677,0.2,0.72,"[16.19602191905028, 25.677099446901437, 20.13343277288271, 10.171703841593862, 16.438176144571237, 5.078005757458056]","[9, 10, 8, 17, 18, 5]","[0.36, 0.4, 0.32, 0.68, 0.72, 0.2]",2,"[2, 3, 4, 5]",50,,300,0,0,0.0,6.0,0.0,0.0,10.0,0.95,0.01,42,hybrid,False,40,ok,,,8.0,08:00,13.0,13:00,0.5,30,"[9.0, 11.0, 13.0, 15.0]","[""09:00"", ""11:00"", ""13:00"", ""15:00""]",18.0,18:00,True,3,3,0,[],[],14.170002485988734,14:10,1.238943506712509,1.4752608195058692,0.36000000000000004,"{""11.0"": 1, ""13.0"": 1, ""9.0"": 1}","{""09:00"": 1, ""11:00"": 1, ""13:00"": 1}",0,0,0,0,0,3,6,no_infeasible_acceptance_evidence_in_saved_records,"{""all_customers_served_exactly_once"": true, ""duplicate_customers"": [], ""extra_customers"": [], ""missing_customers"": [], ""n_expected_customers"": 20, ""n_served_customers"": 20}","{""all_customers_served_exactly_once"": true, ""duplicate_customers"": [], ""extra_customers"": [], ""missing_customers"": [], ""n_expected_customers"": 13, ""n_served_customers"": 13}","{""all_customers_served_exactly_once"": true, ""duplicate_customers"": [], ""extra_customers"": [], ""missing_customers"": [], ""n_expected_customers"": 7, ""n_served_customers"": 7}",
wave_speed40_split,dispatch_wave,random_regret,random_removal,regret_2_insertion_dispatch_wave_timing_for_depot,case_3_hybrid,kmeans,20c_cap35,20,35,results/lns_timing_waves_split_speed40_random_regret/case3_kmeans,run_2026_07_19_001732,run_2026_07_19_001732,True,1,lns_sa_metrics_best.json,lns_sa_summary_best.json,dispatch_wave_speed40_split_repair,results/hybrid_supplier_customer_kmeans_timing_waves_constructed_split_v1_40_speed,/Users/danishali/Desktop/Desktop - Danish’s MacBook Air/Master Thesis/results/hybrid_supplier_customer_kmeans_timing_waves_constructed_split_v1_40_speed/20c_cap35/run_2026_07_17_204104,hybrid_supplier_customer_kmeans_timing_waves_constructed_split_v1,98.23786144998746,98.23786144998746,122.23786144998746,93.69443988245759,93.69443988245759,24.0,117.69443988245759,62.00655413883443,31.687885743623156,4.543421567529876,4.624919048999163,4.543421567529876,3.7168693182584653,4.543421567529876,4.624919048999163,-3.7168693182584653,ok,6,6,3,3,0.319047619047619,0.14285714285714285,0.5142857142857142,"[16.19602191905028, 25.677099446901437, 20.13343277288271, 10.171703841593862, 16.438176144571237, 5.078005757458056]","[9, 10, 8, 17, 18, 5]","[0.2571428571428571, 0.2857142857142857, 0.22857142857142856, 0.4857142857142857, 0.5142857142857142, 0.14285714285714285]",2,"[2, 3, 4, 5]",50,,300,0,0,0.0,6.0,0.0,0.0,10.0,0.95,0.01,42,hybrid,False,40,ok,,,8.0,08:00,13.0,13:00,0.5,30,"[9.0, 11.0, 13.0, 15.0]","[""09:00"", ""11:00"", ""13:00"", ""15:00""]",18.0,18:00,True,3,3,0,[],[],14.170002485988734,14:10,1.238943506712509,1.4752608195058692,0.2571428571428571,"{""11.0"": 1, ""13.0"": 1, ""9.0"": 1}","{""09:00"": 1, ""11:00"": 1, ""13:00"": 1}",0,0,0,0,0,3,6,no_infeasible_acceptance_evidence_in_saved_records,"{""all_customers_served_exactly_once"": true, ""duplicate_customers"": [], ""extra_customers"": [], ""missing_customers"": [], ""n_expected_customers"": 20, ""n_served_customers"": 20}","{""all_customers_served_exactly_once"": true, ""duplicate_customers"": [], ""extra_customers"": [], ""missing_customers"": [], ""n_expected_customers"": 13, ""n_served_customers"": 13}","{""all_customers_served_exactly_once"": true, ""duplicate_customers"": [], ""extra_customers"": [], ""missing_customers"": [], ""n_expected_customers"": 7, ""n_served_customers"": 7}",
wave_speed40_split,dispatch_wave,random_regret,random_removal,regret_2_insertion_dispatch_wave_timing_for_depot,case_3_hybrid,kmeans,40c_cap15,40,15,results/lns_timing_waves_split_speed40_random_regret/case3_kmeans,run_2026_07_19_001733,run_2026_07_19_001733,True,1,lns_sa_metrics_best.json,lns_sa_summary_best.json,dispatch_wave_speed40_split_repair,results/hybrid_supplier_customer_kmeans_timing_waves_constructed_split_v1_40_speed,/Users/danishali/Desktop/Desktop - Danish’s MacBook Air/Master Thesis/results/hybrid_supplier_customer_kmeans_timing_waves_constructed_split_v1_40_speed/40c_cap15/run_2026_07_17_204104,hybrid_supplier_customer_kmeans_timing_waves_constructed_split_v1,366.0353041541975,366.0353041541975,462.0353041541975,350.03980625415386,350.03980625415386,96.0,446.03980625415386,179.4250639507286,170.61474230342532,15.995497900043631,4.369933096209022,15.995497900043631,3.4619644335025463,15.995497900043631,4.369933096209022,-3.4619644335025463,ok,14,14,6,8,0.6666666666666666,0.2,0.8,"[34.23888333100027, 28.20339761273361, 35.99907972469305, 41.56580624302594, 24.716335243977184, 14.701561795298565, 6.3934522483934, 18.580697466932477, 22.706444254450606, 30.817525757453872, 22.311657116469387, 32.61747389843512, 11.969191387312788, 25.218300173977656]","[10, 10, 11, 12, 9, 3, 6, 12, 11, 12, 11, 12, 10, 11]","[0.6666666666666666, 0.6666666666666666, 0.7333333333333333, 0.8, 0.6, 0.2, 0.4, 0.8, 0.7333333333333333, 0.8, 0.7333333333333333, 0.8, 0.6666666666666666, 0.7333333333333333]",3,"[2, 3, 4, 5, 6, 7, 8, 9, 10]",50,,272,78,0,78.0,5.44,0.0,1.56,10.0,0.95,0.01,42,hybrid,False,40,ok,,,8.0,08:00,13.0,13:00,0.5,30,"[9.0, 11.0, 13.0, 15.0]","[""09:00"", ""11:00"", ""13:00"", ""15:00""]",18.0,18:00,True,6,6,0,[],[],15.53420571154913,15:32,1.4420488775724802,2.0391451560756484,0.611111111111111,"{""11.0"": 2, ""13.0"": 2, ""15.0"": 1, ""9.0"": 1}","{""09:00"": 1, ""11:00"": 2, ""13:00"": 2, ""15:00"": 1}",0,0,0,28,105,6,14,no_infeasible_acceptance_evidence_in_saved_records,"{""all_customers_served_exactly_once"": true, ""duplicate_customers"": [], ""extra_customers"": [], ""missing_customers"": [], ""n_expected_customers"": 40, ""n_served_customers"": 40}","{""all_customers_served_exactly_once"": true, ""duplicate_customers"": [], ""extra_customers"": [], ""missing_customers"": [], ""n_expected_customers"": 25, ""n_served_customers"": 25}","{""all_customers_served_exactly_once"": true, ""duplicate_customers"": [], ""extra_customers"": [], ""missing_customers"": [], ""n_expected_customers"": 15, ""n_served_customers"": 15}",
wave_speed40_split,dispatch_wave,random_regret,random_removal,regret_2_insertion_dispatch_wave_timing_for_depot,case_3_hybrid,kmeans,40c_cap25,40,25,results/lns_timing_waves_split_speed40_random_regret/case3_kmeans,run_2026_07_19_001736,run_2026_07_19_001736,True,2,lns_sa_metrics_best.json,lns_sa_summary_best.json,dispatch_wave_speed40_split_repair,results/hybrid_supplier_customer_kmeans_timing_waves_constructed_split_v1_40_speed,/Users/danishali/Desktop/Desktop - Danish’s MacBook Air/Master Thesis/results/hybrid_supplier_customer_kmeans_timing_waves_constructed_split_v1_40_speed/40c_cap25/run_2026_07_17_204105,hybrid_supplier_customer_kmeans_timing_waves_constructed_split_v1,304.4975153824383,304.4975153824383,352.4975153824383,279.20526874744905,279.20526874744905,48.0,327.20526874744905,168.62921652517412,110.57605222227494,25.292246634989226,8.306224306370135,25.292246634989226,7.175156002886625,25.292246634989226,8.306224306370135,-7.175156002886625,ok,8,8,4,4,0.7,0.12,0.92,"[34.24486695318228, 60.269050166630954, 59.4137376100623, 14.701561795298565, 18.84518554309777, 31.793315511466282, 34.02535239499606, 25.912198772714817]","[10, 21, 21, 3, 18, 23, 23, 21]","[0.4, 0.84, 0.84, 0.12, 0.72, 0.92, 0.92, 0.84]",5,"[2, 3, 4, 5, 6, 7, 8, 9, 10]",50,,315,35,0,35.0,6.3,0.0,0.7,10.0,0.95,0.01,42,hybrid,False,40,ok,,,8.0,08:00,13.0,13:00,0.5,30,"[9.0, 11.0, 13.0, 15.0]","[""09:00"", ""11:00"", ""13:00"", ""15:00""]",18.0,18:00,True,4,4,0,[],[],16.152010106918226,16:09,2.095599269949005,3.1520101069182243,0.55,"{""11.0"": 1, ""13.0"": 1, ""15.0"": 1, ""9.0"": 1}","{""09:00"": 1, ""11:00"": 1, ""13:00"": 1, ""15:00"": 1}",0,0,0,26,105,4,8,no_infeasible_acceptance_evidence_in_saved_records,"{""all_customers_served_exactly_once"": true, ""duplicate_customers"": [], ""extra_customers"": [], ""missing_customers"": [], ""n_expected_customers"": 40, ""n_served_customers"": 40}","{""all_customers_served_exactly_once"": true, ""duplicate_customers"": [], ""extra_customers"": [], ""missing_customers"": [], ""n_expected_customers"": 25, ""n_served_customers"": 25}","{""all_customers_served_exactly_once"": true, ""duplicate_customers"": [], ""extra_customers"": [], ""missing_customers"": [], ""n_expected_customers"": 15, ""n_served_customers"": 15}",
wave_speed40_split,dispatch_wave,random_regret,random_removal,regret_2_insertion_dispatch_wave_timing_for_depot,case_3_hybrid,kmeans,40c_cap35,40,35,results/lns_timing_waves_split_speed40_random_regret/case3_kmeans,run_2026_07_19_001740,run_2026_07_19_001740,True,1,lns_sa_metrics_best.json,lns_sa_summary_best.json,dispatch_wave_speed40_split_repair,results/hybrid_supplier_customer_kmeans_timing_waves_constructed_split_v1_40_speed,/Users/danishali/Desktop/Desktop - Danish’s MacBook Air/Master Thesis/results/hybrid_supplier_customer_kmeans_timing_waves_constructed_split_v1_40_speed/40c_cap35/run_2026_07_17_204106,hybrid_supplier_customer_kmeans_timing_waves_constructed_split_v1,301.7402549291218,301.7402549291218,349.7402549291218,267.25859087837415,267.25859087837415,48.0,315.25859087837415,168.62921652517412,98.62937435320002,34.48166405074767,11.42759823638624,34.48166405074767,9.859220825962886,34.48166405074767,11.42759823638624,-9.859220825962886,ok,8,8,4,4,0.49999999999999994,0.08571428571428572,1.0,"[34.24486695318228, 60.269050166630954, 59.4137376100623, 14.701561795298565, 32.29837093709574, 6.3934522483934, 34.02535239499606, 25.912198772714817]","[10, 21, 21, 3, 35, 6, 23, 21]","[0.2857142857142857, 0.6, 0.6, 0.08571428571428572, 1.0, 0.17142857142857143, 0.6571428571428571, 0.6]",5,"[2, 3, 4, 5, 6, 7, 8, 9, 10]",50,,320,30,0,30.0,6.4,0.0,0.6,10.0,0.95,0.01,42,hybrid,False,40,ok,,,8.0,08:00,13.0,13:00,0.5,30,"[9.0, 11.0, 13.0, 15.0]","[""09:00"", ""11:00"", ""13:00"", ""15:00""]",18.0,18:00,True,4,4,0,[],[],16.152010106918226,16:09,2.095599269949005,3.1520101069182243,0.39285714285714285,"{""11.0"": 1, ""13.0"": 1, ""15.0"": 1, ""9.0"": 1}","{""09:00"": 1, ""11:00"": 1, ""13:00"": 1, ""15:00"": 1}",0,0,0,26,105,4,8,no_infeasible_acceptance_evidence_in_saved_records,"{""all_customers_served_exactly_once"": true, ""duplicate_customers"": [], ""extra_customers"": [], ""missing_customers"": [], ""n_expected_customers"": 40, ""n_served_customers"": 40}","{""all_customers_served_exactly_once"": true, ""duplicate_customers"": [], ""extra_customers"": [], ""missing_customers"": [], ""n_expected_customers"": 25, ""n_served_customers"": 25}","{""all_customers_served_exactly_once"": true, ""duplicate_customers"": [], ""extra_customers"": [], ""missing_customers"": [], ""n_expected_customers"": 15, ""n_served_customers"": 15}",
wave_speed40_split,dispatch_wave,random_regret,random_removal,regret_2_insertion_dispatch_wave_timing_for_depot,case_3_hybrid,kmeans,60c_cap15,60,15,results/lns_timing_waves_split_speed40_random_regret/case3_kmeans,run_2026_07_19_001744,run_2026_07_19_001744,True,1,lns_sa_metrics_best.json,lns_sa_summary_best.json,dispatch_wave_speed40_split_repair,results/hybrid_supplier_customer_kmeans_timing_waves_constructed_split_v1_40_speed,/Users/danishali/Desktop/Desktop - Danish’s MacBook Air/Master Thesis/results/hybrid_supplier_customer_kmeans_timing_waves_constructed_split_v1_40_speed/60c_cap15/run_2026_07_17_204106,hybrid_supplier_customer_kmeans_timing_waves_constructed_split_v1,774.5622095668546,774.5622095668546,966.5622095668546,737.3666802864236,737.3666802864236,192.0,929.3666802864236,348.82935704189276,388.5373232445308,37.19552928043095,4.802135815692735,37.19552928043095,3.848229209902524,37.19552928043095,4.802135815692735,-3.848229209902524,ok,19,19,7,12,0.7789473684210525,0.26666666666666666,1.0,"[51.95580960677695, 66.94974927567077, 41.66631001088497, 49.76529626679979, 47.139950400684704, 54.60556191840188, 36.746679562673734, 46.226288636180804, 15.41384826991534, 33.37152135258566, 24.50295060620958, 38.54869144666927, 22.31206296120649, 37.89947887327698, 47.116041620992824, 30.958581801207757, 42.322025730036565, 13.815667376368612, 36.050164569880934]","[14, 13, 14, 15, 10, 13, 4, 12, 6, 12, 12, 15, 11, 12, 11, 11, 11, 11, 15]","[0.9333333333333333, 0.8666666666666667, 0.9333333333333333, 1.0, 0.6666666666666666, 0.8666666666666667, 0.26666666666666666, 0.8, 0.4, 0.8, 0.8, 1.0, 0.7333333333333333, 0.8, 0.7333333333333333, 0.7333333333333333, 0.7333333333333333, 0.7333333333333333, 1.0]",4,"[2, 3, 4, 5, 6, 7, 8, 9, 10, 11, 12, 13, 14]",50,,262,88,0,88.0,5.24,0.0,1.76,10.0,0.95,0.01,42,hybrid,False,40,ok,,,8.0,08:00,13.0,13:00,0.5,30,"[9.0, 11.0, 13.0, 15.0]","[""09:00"", ""11:00"", ""13:00"", ""15:00""]",18.0,18:00,True,7,7,0,[],[],16.25200032240018,16:15,2.0791524656258074,2.673743731891769,0.7904761904761906,"{""11.0"": 2, ""13.0"": 3, ""15.0"": 1, ""9.0"": 1}","{""09:00"": 1, ""11:00"": 2, ""13:00"": 3, ""15:00"": 1}",0,0,0,30,105,7,19,no_infeasible_acceptance_evidence_in_saved_records,"{""all_customers_served_exactly_once"": true, ""duplicate_customers"": [], ""extra_customers"": [], ""missing_customers"": [], ""n_expected_customers"": 60, ""n_served_customers"": 60}","{""all_customers_served_exactly_once"": true, ""duplicate_customers"": [], ""extra_customers"": [], ""missing_customers"": [], ""n_expected_customers"": 35, ""n_served_customers"": 35}","{""all_customers_served_exactly_once"": true, ""duplicate_customers"": [], ""extra_customers"": [], ""missing_customers"": [], ""n_expected_customers"": 25, ""n_served_customers"": 25}",
wave_speed40_split,dispatch_wave,random_regret,random_removal,regret_2_insertion_dispatch_wave_timing_for_depot,case_3_hybrid,kmeans,60c_cap25,60,25,results/lns_timing_waves_split_speed40_random_regret/case3_kmeans,run_2026_07_19_001751,run_2026_07_19_001751,True,1,lns_sa_metrics_best.json,lns_sa_summary_best.json,dispatch_wave_speed40_split_repair,results/hybrid_supplier_customer_kmeans_timing_waves_constructed_split_v1_40_speed,/Users/danishali/Desktop/Desktop - Danish’s MacBook Air/Master Thesis/results/hybrid_supplier_customer_kmeans_timing_waves_constructed_split_v1_40_speed/60c_cap25/run_2026_07_17_204106,hybrid_supplier_customer_kmeans_timing_waves_constructed_split_v1,614.4171214434904,614.4171214434904,734.4171214434904,577.6128575068293,577.6128575068293,120.0,697.6128575068293,319.972316627738,257.6405408790913,36.80426393666107,5.990110407436955,36.80426393666107,5.011357015250764,36.80426393666107,5.990110407436955,-5.011357015250764,ok,13,13,6,7,0.683076923076923,0.16,1.0,"[51.95580960677695, 39.90711334911951, 63.38809528435885, 73.36905690640712, 54.60556191840188, 36.746679562673734, 38.20018580456915, 47.03072986173702, 21.01951389202242, 49.457003073686046, 37.45613258260244, 18.642369142622766, 45.83460652185147]","[14, 6, 21, 25, 13, 4, 22, 23, 12, 23, 22, 16, 21]","[0.56, 0.24, 0.84, 1.0, 0.52, 0.16, 0.88, 0.92, 0.48, 0.92, 0.88, 0.64, 0.84]",3,"[2, 3, 4, 5, 6, 7, 8, 9, 10, 11, 12, 13, 14]",50,,327,23,0,23.0,6.54,0.0,0.46,10.0,0.95,0.01,42,hybrid,False,40,ok,,,8.0,08:00,13.0,13:00,0.5,30,"[9.0, 11.0, 13.0, 15.0]","[""09:00"", ""11:00"", ""13:00"", ""15:00""]",18.0,18:00,True,6,6,0,[],[],16.33422642266018,16:20,2.305440208171131,3.334226422660178,0.5533333333333333,"{""11.0"": 2, ""13.0"": 2, ""15.0"": 1, ""9.0"": 1}","{""09:00"": 1, ""11:00"": 2, ""13:00"": 2, ""15:00"": 1}",0,0,0,28,105,6,13,no_infeasible_acceptance_evidence_in_saved_records,"{""all_customers_served_exactly_once"": true, ""duplicate_customers"": [], ""extra_customers"": [], ""missing_customers"": [], ""n_expected_customers"": 60, ""n_served_customers"": 60}","{""all_customers_served_exactly_once"": true, ""duplicate_customers"": [], ""extra_customers"": [], ""missing_customers"": [], ""n_expected_customers"": 35, ""n_served_customers"": 35}","{""all_customers_served_exactly_once"": true, ""duplicate_customers"": [], ""extra_customers"": [], ""missing_customers"": [], ""n_expected_customers"": 25, ""n_served_customers"": 25}",
wave_speed40_split,dispatch_wave,random_regret,random_removal,regret_2_insertion_dispatch_wave_timing_for_depot,case_3_hybrid,kmeans,60c_cap35,60,35,results/lns_timing_waves_split_speed40_random_regret/case3_kmeans,run_2026_07_19_001801,run_2026_07_19_001801,True,1,lns_sa_metrics_best.json,lns_sa_summary_best.json,dispatch_wave_speed40_split_repair,results/hybrid_supplier_customer_kmeans_timing_waves_constructed_split_v1_40_speed,/Users/danishali/Desktop/Desktop - Danish’s MacBook Air/Master Thesis/results/hybrid_supplier_customer_kmeans_timing_waves_constructed_split_v1_40_speed/60c_cap35/run_2026_07_17_204107,hybrid_supplier_customer_kmeans_timing_waves_constructed_split_v1,559.6834867460417,559.6834867460417,631.6834867460417,525.498061908772,525.498061908772,72.0,597.498061908772,313.37566866869724,212.12239324007479,34.18542483726969,6.1079924004942905,34.18542483726969,5.4117965016573875,34.18542483726969,6.1079924004942905,-5.4117965016573875,ok,11,11,5,6,0.5766233766233767,0.11428571428571428,1.0,"[51.95580960677695, 96.69856067443756, 73.36905690640712, 54.60556191840188, 36.746679562673734, 36.572114193695036, 47.77487245965061, 22.31206296120649, 50.165342469721445, 47.27653975775484, 8.021461398046371]","[14, 27, 25, 13, 4, 22, 35, 11, 34, 32, 5]","[0.4, 0.7714285714285715, 0.7142857142857143, 0.37142857142857144, 0.11428571428571428, 0.6285714285714286, 1.0, 0.3142857142857143, 0.9714285714285714, 0.9142857142857143, 0.14285714285714285]",7,"[2, 3, 4, 5, 6, 7, 8, 9, 10, 11, 12, 13, 14]",50,,260,90,0,90.0,5.2,0.0,1.8,10.0,0.95,0.01,42,hybrid,False,40,ok,,,8.0,08:00,13.0,13:00,0.5,30,"[9.0, 11.0, 13.0, 15.0]","[""09:00"", ""11:00"", ""13:00"", ""15:00""]",18.0,18:00,True,5,5,0,[],[],16.33422642266018,16:20,2.733545010010153,4.250797350194272,0.4742857142857143,"{""11.0"": 1, ""13.0"": 2, ""15.0"": 1, ""9.0"": 1}","{""09:00"": 1, ""11:00"": 1, ""13:00"": 2, ""15:00"": 1}",0,0,0,27,105,5,11,no_infeasible_acceptance_evidence_in_saved_records,"{""all_customers_served_exactly_once"": true, ""duplicate_customers"": [], ""extra_customers"": [], ""missing_customers"": [], ""n_expected_customers"": 60, ""n_served_customers"": 60}","{""all_customers_served_exactly_once"": true, ""duplicate_customers"": [], ""extra_customers"": [], ""missing_customers"": [], ""n_expected_customers"": 35, ""n_served_customers"": 35}","{""all_customers_served_exactly_once"": true, ""duplicate_customers"": [], ""extra_customers"": [], ""missing_customers"": [], ""n_expected_customers"": 25, ""n_served_customers"": 25}",
wave_speed40_split,dispatch_wave,random_regret,random_removal,regret_2_insertion_dispatch_wave_timing_for_depot,case_3_hybrid,kmeans,80c_cap15,80,15,results/lns_timing_waves_split_speed40_random_regret/case3_kmeans,run_2026_07_19_001812,run_2026_07_19_001812,True,1,lns_sa_metrics_best.json,lns_sa_summary_best.json,dispatch_wave_speed40_split_repair,results/hybrid_supplier_customer_kmeans_timing_waves_constructed_split_v1_40_speed,/Users/danishali/Desktop/Desktop - Danish’s MacBook Air/Master Thesis/results/hybrid_supplier_customer_kmeans_timing_waves_constructed_split_v1_40_speed/80c_cap15/run_2026_07_17_204107,hybrid_supplier_customer_kmeans_timing_waves_constructed_split_v1,1219.7653021673277,1219.7653021673277,1507.7653021673277,1150.1905543030598,1150.1905543030598,288.0,1438.1905543030598,575.9265787700432,574.2639755330165,69.57474786426792,5.7039454836635155,69.57474786426792,4.614428237886767,69.57474786426792,5.7039454836635155,-4.614428237886767,ok,24,24,10,14,0.7805555555555558,0.26666666666666666,1.0,"[55.80344538221032, 54.05814894587847, 70.45170246418516, 53.05617454181184, 64.56327348968631, 45.00541032211405, 51.14541549794434, 57.846463914431666, 75.00097146154938, 48.995572750231645, 39.469246867896146, 51.39825526222569, 44.49536180344755, 28.02601852269656, 61.635051514907744, 63.26068414853237, 48.73959067101116, 15.191335000585772, 50.53263849770265, 29.749417281608654, 56.42936764004875, 48.06688609317459, 26.574840365117097, 10.695281864061826]","[9, 11, 14, 15, 14, 14, 14, 10, 15, 4, 12, 15, 12, 12, 12, 12, 15, 5, 12, 11, 11, 15, 12, 5]","[0.6, 0.7333333333333333, 0.9333333333333333, 1.0, 0.9333333333333333, 0.9333333333333333, 0.9333333333333333, 0.6666666666666666, 1.0, 0.26666666666666666, 0.8, 1.0, 0.8, 0.8, 0.8, 0.8, 1.0, 0.3333333333333333, 0.8, 0.7333333333333333, 0.7333333333333333, 1.0, 0.8, 0.3333333333333333]",5,"[2, 3, 4, 5, 6, 7, 8, 9, 10, 11, 12, 13, 14, 15, 16, 17, 18, 19, 20]",50,,199,151,0,151.0,3.98,0.0,3.02,10.0,0.95,0.01,42,hybrid,False,40,ok,,,8.0,08:00,13.0,13:00,0.5,30,"[9.0, 11.0, 13.0, 15.0]","[""09:00"", ""11:00"", ""13:00"", ""15:00""]",18.0,18:00,True,10,10,0,[],[],16.558222652089125,16:33,2.2898164469251077,3.041690953205401,0.8000000000000002,"{""11.0"": 3, ""13.0"": 4, ""15.0"": 1, ""9.0"": 2}","{""09:00"": 2, ""11:00"": 3, ""13:00"": 4, ""15:00"": 1}",0,0,0,28,105,10,24,no_infeasible_acceptance_evidence_in_saved_records,"{""all_customers_served_exactly_once"": true, ""duplicate_customers"": [], ""extra_customers"": [], ""missing_customers"": [], ""n_expected_customers"": 80, ""n_served_customers"": 80}","{""all_customers_served_exactly_once"": true, ""duplicate_customers"": [], ""extra_customers"": [], ""missing_customers"": [], ""n_expected_customers"": 51, ""n_served_customers"": 51}","{""all_customers_served_exactly_once"": true, ""duplicate_customers"": [], ""extra_customers"": [], ""missing_customers"": [], ""n_expected_customers"": 29, ""n_served_customers"": 29}",
wave_speed40_split,dispatch_wave,random_regret,random_removal,regret_2_insertion_dispatch_wave_timing_for_depot,case_3_hybrid,kmeans,80c_cap25,80,25,results/lns_timing_waves_split_speed40_random_regret/case3_kmeans,run_2026_07_19_001835,run_2026_07_19_001835,True,1,lns_sa_metrics_best.json,lns_sa_summary_best.json,dispatch_wave_speed40_split_repair,results/hybrid_supplier_customer_kmeans_timing_waves_constructed_split_v1_40_speed,/Users/danishali/Desktop/Desktop - Danish’s MacBook Air/Master Thesis/results/hybrid_supplier_customer_kmeans_timing_waves_constructed_split_v1_40_speed/80c_cap25/run_2026_07_17_204108,hybrid_supplier_customer_kmeans_timing_waves_constructed_split_v1,956.9299630247157,956.9299630247157,1148.9299630247156,887.5564172239457,887.5564172239457,192.0,1079.5564172239456,501.9301923193328,385.62622490461297,69.37354580076999,7.249594900497248,69.37354580076999,6.038100496407512,69.37354580076999,7.249594900497248,-6.038100496407512,ok,15,15,7,8,0.7493333333333333,0.16,0.96,"[95.42430905367486, 74.29696542742315, 83.4957563145265, 79.71120698981318, 45.005410322114045, 75.00097146154938, 48.995572750231645, 37.48118490559597, 48.76281892492671, 62.926856803136765, 45.68458126548884, 65.94267076491472, 30.441921693511365, 61.11280869580197, 33.273381851236635]","[20, 20, 23, 24, 14, 15, 4, 17, 22, 24, 21, 23, 11, 21, 22]","[0.8, 0.8, 0.92, 0.96, 0.56, 0.6, 0.16, 0.68, 0.88, 0.96, 0.84, 0.92, 0.44, 0.84, 0.88]",10,"[2, 3, 4, 5, 6, 7, 8, 9, 10, 11, 12, 13, 14, 15, 16, 17, 18, 19, 20]",50,,224,126,0,126.0,4.48,0.0,2.52,10.0,0.95,0.01,42,hybrid,False,40,ok,,,8.0,08:00,13.0,13:00,0.5,30,"[9.0, 11.0, 13.0, 15.0]","[""09:00"", ""11:00"", ""13:00"", ""15:00""]",18.0,18:00,True,7,7,0,[],[],16.558222652089125,16:33,3.006893543997617,4.052274393008538,0.6857142857142857,"{""11.0"": 2, ""13.0"": 3, ""15.0"": 1, ""9.0"": 1}","{""09:00"": 1, ""11:00"": 2, ""13:00"": 3, ""15:00"": 1}",0,0,0,26,105,7,15,no_infeasible_acceptance_evidence_in_saved_records,"{""all_customers_served_exactly_once"": true, ""duplicate_customers"": [], ""extra_customers"": [], ""missing_customers"": [], ""n_expected_customers"": 80, ""n_served_customers"": 80}","{""all_customers_served_exactly_once"": true, ""duplicate_customers"": [], ""extra_customers"": [], ""missing_customers"": [], ""n_expected_customers"": 51, ""n_served_customers"": 51}","{""all_customers_served_exactly_once"": true, ""duplicate_customers"": [], ""extra_customers"": [], ""missing_customers"": [], ""n_expected_customers"": 29, ""n_served_customers"": 29}",
wave_speed40_split,dispatch_wave,random_regret,random_removal,regret_2_insertion_dispatch_wave_timing_for_depot,case_3_hybrid,kmeans,80c_cap35,80,35,results/lns_timing_waves_split_speed40_random_regret/case3_kmeans,run_2026_07_19_001910,run_2026_07_19_001910,True,1,lns_sa_metrics_best.json,lns_sa_summary_best.json,dispatch_wave_speed40_split_repair,results/hybrid_supplier_customer_kmeans_timing_waves_constructed_split_v1_40_speed,/Users/danishali/Desktop/Desktop - Danish’s MacBook Air/Master Thesis/results/hybrid_supplier_customer_kmeans_timing_waves_constructed_split_v1_40_speed/80c_cap35/run_2026_07_17_204108,hybrid_supplier_customer_kmeans_timing_waves_constructed_split_v1,851.4859000471055,851.4859000471055,1011.4859000471055,795.6375867101111,795.6375867101111,160.0,955.6375867101111,489.1139108397186,306.52367587039254,55.84831333699435,6.558924033140741,55.84831333699435,5.521412936590956,55.84831333699435,6.558924033140741,-5.521412936590956,ok,12,12,6,6,0.669047619047619,0.11428571428571428,1.0,"[95.42430905367486, 70.45170246418516, 86.5750372435577, 79.71120698981318, 107.95608233825602, 48.995572750231645, 51.785106361694815, 63.74100330121959, 67.00360573859082, 39.378290904673136, 66.19477972905602, 18.42088983515815]","[20, 14, 29, 24, 29, 4, 28, 35, 34, 21, 32, 11]","[0.5714285714285714, 0.4, 0.8285714285714286, 0.6857142857142857, 0.8285714285714286, 0.11428571428571428, 0.8, 1.0, 0.9714285714285714, 0.6, 0.9142857142857143, 0.3142857142857143]",9,"[2, 3, 4, 5, 6, 7, 8, 9, 10, 11, 12, 13, 14, 15, 16, 17, 18, 19, 20]",50,,254,96,0,96.0,5.08,0.0,1.92,10.0,0.95,0.01,42,hybrid,False,40,ok,,,8.0,08:00,13.0,13:00,0.5,30,"[9.0, 11.0, 13.0, 15.0]","[""09:00"", ""11:00"", ""13:00"", ""15:00""]",18.0,18:00,True,6,6,0,[],[],17.86556872512307,17:52,3.454641295165494,4.865568725123067,0.5714285714285715,"{""11.0"": 2, ""13.0"": 2, ""15.0"": 1, ""9.0"": 1}","{""09:00"": 1, ""11:00"": 2, ""13:00"": 2, ""15:00"": 1}",0,0,0,25,105,6,12,no_infeasible_acceptance_evidence_in_saved_records,"{""all_customers_served_exactly_once"": true, ""duplicate_customers"": [], ""extra_customers"": [], ""missing_customers"": [], ""n_expected_customers"": 80, ""n_served_customers"": 80}","{""all_customers_served_exactly_once"": true, ""duplicate_customers"": [], ""extra_customers"": [], ""missing_customers"": [], ""n_expected_customers"": 51, ""n_served_customers"": 51}","{""all_customers_served_exactly_once"": true, ""duplicate_customers"": [], ""extra_customers"": [], ""missing_customers"": [], ""n_expected_customers"": 29, ""n_served_customers"": 29}",
wave_speed40_split,dispatch_wave,random_regret,random_removal,regret_2_insertion_dispatch_wave_timing_for_depot,case_3_hybrid,kmeans,100c_cap15,100,15,results/lns_timing_waves_split_speed40_random_regret/case3_kmeans,run_2026_07_19_001953,run_2026_07_19_001953,True,1,lns_sa_metrics_best.json,lns_sa_summary_best.json,dispatch_wave_speed40_split_repair,results/hybrid_supplier_customer_kmeans_timing_waves_constructed_split_v1_40_speed,/Users/danishali/Desktop/Desktop - Danish’s MacBook Air/Master Thesis/results/hybrid_supplier_customer_kmeans_timing_waves_constructed_split_v1_40_speed/100c_cap15/run_2026_07_17_204109,hybrid_supplier_customer_kmeans_timing_waves_constructed_split_v1,1795.6165393662525,1795.6165393662525,2235.6165393662523,1753.988918898316,1753.988918898316,440.0,2193.988918898316,898.7802182454747,855.2087006528411,41.627620467936595,2.3182912139263716,41.62762046793614,1.8620197039576674,41.627620467936595,2.3182912139263716,-1.8620197039576674,ok,29,29,13,16,0.7954022988505749,0.26666666666666666,1.0,"[69.75430672776291, 67.5726861823481, 61.773154318015386, 73.3912772454349, 82.65492786527884, 61.73586597191431, 53.05090441107158, 59.75661629107921, 68.07647798704801, 127.45415181374052, 62.13164012326655, 56.66493883201365, 54.763270476500644, 35.0325231533707, 64.24781907778213, 78.0030448314662, 53.69969407921644, 77.04381439363469, 56.84939704633952, 54.77617575582456, 37.02224783051638, 39.6180691462914, 38.052402116889205, 78.52673603498805, 60.50686009607539, 33.21855045639637, 59.845960976841795, 75.39630332713106, 13.369102330077288]","[9, 11, 13, 15, 14, 14, 12, 15, 15, 15, 9, 4, 4, 12, 15, 15, 12, 12, 12, 11, 15, 15, 11, 11, 12, 12, 11, 15, 5]","[0.6, 0.7333333333333333, 0.8666666666666667, 1.0, 0.9333333333333333, 0.9333333333333333, 0.8, 1.0, 1.0, 1.0, 0.6, 0.26666666666666666, 0.26666666666666666, 0.8, 1.0, 1.0, 0.8, 0.8, 0.8, 0.7333333333333333, 1.0, 1.0, 0.7333333333333333, 0.7333333333333333, 0.8, 0.8, 0.7333333333333333, 1.0, 0.3333333333333333]",5,"[2, 3, 4, 5, 6, 7, 8, 9, 10, 11, 12, 13, 14, 15, 16, 17, 18, 19, 20, 21, 22, 23, 24, 25]",50,,199,151,0,151.0,3.98,0.0,3.02,10.0,0.95,0.01,42,hybrid,False,40,ok,,,8.0,08:00,13.0,13:00,0.5,30,"[9.0, 11.0, 13.0, 15.0]","[""09:00"", ""11:00"", ""13:00"", ""15:00""]",18.0,18:00,True,13,13,0,[],[],17.35302046201018,17:21,2.548936317138733,4.35302046201018,0.7692307692307694,"{""11.0"": 4, ""13.0"": 5, ""15.0"": 2, ""9.0"": 2}","{""09:00"": 2, ""11:00"": 4, ""13:00"": 5, ""15:00"": 2}",0,0,0,35,105,13,29,no_infeasible_acceptance_evidence_in_saved_records,"{""all_customers_served_exactly_once"": true, ""duplicate_customers"": [], ""extra_customers"": [], ""missing_customers"": [], ""n_expected_customers"": 100, ""n_served_customers"": 100}","{""all_customers_served_exactly_once"": true, ""duplicate_customers"": [], ""extra_customers"": [], ""missing_customers"": [], ""n_expected_customers"": 64, ""n_served_customers"": 64}","{""all_customers_served_exactly_once"": true, ""duplicate_customers"": [], ""extra_customers"": [], ""missing_customers"": [], ""n_expected_customers"": 36, ""n_served_customers"": 36}",
wave_speed40_split,dispatch_wave,random_regret,random_removal,regret_2_insertion_dispatch_wave_timing_for_depot,case_3_hybrid,kmeans,100c_cap25,100,25,results/lns_timing_waves_split_speed40_random_regret/case3_kmeans,run_2026_07_19_002042,run_2026_07_19_002042,True,1,lns_sa_metrics_best.json,lns_sa_summary_best.json,dispatch_wave_speed40_split_repair,results/hybrid_supplier_customer_kmeans_timing_waves_constructed_split_v1_40_speed,/Users/danishali/Desktop/Desktop - Danish’s MacBook Air/Master Thesis/results/hybrid_supplier_customer_kmeans_timing_waves_constructed_split_v1_40_speed/100c_cap25/run_2026_07_17_204109,hybrid_supplier_customer_kmeans_timing_waves_constructed_split_v1,1398.285254098367,1398.285254098367,1718.285254098367,1323.7186970431976,1323.7186970431976,320.0,1643.7186970431976,752.2299516094625,571.4887454337351,74.56655705516937,5.332714253877395,74.56655705516937,4.339591280162417,74.56655705516937,5.332714253877395,-4.339591280162417,ok,19,19,9,10,0.7284210526315791,0.16,1.0,"[119.28038631709359, 93.5377495007164, 55.56403126253022, 76.16897360260897, 74.16822508619303, 95.85985029031666, 126.22252624148946, 56.66493883201365, 54.763270476500644, 15.983630620983499, 69.685426290816, 78.76130632860958, 77.46122231037091, 47.92894503573822, 82.42833845614341, 18.989168750732212, 62.267969456543, 76.39101086975245, 41.591727314045805]","[20, 22, 10, 24, 22, 21, 23, 4, 4, 6, 23, 25, 24, 25, 23, 5, 22, 21, 22]","[0.8, 0.88, 0.4, 0.96, 0.88, 0.84, 0.92, 0.16, 0.16, 0.24, 0.92, 1.0, 0.96, 1.0, 0.92, 0.2, 0.88, 0.84, 0.88]",9,"[2, 3, 4, 5, 6, 7, 8, 9, 10, 11, 12, 13, 14, 15, 16, 17, 18, 19, 20, 21, 22, 23, 24, 25]",50,,204,146,0,146.0,4.08,0.0,2.92,10.0,0.95,0.01,42,hybrid,False,40,ok,,,8.0,08:00,13.0,13:00,0.5,30,"[9.0, 11.0, 13.0, 15.0]","[""09:00"", ""11:00"", ""13:00"", ""15:00""]",18.0,18:00,True,9,9,0,[],[],17.822229822703903,17:49,3.2747128285448035,4.822229822703903,0.6666666666666666,"{""11.0"": 3, ""13.0"": 3, ""15.0"": 2, ""9.0"": 1}","{""09:00"": 1, ""11:00"": 3, ""13:00"": 3, ""15:00"": 2}",0,0,0,42,105,9,19,no_infeasible_acceptance_evidence_in_saved_records,"{""all_customers_served_exactly_once"": true, ""duplicate_customers"": [], ""extra_customers"": [], ""missing_customers"": [], ""n_expected_customers"": 100, ""n_served_customers"": 100}","{""all_customers_served_exactly_once"": true, ""duplicate_customers"": [], ""extra_customers"": [], ""missing_customers"": [], ""n_expected_customers"": 64, ""n_served_customers"": 64}","{""all_customers_served_exactly_once"": true, ""duplicate_customers"": [], ""extra_customers"": [], ""missing_customers"": [], ""n_expected_customers"": 36, ""n_served_customers"": 36}",
wave_speed40_split,dispatch_wave,random_regret,random_removal,regret_2_insertion_dispatch_wave_timing_for_depot,case_3_hybrid,kmeans,100c_cap35,100,35,results/lns_timing_waves_split_speed40_random_regret/case3_kmeans,run_2026_07_19_002207,run_2026_07_19_002207,True,1,lns_sa_metrics_best.json,lns_sa_summary_best.json,dispatch_wave_speed40_split_repair,results/hybrid_supplier_customer_kmeans_timing_waves_constructed_split_v1_40_speed,/Users/danishali/Desktop/Desktop - Danish’s MacBook Air/Master Thesis/results/hybrid_supplier_customer_kmeans_timing_waves_constructed_split_v1_40_speed/100c_cap35/run_2026_07_17_204110,hybrid_supplier_customer_kmeans_timing_waves_constructed_split_v1,1306.804693484122,1306.804693484122,1546.804693484122,1164.8899997965918,1164.8899997965918,240.0,1404.8899997965918,711.004887970669,453.8851118259228,141.9146936875302,10.859671257314357,141.9146936875302,9.17470022462063,141.9146936875302,10.859671257314357,-9.17470022462063,ok,16,16,8,8,0.6178571428571429,0.11428571428571428,0.9714285714285714,"[119.2803863170936, 93.5377495007164, 112.22116401323858, 107.33860347943934, 93.78645355407882, 73.41232179758794, 56.66493883201365, 54.763270476500644, 59.1530782371922, 49.59494031543949, 80.58360636516863, 83.75450717323854, 48.34906471040319, 26.680328069213033, 23.026112293947687, 82.74347466132002]","[20, 22, 34, 31, 17, 18, 4, 4, 34, 11, 33, 34, 31, 10, 11, 32]","[0.5714285714285714, 0.6285714285714286, 0.9714285714285714, 0.8857142857142857, 0.4857142857142857, 0.5142857142857142, 0.11428571428571428, 0.11428571428571428, 0.9714285714285714, 0.3142857142857143, 0.9428571428571428, 0.9714285714285714, 0.8857142857142857, 0.2857142857142857, 0.3142857142857143, 0.9142857142857143]",12,"[2, 3, 4, 5, 6, 7, 8, 9, 10, 11, 12, 13, 14, 15, 16, 17, 18, 19, 20, 21, 22, 23, 24, 25]",50,,216,134,0,134.0,4.32,0.0,2.68,10.0,0.95,0.01,42,hybrid,False,40,ok,,,8.0,08:00,13.0,13:00,0.5,30,"[9.0, 11.0, 13.0, 15.0]","[""09:00"", ""11:00"", ""13:00"", ""15:00""]",18.0,18:00,True,8,8,0,[],[],17.683465086985983,17:41,3.555223608241674,4.805529100330965,0.5357142857142856,"{""11.0"": 2, ""13.0"": 3, ""15.0"": 2, ""9.0"": 1}","{""09:00"": 1, ""11:00"": 2, ""13:00"": 3, ""15:00"": 2}",0,0,0,34,105,8,16,no_infeasible_acceptance_evidence_in_saved_records,"{""all_customers_served_exactly_once"": true, ""duplicate_customers"": [], ""extra_customers"": [], ""missing_customers"": [], ""n_expected_customers"": 100, ""n_served_customers"": 100}","{""all_customers_served_exactly_once"": true, ""duplicate_customers"": [], ""extra_customers"": [], ""missing_customers"": [], ""n_expected_customers"": 64, ""n_served_customers"": 64}","{""all_customers_served_exactly_once"": true, ""duplicate_customers"": [], ""extra_customers"": [], ""missing_customers"": [], ""n_expected_customers"": 36, ""n_served_customers"": 36}",
wave_speed40_split,dispatch_wave,random_regret,random_removal,regret_2_insertion_dispatch_wave_timing_for_depot,case_3_hybrid,kmeans,150c_cap15,150,15,results/lns_timing_waves_split_speed40_random_regret/case3_kmeans,run_2026_07_19_002345,run_2026_07_19_002345,True,1,lns_sa_metrics_best.json,lns_sa_summary_best.json,dispatch_wave_speed40_split_repair,results/hybrid_supplier_customer_kmeans_timing_waves_constructed_split_v1_40_speed,/Users/danishali/Desktop/Desktop - Danish’s MacBook Air/Master Thesis/results/hybrid_supplier_customer_kmeans_timing_waves_constructed_split_v1_40_speed/150c_cap15/run_2026_07_17_204110,hybrid_supplier_customer_kmeans_timing_waves_constructed_split_v1,3959.488464370085,3959.488464370085,4919.488464370084,3867.3569767506547,3867.3569767506547,960.0,4827.356976750654,1936.0992361292379,1931.257740621417,92.13148761943012,2.3268532904814845,92.13148761943012,1.8727859265592788,92.13148761943012,2.3268532904814845,-1.8727859265592788,ok,47,47,21,26,0.7531914893617024,0.06666666666666667,1.0,"[115.94806516925689, 112.84732809429113, 61.738544239884995, 32.05143591455274, 87.40450806877215, 122.183378949065, 103.69020166039112, 84.76902410359173, 105.70968033647793, 105.147316854042, 43.560923052687215, 101.69340418584063, 116.20456817832878, 111.65516622628923, 103.3530931238671, 89.45269375617168, 116.72955882575879, 82.14490571475096, 84.99740824802046, 71.66170643360626, 83.15632499359103, 35.212942418316686, 18.734203426079215, 87.9853864609139, 65.0265927115771, 83.42880338146415, 73.3495482361089, 76.98268528574104, 57.652995840722895, 117.0045672471993, 115.56572159045203, 40.02049210381952, 54.26140149232356, 69.33112157535984, 79.52180283721572, 80.26139305448125, 98.76540093990624, 134.3251532247046, 59.295118693225135, 94.74869718319246, 28.933014181126406, 50.76091075731748, 49.82782568459456, 89.85369758952905, 65.13701651814625, 99.46618386280856, 105.80506432509142]","[14, 14, 3, 7, 12, 15, 12, 12, 14, 15, 8, 14, 15, 13, 11, 14, 14, 4, 4, 1, 2, 12, 6, 15, 11, 12, 11, 11, 12, 15, 12, 10, 15, 11, 12, 12, 15, 12, 11, 12, 11, 15, 12, 11, 11, 15, 11]","[0.9333333333333333, 0.9333333333333333, 0.2, 0.4666666666666667, 0.8, 1.0, 0.8, 0.8, 0.9333333333333333, 1.0, 0.5333333333333333, 0.9333333333333333, 1.0, 0.8666666666666667, 0.7333333333333333, 0.9333333333333333, 0.9333333333333333, 0.26666666666666666, 0.26666666666666666, 0.06666666666666667, 0.13333333333333333, 0.8, 0.4, 1.0, 0.7333333333333333, 0.8, 0.7333333333333333, 0.7333333333333333, 0.8, 1.0, 0.8, 0.6666666666666666, 1.0, 0.7333333333333333, 0.8, 0.8, 1.0, 0.8, 0.7333333333333333, 0.8, 0.7333333333333333, 1.0, 0.8, 0.7333333333333333, 0.7333333333333333, 1.0, 0.7333333333333333]",11,"[2, 3, 4, 5, 6, 7, 8, 9, 10, 11, 12, 13, 14, 15, 16, 17, 18, 19, 20, 21, 22, 23, 24, 25, 26, 27, 28, 29, 30, 31, 32, 33, 34, 35, 36, 37]",50,,109,241,0,241.0,2.18,0.0,4.82,10.0,0.95,0.01,42,hybrid,False,40,ok,,,8.0,08:00,13.0,13:00,0.5,30,"[9.0, 11.0, 13.0, 15.0]","[""09:00"", ""11:00"", ""13:00"", ""15:00""]",18.0,18:00,True,21,21,0,[],[],17.458268539533844,17:27,3.042975281106235,4.387917807059958,0.6920634920634922,"{""11.0"": 7, ""13.0"": 7, ""15.0"": 4, ""9.0"": 3}","{""09:00"": 3, ""11:00"": 7, ""13:00"": 7, ""15:00"": 4}",0,0,0,34,105,21,47,no_infeasible_acceptance_evidence_in_saved_records,"{""all_customers_served_exactly_once"": true, ""duplicate_customers"": [], ""extra_customers"": [], ""missing_customers"": [], ""n_expected_customers"": 150, ""n_served_customers"": 150}","{""all_customers_served_exactly_once"": true, ""duplicate_customers"": [], ""extra_customers"": [], ""missing_customers"": [], ""n_expected_customers"": 93, ""n_served_customers"": 93}","{""all_customers_served_exactly_once"": true, ""duplicate_customers"": [], ""extra_customers"": [], ""missing_customers"": [], ""n_expected_customers"": 57, ""n_served_customers"": 57}",
wave_speed40_split,dispatch_wave,random_regret,random_removal,regret_2_insertion_dispatch_wave_timing_for_depot,case_3_hybrid,kmeans,150c_cap25,150,25,results/lns_timing_waves_split_speed40_random_regret/case3_kmeans,run_2026_07_19_002704,run_2026_07_19_002704,True,1,lns_sa_metrics_best.json,lns_sa_summary_best.json,dispatch_wave_speed40_split_repair,results/hybrid_supplier_customer_kmeans_timing_waves_constructed_split_v1_40_speed,/Users/danishali/Desktop/Desktop - Danish’s MacBook Air/Master Thesis/results/hybrid_supplier_customer_kmeans_timing_waves_constructed_split_v1_40_speed/150c_cap25/run_2026_07_17_204111,hybrid_supplier_customer_kmeans_timing_waves_constructed_split_v1,3072.5442371511085,3072.5442371511085,3672.5442371511085,2845.252311778492,2845.252311778492,600.0,3445.252311778492,1595.6384886218925,1249.6138231565997,227.29192537261633,7.397515148011783,227.29192537261633,6.188949967528037,227.29192537261633,7.397515148011783,-6.188949967528037,ok,31,31,15,16,0.6851612903225808,0.04,1.0,"[69.27015598397912, 191.47565547979002, 132.6065165297185, 119.56397446327402, 102.23742220240302, 115.27777442847359, 100.6388058514338, 124.49000842155434, 66.35352024748308, 122.71810953907817, 129.04620008473609, 82.14490571475096, 84.99740824802046, 71.66170643360626, 83.15632499359103, 89.57000776559056, 77.5121807126152, 77.50268695512611, 100.08196906985705, 120.23972732889675, 18.734203426079215, 74.7227741262667, 68.2628285601736, 80.19137271039781, 95.42078976677328, 136.71883272008407, 8.402385172758931, 99.95421446379399, 115.1698149113835, 67.07638197168707, 20.053653495115924]","[6, 25, 25, 24, 16, 22, 19, 25, 9, 17, 19, 4, 4, 1, 2, 22, 22, 22, 23, 22, 6, 25, 21, 23, 23, 23, 6, 25, 23, 22, 5]","[0.24, 1.0, 1.0, 0.96, 0.64, 0.88, 0.76, 1.0, 0.36, 0.68, 0.76, 0.16, 0.16, 0.04, 0.08, 0.88, 0.88, 0.88, 0.92, 0.88, 0.24, 1.0, 0.84, 0.92, 0.92, 0.92, 0.24, 1.0, 0.92, 0.88, 0.2]",10,"[2, 3, 4, 5, 6, 7, 8, 9, 10, 11, 12, 13, 14, 15, 16, 17, 18, 19, 20, 21, 22, 23, 24, 25, 26, 27, 28, 29, 30, 31, 32, 33, 34, 35, 36, 37]",50,,180,170,0,170.0,3.6,0.0,3.4,10.0,0.95,0.01,42,hybrid,False,40,ok,,,8.0,08:00,13.0,13:00,0.5,30,"[9.0, 11.0, 13.0, 15.0]","[""09:00"", ""11:00"", ""13:00"", ""15:00""]",18.0,18:00,True,15,15,0,[],[],17.945583543872193,17:57,3.692730814369821,6.786891386994751,0.5813333333333334,"{""11.0"": 4, ""13.0"": 5, ""15.0"": 4, ""9.0"": 2}","{""09:00"": 2, ""11:00"": 4, ""13:00"": 5, ""15:00"": 4}",0,0,0,38,105,15,31,no_infeasible_acceptance_evidence_in_saved_records,"{""all_customers_served_exactly_once"": true, ""duplicate_customers"": [], ""extra_customers"": [], ""missing_customers"": [], ""n_expected_customers"": 150, ""n_served_customers"": 150}","{""all_customers_served_exactly_once"": true, ""duplicate_customers"": [], ""extra_customers"": [], ""missing_customers"": [], ""n_expected_customers"": 93, ""n_served_customers"": 93}","{""all_customers_served_exactly_once"": true, ""duplicate_customers"": [], ""extra_customers"": [], ""missing_customers"": [], ""n_expected_customers"": 57, ""n_served_customers"": 57}",
wave_speed40_split,dispatch_wave,random_regret,random_removal,regret_2_insertion_dispatch_wave_timing_for_depot,case_3_hybrid,kmeans,150c_cap35,150,35,results/lns_timing_waves_split_speed40_random_regret/case3_kmeans,run_2026_07_19_003255,run_2026_07_19_003255,True,1,lns_sa_metrics_best.json,lns_sa_summary_best.json,dispatch_wave_speed40_split_repair,results/hybrid_supplier_customer_kmeans_timing_waves_constructed_split_v1_40_speed,/Users/danishali/Desktop/Desktop - Danish’s MacBook Air/Master Thesis/results/hybrid_supplier_customer_kmeans_timing_waves_constructed_split_v1_40_speed/150c_cap35/run_2026_07_17_204112,hybrid_supplier_customer_kmeans_timing_waves_constructed_split_v1,2772.5569146175108,2772.5569146175108,3252.5569146175108,2519.652799051417,2519.652799051417,480.0,2999.652799051417,1516.8195561700927,1002.8332428813242,252.90411556609388,9.121692479340261,252.90411556609388,7.7755477369051516,252.90411556609388,9.121692479340261,-7.7755477369051516,ok,23,23,12,11,0.6596273291925466,0.02857142857142857,0.9714285714285714,"[238.5838523259586, 145.80253191311016, 151.15055417426774, 143.10741486507686, 148.950257506723, 110.27357730922198, 122.71810953907816, 134.27291314668764, 82.14490571475096, 84.99740824802046, 71.66170643360626, 83.15632499359103, 74.41923830411969, 77.87290696296708, 102.67413046593185, 125.13186696005386, 141.17452478072045, 64.76613632601867, 69.25084340498024, 88.37383450002646, 43.96148623582995, 107.66068018287454, 107.54759475780139]","[31, 26, 32, 29, 20, 31, 17, 21, 4, 4, 1, 2, 17, 34, 33, 33, 34, 26, 32, 29, 10, 33, 32]","[0.8857142857142857, 0.7428571428571429, 0.9142857142857143, 0.8285714285714286, 0.5714285714285714, 0.8857142857142857, 0.4857142857142857, 0.6, 0.11428571428571428, 0.11428571428571428, 0.02857142857142857, 0.05714285714285714, 0.4857142857142857, 0.9714285714285714, 0.9428571428571428, 0.9428571428571428, 0.9714285714285714, 0.7428571428571429, 0.9142857142857143, 0.8285714285714286, 0.2857142857142857, 0.9428571428571428, 0.9142857142857143]",16,"[2, 3, 4, 5, 6, 7, 8, 9, 10, 11, 12, 13, 14, 15, 16, 17, 18, 19, 20, 21, 22, 23, 24, 25, 26, 27, 28, 29, 30, 31, 32, 33, 34, 35, 36, 37]",50,,182,168,0,168.0,3.64,0.0,3.36,10.0,0.95,0.01,42,hybrid,False,40,ok,,,8.0,08:00,13.0,13:00,0.5,30,"[9.0, 11.0, 13.0, 15.0]","[""09:00"", ""11:00"", ""13:00"", ""15:00""]",18.0,18:00,True,12,12,0,[],[],17.923506099397216,17:55,4.451707408687693,8.297929641482298,0.519047619047619,"{""11.0"": 3, ""13.0"": 4, ""15.0"": 4, ""9.0"": 1}","{""09:00"": 1, ""11:00"": 3, ""13:00"": 4, ""15:00"": 4}",0,0,0,40,105,12,23,no_infeasible_acceptance_evidence_in_saved_records,"{""all_customers_served_exactly_once"": true, ""duplicate_customers"": [], ""extra_customers"": [], ""missing_customers"": [], ""n_expected_customers"": 150, ""n_served_customers"": 150}","{""all_customers_served_exactly_once"": true, ""duplicate_customers"": [], ""extra_customers"": [], ""missing_customers"": [], ""n_expected_customers"": 93, ""n_served_customers"": 93}","{""all_customers_served_exactly_once"": true, ""duplicate_customers"": [], ""extra_customers"": [], ""missing_customers"": [], ""n_expected_customers"": 57, ""n_served_customers"": 57}",
wave_speed40_split,dispatch_wave,random_regret,random_removal,regret_2_insertion_dispatch_wave_timing_for_depot,case_3_hybrid,kmeans,200c_cap15,200,15,results/lns_timing_waves_split_speed40_random_regret/case3_kmeans,run_2026_07_19_003950,run_2026_07_19_003950,True,1,lns_sa_metrics_best.json,lns_sa_summary_best.json,dispatch_wave_speed40_split_repair,results/hybrid_supplier_customer_kmeans_timing_waves_constructed_split_v1_40_speed,/Users/danishali/Desktop/Desktop - Danish’s MacBook Air/Master Thesis/results/hybrid_supplier_customer_kmeans_timing_waves_constructed_split_v1_40_speed/200c_cap15/run_2026_07_17_204113,hybrid_supplier_customer_kmeans_timing_waves_constructed_split_v1,6948.619566226148,6948.619566226148,8788.619566226149,6441.508644693484,6441.508644693484,1840.0,8281.508644693484,3304.5736810392214,3136.9349636542615,507.1109215326642,7.2980095787296095,507.1109215326651,5.770086163263289,507.1109215326642,7.2980095787296095,-5.770086163263289,ok,60,60,29,31,0.7788888888888889,0.06666666666666667,1.0,"[92.694763004175, 149.44962322615962, 121.19527650065032, 111.92123901958182, 137.58615207116202, 116.49812653998413, 130.36134240729464, 147.13855447341192, 86.72543523410471, 162.3250577076778, 103.36354349145103, 62.889300823834006, 123.47173194382862, 94.28492385836665, 99.62904478016948, 140.46058607026671, 108.03978960938628, 138.42009232531606, 89.60072294905459, 150.30345144508934, 97.10987882049122, 125.99987344253343, 158.6881860674273, 98.27647909150201, 69.25984109581513, 79.77774308706881, 110.87509999145472, 95.548941911475, 102.67888005048898, 46.950589891088924, 63.15196493044999, 106.18455073488724, 81.47355299360254, 94.0704224149689, 94.16131982401836, 112.46504636569237, 103.37597679608632, 140.89152643730483, 154.08762878726938, 176.964631965259, 75.47283660182161, 24.978937901438965, 38.57735224150186, 72.3485353230981, 79.06015825763353, 164.8458471512594, 84.65732255505512, 102.11134180915994, 108.77272446717356, 159.77083769100733, 159.94040302399316, 73.36381964957181, 99.00439818964077, 46.052224587895374, 153.93574665507202, 132.01954835323397, 71.83221358077546, 115.07883142522716, 79.5007454667552, 121.83392758231963]","[11, 13, 14, 10, 14, 15, 15, 14, 11, 15, 13, 10, 14, 15, 13, 14, 15, 15, 11, 14, 11, 10, 14, 3, 2, 7, 2, 1, 6, 12, 12, 11, 11, 15, 11, 12, 12, 15, 12, 15, 12, 6, 11, 15, 11, 12, 11, 12, 12, 12, 15, 15, 11, 11, 15, 11, 11, 15, 11, 12]","[0.7333333333333333, 0.8666666666666667, 0.9333333333333333, 0.6666666666666666, 0.9333333333333333, 1.0, 1.0, 0.9333333333333333, 0.7333333333333333, 1.0, 0.8666666666666667, 0.6666666666666666, 0.9333333333333333, 1.0, 0.8666666666666667, 0.9333333333333333, 1.0, 1.0, 0.7333333333333333, 0.9333333333333333, 0.7333333333333333, 0.6666666666666666, 0.9333333333333333, 0.2, 0.13333333333333333, 0.4666666666666667, 0.13333333333333333, 0.06666666666666667, 0.4, 0.8, 0.8, 0.7333333333333333, 0.7333333333333333, 1.0, 0.7333333333333333, 0.8, 0.8, 1.0, 0.8, 1.0, 0.8, 0.4, 0.7333333333333333, 1.0, 0.7333333333333333, 0.8, 0.7333333333333333, 0.8, 0.8, 0.8, 1.0, 1.0, 0.7333333333333333, 0.7333333333333333, 1.0, 0.7333333333333333, 0.7333333333333333, 1.0, 0.7333333333333333, 0.8]",6,"[2, 3, 4, 5, 6, 7, 8, 9, 10, 11, 12, 13, 14, 15, 16, 17, 18, 19, 20, 21, 22, 23, 24, 25, 26, 27, 28, 29, 30, 31, 32, 33, 34, 35, 36, 37, 38, 39, 40, 41, 42, 43, 44, 45, 46, 47, 48, 49, 50, 51, 52]",50,,165,185,0,185.0,3.3,0.0,3.7,10.0,0.95,0.01,42,hybrid,False,40,ok,,,8.0,08:00,13.0,13:00,0.5,30,"[9.0, 11.0, 13.0, 15.0]","[""09:00"", ""11:00"", ""13:00"", ""15:00""]",18.0,18:00,True,29,29,0,[],[],17.967204651685684,17:58,3.601643977907374,4.967204651685682,0.7402298850574713,"{""11.0"": 9, ""13.0"": 10, ""15.0"": 6, ""9.0"": 4}","{""09:00"": 4, ""11:00"": 9, ""13:00"": 10, ""15:00"": 6}",0,0,0,31,105,29,60,no_infeasible_acceptance_evidence_in_saved_records,"{""all_customers_served_exactly_once"": true, ""duplicate_customers"": [], ""extra_customers"": [], ""missing_customers"": [], ""n_expected_customers"": 200, ""n_served_customers"": 200}","{""all_customers_served_exactly_once"": true, ""duplicate_customers"": [], ""extra_customers"": [], ""missing_customers"": [], ""n_expected_customers"": 131, ""n_served_customers"": 131}","{""all_customers_served_exactly_once"": true, ""duplicate_customers"": [], ""extra_customers"": [], ""missing_customers"": [], ""n_expected_customers"": 69, ""n_served_customers"": 69}",
wave_speed40_split,dispatch_wave,random_regret,random_removal,regret_2_insertion_dispatch_wave_timing_for_depot,case_3_hybrid,kmeans,200c_cap25,200,25,results/lns_timing_waves_split_speed40_random_regret/case3_kmeans,run_2026_07_19_005136,run_2026_07_19_005136,True,1,lns_sa_metrics_best.json,lns_sa_summary_best.json,dispatch_wave_speed40_split_repair,results/hybrid_supplier_customer_kmeans_timing_waves_constructed_split_v1_40_speed,/Users/danishali/Desktop/Desktop - Danish’s MacBook Air/Master Thesis/results/hybrid_supplier_customer_kmeans_timing_waves_constructed_split_v1_40_speed/200c_cap25/run_2026_07_17_204113,hybrid_supplier_customer_kmeans_timing_waves_constructed_split_v1,5108.786388164666,5108.786388164666,6228.786388164666,4784.522183053139,4784.522183053139,1120.0,5904.522183053139,2840.3165262981884,1944.2056567549512,324.2642051115272,6.34718660116105,324.2642051115272,5.2058970223744145,324.2642051115272,6.34718660116105,-5.2058970223744145,ok,40,40,23,17,0.7009999999999998,0.04,1.0,"[157.00341875570717, 228.63330611471278, 73.77836352258662, 147.13846757053346, 185.48127821578822, 144.2976458260385, 149.35208422985494, 111.49528273660619, 101.1153114933645, 108.2749616675958, 138.59119092637297, 131.98401101733225, 67.55949240375828, 150.30345144508934, 122.44638309084962, 140.44501861165958, 125.99987344253341, 98.27647909150201, 69.25984109581513, 79.77774308706881, 95.548941911475, 110.87509999145472, 102.67888005048898, 60.84851001297313, 90.17179775985456, 119.1129082560119, 93.11366811386772, 106.72307280214969, 159.02912594122392, 135.0389611060962, 86.72883229444051, 89.55957968653973, 93.20604301634273, 126.39732836132956, 133.94459645189232, 182.4992514884016, 69.97648788193527, 146.56043460955317, 113.27377992367082, 138.02127904866816]","[25, 23, 14, 25, 25, 20, 23, 14, 11, 16, 23, 22, 4, 14, 13, 19, 10, 3, 2, 7, 1, 2, 6, 23, 24, 22, 21, 22, 22, 22, 22, 25, 21, 24, 22, 23, 21, 22, 22, 21]","[1.0, 0.92, 0.56, 1.0, 1.0, 0.8, 0.92, 0.56, 0.44, 0.64, 0.92, 0.88, 0.16, 0.56, 0.52, 0.76, 0.4, 0.12, 0.08, 0.28, 0.04, 0.08, 0.24, 0.92, 0.96, 0.88, 0.84, 0.88, 0.88, 0.88, 0.88, 1.0, 0.84, 0.96, 0.88, 0.92, 0.84, 0.88, 0.88, 0.84]",5,"[2, 3, 4, 5, 6, 7, 8, 9, 10, 11, 12, 13, 14, 15, 16, 17, 18, 19, 20, 21, 22, 23, 24, 25, 26, 27, 28, 29, 30, 31, 32, 33, 34, 35, 36, 37, 38, 39, 40, 41, 42, 43, 44, 45, 46, 47, 48, 49, 50, 51, 52]",50,,266,84,0,84.0,5.32,0.0,1.68,10.0,0.95,0.01,42,hybrid,False,40,ok,,,8.0,08:00,13.0,13:00,0.5,30,"[9.0, 11.0, 13.0, 15.0]","[""09:00"", ""11:00"", ""13:00"", ""15:00""]",18.0,18:00,True,23,23,0,[],[],17.964779773159325,17:58,4.036575934382088,7.049165986201152,0.5599999999999999,"{""11.0"": 6, ""13.0"": 9, ""15.0"": 6, ""9.0"": 2}","{""09:00"": 2, ""11:00"": 6, ""13:00"": 9, ""15:00"": 6}",0,0,0,33,105,23,40,no_infeasible_acceptance_evidence_in_saved_records,"{""all_customers_served_exactly_once"": true, ""duplicate_customers"": [], ""extra_customers"": [], ""missing_customers"": [], ""n_expected_customers"": 200, ""n_served_customers"": 200}","{""all_customers_served_exactly_once"": true, ""duplicate_customers"": [], ""extra_customers"": [], ""missing_customers"": [], ""n_expected_customers"": 131, ""n_served_customers"": 131}","{""all_customers_served_exactly_once"": true, ""duplicate_customers"": [], ""extra_customers"": [], ""missing_customers"": [], ""n_expected_customers"": 69, ""n_served_customers"": 69}",
wave_speed40_split,dispatch_wave,random_regret,random_removal,regret_2_insertion_dispatch_wave_timing_for_depot,case_3_hybrid,kmeans,200c_cap35,200,35,results/lns_timing_waves_split_speed40_random_regret/case3_kmeans,run_2026_07_19_011303,run_2026_07_19_011303,True,1,lns_sa_metrics_best.json,lns_sa_summary_best.json,dispatch_wave_speed40_split_repair,results/hybrid_supplier_customer_kmeans_timing_waves_constructed_split_v1_40_speed,/Users/danishali/Desktop/Desktop - Danish’s MacBook Air/Master Thesis/results/hybrid_supplier_customer_kmeans_timing_waves_constructed_split_v1_40_speed/200c_cap35/run_2026_07_17_204114,hybrid_supplier_customer_kmeans_timing_waves_constructed_split_v1,4577.251332265938,4577.251332265938,5457.251332265938,4123.957058355043,4123.957058355043,880.0,5003.957058355043,2652.142399502427,1471.8146588526167,453.29427391089484,9.903198251656733,453.29427391089484,8.306274465146904,453.29427391089484,9.903198251656733,-8.306274465146904,ok,33,33,20,13,0.6069264069264069,0.02857142857142857,1.0,"[157.00341875570717, 228.63330611471278, 179.21364597203169, 164.77849770496803, 178.68258834213069, 157.43762160755628, 138.532872418539, 108.2749616675958, 93.39970130009964, 149.74727083761047, 150.30345144508937, 131.98401101733225, 131.73419364871603, 125.99987344253343, 69.25984109581513, 79.77774308706883, 98.27647909150201, 95.548941911475, 102.67888005048898, 110.87509999145472, 102.55432797317303, 83.29390135690022, 129.86659764159882, 161.16721273033727, 103.23150668631689, 11.20318023034523, 96.69812942080638, 93.3065478737665, 138.77972926160402, 182.8304152647021, 69.97648788193527, 155.50982952072917, 143.39679301040184]","[25, 23, 35, 29, 26, 31, 21, 16, 13, 14, 14, 22, 22, 10, 2, 7, 3, 1, 6, 2, 34, 23, 33, 33, 33, 6, 31, 31, 34, 35, 21, 33, 32]","[0.7142857142857143, 0.6571428571428571, 1.0, 0.8285714285714286, 0.7428571428571429, 0.8857142857142857, 0.6, 0.45714285714285713, 0.37142857142857144, 0.4, 0.4, 0.6285714285714286, 0.6285714285714286, 0.2857142857142857, 0.05714285714285714, 0.2, 0.08571428571428572, 0.02857142857142857, 0.17142857142857143, 0.05714285714285714, 0.9714285714285714, 0.6571428571428571, 0.9428571428571428, 0.9428571428571428, 0.9428571428571428, 0.17142857142857143, 0.8857142857142857, 0.8857142857142857, 0.9714285714285714, 1.0, 0.6, 0.9428571428571428, 0.9142857142857143]",13,"[2, 3, 4, 5, 6, 7, 8, 9, 10, 11, 12, 13, 14, 15, 16, 17, 18, 19, 20, 21, 22, 23, 24, 25, 26, 27, 28, 29, 30, 31, 32, 33, 34, 35, 36, 37, 38, 39, 40, 41, 42, 43, 44, 45, 46, 47, 48, 49, 50, 51, 52]",50,,189,161,0,161.0,3.78,0.0,3.22,10.0,0.95,0.01,42,hybrid,False,40,ok,,,8.0,08:00,13.0,13:00,0.5,30,"[9.0, 11.0, 13.0, 15.0]","[""09:00"", ""11:00"", ""13:00"", ""15:00""]",18.0,18:00,True,20,20,0,[],[],17.963321810463476,17:58,4.4068446660447,7.049165986201152,0.45999999999999996,"{""11.0"": 4, ""13.0"": 8, ""15.0"": 6, ""9.0"": 2}","{""09:00"": 2, ""11:00"": 4, ""13:00"": 8, ""15:00"": 6}",0,0,0,33,105,20,33,no_infeasible_acceptance_evidence_in_saved_records,"{""all_customers_served_exactly_once"": true, ""duplicate_customers"": [], ""extra_customers"": [], ""missing_customers"": [], ""n_expected_customers"": 200, ""n_served_customers"": 200}","{""all_customers_served_exactly_once"": true, ""duplicate_customers"": [], ""extra_customers"": [], ""missing_customers"": [], ""n_expected_customers"": 131, ""n_served_customers"": 131}","{""all_customers_served_exactly_once"": true, ""duplicate_customers"": [], ""extra_customers"": [], ""missing_customers"": [], ""n_expected_customers"": 69, ""n_served_customers"": 69}",
wave_speed40_split,dispatch_wave,related_regret,shaw_related_removal,regret_2_insertion_dispatch_wave_timing_for_depot,case_3_hybrid,kmeans,20c_cap15,20,15,results/lns_timing_waves_split_speed40_related_regret/case3_kmeans,run_2026_07_19_021603,run_2026_07_19_021603,True,1,lns_sa_metrics_best.json,lns_sa_summary_best.json,dispatch_wave_speed40_split_repair,results/hybrid_supplier_customer_kmeans_timing_waves_constructed_split_v1_40_speed,/Users/danishali/Desktop/Desktop - Danish’s MacBook Air/Master Thesis/results/hybrid_supplier_customer_kmeans_timing_waves_constructed_split_v1_40_speed/20c_cap15/run_2026_07_17_204103,hybrid_supplier_customer_kmeans_timing_waves_constructed_split_v1,115.58790101324328,115.58790101324328,139.58790101324328,111.0444794457134,111.0444794457134,24.0,135.04447944571342,62.00655413883443,49.037925306878975,4.543421567529876,3.9307068713094124,4.543421567529862,3.254882073983481,4.543421567529876,3.9307068713094124,-3.254882073983481,ok,8,8,3,5,0.5583333333333332,0.3333333333333333,0.8,"[16.19602191905028, 25.677099446901437, 20.133432772882713, 9.416131982401836, 8.035406163987215, 10.199644453814301, 16.30873694921756, 5.078005757458056]","[9, 10, 8, 11, 6, 6, 12, 5]","[0.6, 0.6666666666666666, 0.5333333333333333, 0.7333333333333333, 0.4, 0.4, 0.8, 0.3333333333333333]",2,"[2, 3, 4, 5]",50,,290,10,0,10.0,5.8,0.0,0.2,10.0,0.95,0.01,42,hybrid,False,40,ok,,,8.0,08:00,13.0,13:00,0.5,30,"[9.0, 11.0, 13.0, 15.0]","[""09:00"", ""11:00"", ""13:00"", ""15:00""]",18.0,18:00,True,3,3,0,[],[],14.170002485988734,14:10,1.238943506712509,1.4752608195058692,0.6,"{""11.0"": 1, ""13.0"": 1, ""9.0"": 1}","{""09:00"": 1, ""11:00"": 1, ""13:00"": 1}",0,0,0,0,0,3,8,no_infeasible_acceptance_evidence_in_saved_records,"{""all_customers_served_exactly_once"": true, ""duplicate_customers"": [], ""extra_customers"": [], ""missing_customers"": [], ""n_expected_customers"": 20, ""n_served_customers"": 20}","{""all_customers_served_exactly_once"": true, ""duplicate_customers"": [], ""extra_customers"": [], ""missing_customers"": [], ""n_expected_customers"": 13, ""n_served_customers"": 13}","{""all_customers_served_exactly_once"": true, ""duplicate_customers"": [], ""extra_customers"": [], ""missing_customers"": [], ""n_expected_customers"": 7, ""n_served_customers"": 7}",
wave_speed40_split,dispatch_wave,related_regret,shaw_related_removal,regret_2_insertion_dispatch_wave_timing_for_depot,case_3_hybrid,kmeans,20c_cap25,20,25,results/lns_timing_waves_split_speed40_related_regret/case3_kmeans,run_2026_07_19_021604,run_2026_07_19_021604,True,1,lns_sa_metrics_best.json,lns_sa_summary_best.json,dispatch_wave_speed40_split_repair,results/hybrid_supplier_customer_kmeans_timing_waves_constructed_split_v1_40_speed,/Users/danishali/Desktop/Desktop - Danish’s MacBook Air/Master Thesis/results/hybrid_supplier_customer_kmeans_timing_waves_constructed_split_v1_40_speed/20c_cap25/run_2026_07_17_204104,hybrid_supplier_customer_kmeans_timing_waves_constructed_split_v1,98.23786144998746,98.23786144998746,122.23786144998746,93.69443988245759,93.69443988245759,24.0,117.69443988245759,62.00655413883443,31.687885743623156,4.543421567529876,4.624919048999163,4.543421567529876,3.7168693182584653,4.543421567529876,4.624919048999163,-3.7168693182584653,ok,6,6,3,3,0.44666666666666677,0.2,0.72,"[16.19602191905028, 25.677099446901437, 20.133432772882713, 10.171703841593862, 16.438176144571237, 5.078005757458056]","[9, 10, 8, 17, 18, 5]","[0.36, 0.4, 0.32, 0.68, 0.72, 0.2]",2,"[2, 3, 4, 5]",50,,300,0,0,0.0,6.0,0.0,0.0,10.0,0.95,0.01,42,hybrid,False,40,ok,,,8.0,08:00,13.0,13:00,0.5,30,"[9.0, 11.0, 13.0, 15.0]","[""09:00"", ""11:00"", ""13:00"", ""15:00""]",18.0,18:00,True,3,3,0,[],[],14.170002485988734,14:10,1.238943506712509,1.4752608195058692,0.36000000000000004,"{""11.0"": 1, ""13.0"": 1, ""9.0"": 1}","{""09:00"": 1, ""11:00"": 1, ""13:00"": 1}",0,0,0,0,0,3,6,no_infeasible_acceptance_evidence_in_saved_records,"{""all_customers_served_exactly_once"": true, ""duplicate_customers"": [], ""extra_customers"": [], ""missing_customers"": [], ""n_expected_customers"": 20, ""n_served_customers"": 20}","{""all_customers_served_exactly_once"": true, ""duplicate_customers"": [], ""extra_customers"": [], ""missing_customers"": [], ""n_expected_customers"": 13, ""n_served_customers"": 13}","{""all_customers_served_exactly_once"": true, ""duplicate_customers"": [], ""extra_customers"": [], ""missing_customers"": [], ""n_expected_customers"": 7, ""n_served_customers"": 7}",
wave_speed40_split,dispatch_wave,related_regret,shaw_related_removal,regret_2_insertion_dispatch_wave_timing_for_depot,case_3_hybrid,kmeans,20c_cap35,20,35,results/lns_timing_waves_split_speed40_related_regret/case3_kmeans,run_2026_07_19_021604,run_2026_07_19_021604,True,1,lns_sa_metrics_best.json,lns_sa_summary_best.json,dispatch_wave_speed40_split_repair,results/hybrid_supplier_customer_kmeans_timing_waves_constructed_split_v1_40_speed,/Users/danishali/Desktop/Desktop - Danish’s MacBook Air/Master Thesis/results/hybrid_supplier_customer_kmeans_timing_waves_constructed_split_v1_40_speed/20c_cap35/run_2026_07_17_204104,hybrid_supplier_customer_kmeans_timing_waves_constructed_split_v1,98.23786144998746,98.23786144998746,122.23786144998746,93.69443988245759,93.69443988245759,24.0,117.69443988245759,62.00655413883443,31.687885743623156,4.543421567529876,4.624919048999163,4.543421567529876,3.7168693182584653,4.543421567529876,4.624919048999163,-3.7168693182584653,ok,6,6,3,3,0.319047619047619,0.14285714285714285,0.5142857142857142,"[16.19602191905028, 25.677099446901437, 20.133432772882713, 10.171703841593862, 16.438176144571237, 5.078005757458056]","[9, 10, 8, 17, 18, 5]","[0.2571428571428571, 0.2857142857142857, 0.22857142857142856, 0.4857142857142857, 0.5142857142857142, 0.14285714285714285]",2,"[2, 3, 4, 5]",50,,300,0,0,0.0,6.0,0.0,0.0,10.0,0.95,0.01,42,hybrid,False,40,ok,,,8.0,08:00,13.0,13:00,0.5,30,"[9.0, 11.0, 13.0, 15.0]","[""09:00"", ""11:00"", ""13:00"", ""15:00""]",18.0,18:00,True,3,3,0,[],[],14.170002485988734,14:10,1.238943506712509,1.4752608195058692,0.2571428571428571,"{""11.0"": 1, ""13.0"": 1, ""9.0"": 1}","{""09:00"": 1, ""11:00"": 1, ""13:00"": 1}",0,0,0,0,0,3,6,no_infeasible_acceptance_evidence_in_saved_records,"{""all_customers_served_exactly_once"": true, ""duplicate_customers"": [], ""extra_customers"": [], ""missing_customers"": [], ""n_expected_customers"": 20, ""n_served_customers"": 20}","{""all_customers_served_exactly_once"": true, ""duplicate_customers"": [], ""extra_customers"": [], ""missing_customers"": [], ""n_expected_customers"": 13, ""n_served_customers"": 13}","{""all_customers_served_exactly_once"": true, ""duplicate_customers"": [], ""extra_customers"": [], ""missing_customers"": [], ""n_expected_customers"": 7, ""n_served_customers"": 7}",
wave_speed40_split,dispatch_wave,related_regret,shaw_related_removal,regret_2_insertion_dispatch_wave_timing_for_depot,case_3_hybrid,kmeans,40c_cap15,40,15,results/lns_timing_waves_split_speed40_related_regret/case3_kmeans,run_2026_07_19_021605,run_2026_07_19_021605,True,1,lns_sa_metrics_best.json,lns_sa_summary_best.json,dispatch_wave_speed40_split_repair,results/hybrid_supplier_customer_kmeans_timing_waves_constructed_split_v1_40_speed,/Users/danishali/Desktop/Desktop - Danish’s MacBook Air/Master Thesis/results/hybrid_supplier_customer_kmeans_timing_waves_constructed_split_v1_40_speed/40c_cap15/run_2026_07_17_204104,hybrid_supplier_customer_kmeans_timing_waves_constructed_split_v1,366.0353041541975,366.0353041541975,462.0353041541975,350.03980625415386,350.03980625415386,96.0,446.03980625415386,179.4250639507286,170.61474230342532,15.995497900043631,4.369933096209022,15.995497900043631,3.4619644335025463,15.995497900043631,4.369933096209022,-3.4619644335025463,ok,14,14,6,8,0.6666666666666666,0.2,0.8,"[34.23888333100027, 28.20339761273361, 35.99907972469305, 41.56580624302594, 24.716335243977184, 14.701561795298565, 6.3934522483934, 18.580697466932477, 22.706444254450606, 30.817525757453872, 22.311657116469387, 32.61747389843512, 11.969191387312788, 25.218300173977656]","[10, 10, 11, 12, 9, 3, 6, 12, 11, 12, 11, 12, 10, 11]","[0.6666666666666666, 0.6666666666666666, 0.7333333333333333, 0.8, 0.6, 0.2, 0.4, 0.8, 0.7333333333333333, 0.8, 0.7333333333333333, 0.8, 0.6666666666666666, 0.7333333333333333]",2,"[2, 3, 4, 5, 6, 7, 8, 9, 10]",50,,328,22,0,22.0,6.56,0.0,0.44,10.0,0.95,0.01,42,hybrid,False,40,ok,,,8.0,08:00,13.0,13:00,0.5,30,"[9.0, 11.0, 13.0, 15.0]","[""09:00"", ""11:00"", ""13:00"", ""15:00""]",18.0,18:00,True,6,6,0,[],[],15.53420571154913,15:32,1.4420488775724802,2.0391451560756484,0.611111111111111,"{""11.0"": 2, ""13.0"": 2, ""15.0"": 1, ""9.0"": 1}","{""09:00"": 1, ""11:00"": 2, ""13:00"": 2, ""15:00"": 1}",0,0,0,28,105,6,14,no_infeasible_acceptance_evidence_in_saved_records,"{""all_customers_served_exactly_once"": true, ""duplicate_customers"": [], ""extra_customers"": [], ""missing_customers"": [], ""n_expected_customers"": 40, ""n_served_customers"": 40}","{""all_customers_served_exactly_once"": true, ""duplicate_customers"": [], ""extra_customers"": [], ""missing_customers"": [], ""n_expected_customers"": 25, ""n_served_customers"": 25}","{""all_customers_served_exactly_once"": true, ""duplicate_customers"": [], ""extra_customers"": [], ""missing_customers"": [], ""n_expected_customers"": 15, ""n_served_customers"": 15}",
wave_speed40_split,dispatch_wave,related_regret,shaw_related_removal,regret_2_insertion_dispatch_wave_timing_for_depot,case_3_hybrid,kmeans,40c_cap25,40,25,results/lns_timing_waves_split_speed40_related_regret/case3_kmeans,run_2026_07_19_021608,run_2026_07_19_021608,True,2,lns_sa_metrics_best.json,lns_sa_summary_best.json,dispatch_wave_speed40_split_repair,results/hybrid_supplier_customer_kmeans_timing_waves_constructed_split_v1_40_speed,/Users/danishali/Desktop/Desktop - Danish’s MacBook Air/Master Thesis/results/hybrid_supplier_customer_kmeans_timing_waves_constructed_split_v1_40_speed/40c_cap25/run_2026_07_17_204105,hybrid_supplier_customer_kmeans_timing_waves_constructed_split_v1,304.4975153824383,304.4975153824383,352.4975153824383,280.45124594371805,280.45124594371805,48.0,328.45124594371805,168.6232329029921,111.82801304072598,24.04626943872023,7.8970330541183404,24.04626943872023,6.821684803262087,24.04626943872023,7.8970330541183404,-6.821684803262087,ok,8,8,4,4,0.7000000000000001,0.12,0.96,"[34.23888333100027, 60.269050166630954, 59.4137376100623, 14.701561795298565, 20.343407683187724, 31.547054189827374, 34.02535239499606, 25.912198772714817]","[10, 21, 21, 3, 17, 24, 23, 21]","[0.4, 0.84, 0.84, 0.12, 0.68, 0.96, 0.92, 0.84]",4,"[2, 3, 4, 5, 6, 7, 8, 9, 10]",50,,350,0,0,0.0,7.0,0.0,0.0,10.0,0.95,0.01,42,hybrid,False,40,ok,,,8.0,08:00,13.0,13:00,0.5,30,"[9.0, 11.0, 13.0, 15.0]","[""09:00"", ""11:00"", ""13:00"", ""15:00""]",18.0,18:00,True,4,4,0,[],[],16.152010106918226,16:09,2.095561872310367,3.1520101069182243,0.55,"{""11.0"": 1, ""13.0"": 1, ""15.0"": 1, ""9.0"": 1}","{""09:00"": 1, ""11:00"": 1, ""13:00"": 1, ""15:00"": 1}",0,0,0,26,105,4,8,no_infeasible_acceptance_evidence_in_saved_records,"{""all_customers_served_exactly_once"": true, ""duplicate_customers"": [], ""extra_customers"": [], ""missing_customers"": [], ""n_expected_customers"": 40, ""n_served_customers"": 40}","{""all_customers_served_exactly_once"": true, ""duplicate_customers"": [], ""extra_customers"": [], ""missing_customers"": [], ""n_expected_customers"": 25, ""n_served_customers"": 25}","{""all_customers_served_exactly_once"": true, ""duplicate_customers"": [], ""extra_customers"": [], ""missing_customers"": [], ""n_expected_customers"": 15, ""n_served_customers"": 15}",
wave_speed40_split,dispatch_wave,related_regret,shaw_related_removal,regret_2_insertion_dispatch_wave_timing_for_depot,case_3_hybrid,kmeans,40c_cap35,40,35,results/lns_timing_waves_split_speed40_related_regret/case3_kmeans,run_2026_07_19_021612,run_2026_07_19_021612,True,1,lns_sa_metrics_best.json,lns_sa_summary_best.json,dispatch_wave_speed40_split_repair,results/hybrid_supplier_customer_kmeans_timing_waves_constructed_split_v1_40_speed,/Users/danishali/Desktop/Desktop - Danish’s MacBook Air/Master Thesis/results/hybrid_supplier_customer_kmeans_timing_waves_constructed_split_v1_40_speed/40c_cap35/run_2026_07_17_204106,hybrid_supplier_customer_kmeans_timing_waves_constructed_split_v1,301.7402549291218,301.7402549291218,349.7402549291218,267.2526072561921,267.2526072561921,48.0,315.2526072561921,168.6232329029921,98.62937435320002,34.48764767292971,11.429581273811408,34.48764767292971,9.860931701990943,34.48764767292971,11.429581273811408,-9.860931701990943,ok,8,8,4,4,0.49999999999999994,0.08571428571428572,1.0,"[34.23888333100027, 60.269050166630954, 59.4137376100623, 14.701561795298565, 32.29837093709574, 6.3934522483934, 34.02535239499606, 25.912198772714817]","[10, 21, 21, 3, 35, 6, 23, 21]","[0.2857142857142857, 0.6, 0.6, 0.08571428571428572, 1.0, 0.17142857142857143, 0.6571428571428571, 0.6]",4,"[2, 3, 4, 5, 6, 7, 8, 9, 10]",50,,350,0,0,0.0,7.0,0.0,0.0,10.0,0.95,0.01,42,hybrid,False,40,ok,,,8.0,08:00,13.0,13:00,0.5,30,"[9.0, 11.0, 13.0, 15.0]","[""09:00"", ""11:00"", ""13:00"", ""15:00""]",18.0,18:00,True,4,4,0,[],[],16.152010106918226,16:09,2.095561872310367,3.1520101069182243,0.39285714285714285,"{""11.0"": 1, ""13.0"": 1, ""15.0"": 1, ""9.0"": 1}","{""09:00"": 1, ""11:00"": 1, ""13:00"": 1, ""15:00"": 1}",0,0,0,26,105,4,8,no_infeasible_acceptance_evidence_in_saved_records,"{""all_customers_served_exactly_once"": true, ""duplicate_customers"": [], ""extra_customers"": [], ""missing_customers"": [], ""n_expected_customers"": 40, ""n_served_customers"": 40}","{""all_customers_served_exactly_once"": true, ""duplicate_customers"": [], ""extra_customers"": [], ""missing_customers"": [], ""n_expected_customers"": 25, ""n_served_customers"": 25}","{""all_customers_served_exactly_once"": true, ""duplicate_customers"": [], ""extra_customers"": [], ""missing_customers"": [], ""n_expected_customers"": 15, ""n_served_customers"": 15}",
wave_speed40_split,dispatch_wave,related_regret,shaw_related_removal,regret_2_insertion_dispatch_wave_timing_for_depot,case_3_hybrid,kmeans,60c_cap15,60,15,results/lns_timing_waves_split_speed40_related_regret/case3_kmeans,run_2026_07_19_021615,run_2026_07_19_021615,True,1,lns_sa_metrics_best.json,lns_sa_summary_best.json,dispatch_wave_speed40_split_repair,results/hybrid_supplier_customer_kmeans_timing_waves_constructed_split_v1_40_speed,/Users/danishali/Desktop/Desktop - Danish’s MacBook Air/Master Thesis/results/hybrid_supplier_customer_kmeans_timing_waves_constructed_split_v1_40_speed/60c_cap15/run_2026_07_17_204106,hybrid_supplier_customer_kmeans_timing_waves_constructed_split_v1,774.5622095668546,774.5622095668546,966.5622095668546,739.5036895440435,739.5036895440435,192.0,931.5036895440435,346.331600895179,393.1720886488644,35.05852002281108,4.5262368328576565,35.05852002281108,3.6271353955087746,35.05852002281108,4.5262368328576565,-3.6271353955087746,ok,19,19,7,12,0.7789473684210525,0.26666666666666666,1.0,"[51.955809606776945, 44.49761717556699, 61.078634587585455, 49.70658629724643, 47.74071174692759, 54.60556191840188, 36.746679562673734, 24.50295060620958, 29.75696418926369, 28.24839594720551, 33.739067334601195, 46.226288636180804, 47.116041620992824, 22.31206296120649, 32.778343619273066, 36.30411605764523, 36.050164569880934, 13.815667376368612, 42.322025730036565]","[14, 12, 15, 13, 12, 13, 4, 12, 11, 11, 11, 12, 11, 11, 11, 12, 15, 11, 11]","[0.9333333333333333, 0.8, 1.0, 0.8666666666666667, 0.8, 0.8666666666666667, 0.26666666666666666, 0.8, 0.7333333333333333, 0.7333333333333333, 0.7333333333333333, 0.8, 0.7333333333333333, 0.7333333333333333, 0.7333333333333333, 0.8, 1.0, 0.7333333333333333, 0.7333333333333333]",4,"[2, 3, 4, 5, 6, 7, 8, 9, 10, 11, 12, 13, 14]",50,,287,63,0,63.0,5.74,0.0,1.26,10.0,0.95,0.01,42,hybrid,False,40,ok,,,8.0,08:00,13.0,13:00,0.5,30,"[9.0, 11.0, 13.0, 15.0]","[""09:00"", ""11:00"", ""13:00"", ""15:00""]",18.0,18:00,True,7,7,0,[],[],16.25200032240018,16:15,2.0702319079589726,2.5269658646896365,0.7904761904761906,"{""11.0"": 2, ""13.0"": 3, ""15.0"": 1, ""9.0"": 1}","{""09:00"": 1, ""11:00"": 2, ""13:00"": 3, ""15:00"": 1}",0,0,0,26,105,7,19,no_infeasible_acceptance_evidence_in_saved_records,"{""all_customers_served_exactly_once"": true, ""duplicate_customers"": [], ""extra_customers"": [], ""missing_customers"": [], ""n_expected_customers"": 60, ""n_served_customers"": 60}","{""all_customers_served_exactly_once"": true, ""duplicate_customers"": [], ""extra_customers"": [], ""missing_customers"": [], ""n_expected_customers"": 35, ""n_served_customers"": 35}","{""all_customers_served_exactly_once"": true, ""duplicate_customers"": [], ""extra_customers"": [], ""missing_customers"": [], ""n_expected_customers"": 25, ""n_served_customers"": 25}",
wave_speed40_split,dispatch_wave,related_regret,shaw_related_removal,regret_2_insertion_dispatch_wave_timing_for_depot,case_3_hybrid,kmeans,60c_cap25,60,25,results/lns_timing_waves_split_speed40_related_regret/case3_kmeans,run_2026_07_19_021622,run_2026_07_19_021622,True,1,lns_sa_metrics_best.json,lns_sa_summary_best.json,dispatch_wave_speed40_split_repair,results/hybrid_supplier_customer_kmeans_timing_waves_constructed_split_v1_40_speed,/Users/danishali/Desktop/Desktop - Danish’s MacBook Air/Master Thesis/results/hybrid_supplier_customer_kmeans_timing_waves_constructed_split_v1_40_speed/60c_cap25/run_2026_07_17_204106,hybrid_supplier_customer_kmeans_timing_waves_constructed_split_v1,614.4171214434904,614.4171214434904,734.4171214434904,581.8683147696075,581.8683147696075,120.0,701.8683147696075,321.72523417918376,260.1430805904237,32.54880667388284,5.297509710897019,32.54880667388284,4.431923728835248,32.54880667388284,5.297509710897019,-4.431923728835248,ok,13,13,6,7,0.683076923076923,0.16,1.0,"[51.955809606776945, 96.05349515590233, 8.994631029021724, 73.36905690640712, 54.60556191840188, 36.746679562673734, 29.75696418926369, 29.35277401341159, 47.68997326719941, 47.20977877151568, 41.656614684559116, 18.642369142622766, 45.83460652185147]","[14, 23, 4, 25, 13, 4, 11, 23, 23, 22, 23, 16, 21]","[0.56, 0.92, 0.16, 1.0, 0.52, 0.16, 0.44, 0.92, 0.92, 0.88, 0.92, 0.64, 0.84]",5,"[2, 3, 4, 5, 6, 7, 8, 9, 10, 11, 12, 13, 14]",50,,258,92,0,92.0,5.16,0.0,1.84,10.0,0.95,0.01,42,hybrid,False,40,ok,,,8.0,08:00,13.0,13:00,0.5,30,"[9.0, 11.0, 13.0, 15.0]","[""09:00"", ""11:00"", ""13:00"", ""15:00""]",18.0,18:00,True,6,6,0,[],[],16.33422642266018,16:20,2.3127440313021546,4.068004045564225,0.5533333333333333,"{""11.0"": 2, ""13.0"": 2, ""15.0"": 1, ""9.0"": 1}","{""09:00"": 1, ""11:00"": 2, ""13:00"": 2, ""15:00"": 1}",0,0,0,30,105,6,13,no_infeasible_acceptance_evidence_in_saved_records,"{""all_customers_served_exactly_once"": true, ""duplicate_customers"": [], ""extra_customers"": [], ""missing_customers"": [], ""n_expected_customers"": 60, ""n_served_customers"": 60}","{""all_customers_served_exactly_once"": true, ""duplicate_customers"": [], ""extra_customers"": [], ""missing_customers"": [], ""n_expected_customers"": 35, ""n_served_customers"": 35}","{""all_customers_served_exactly_once"": true, ""duplicate_customers"": [], ""extra_customers"": [], ""missing_customers"": [], ""n_expected_customers"": 25, ""n_served_customers"": 25}",
wave_speed40_split,dispatch_wave,related_regret,shaw_related_removal,regret_2_insertion_dispatch_wave_timing_for_depot,case_3_hybrid,kmeans,60c_cap35,60,35,results/lns_timing_waves_split_speed40_related_regret/case3_kmeans,run_2026_07_19_021631,run_2026_07_19_021631,True,1,lns_sa_metrics_best.json,lns_sa_summary_best.json,dispatch_wave_speed40_split_repair,results/hybrid_supplier_customer_kmeans_timing_waves_constructed_split_v1_40_speed,/Users/danishali/Desktop/Desktop - Danish’s MacBook Air/Master Thesis/results/hybrid_supplier_customer_kmeans_timing_waves_constructed_split_v1_40_speed/60c_cap35/run_2026_07_17_204107,hybrid_supplier_customer_kmeans_timing_waves_constructed_split_v1,559.6834867460417,559.6834867460417,631.6834867460417,525.8607741259917,525.8607741259917,72.0,597.8607741259917,313.37566866869724,212.48510545729445,33.82271262004997,6.043185732831375,33.82271262004997,5.354376571450229,33.82271262004997,6.043185732831375,-5.354376571450229,ok,11,11,5,6,0.5766233766233767,0.11428571428571428,1.0,"[51.955809606776945, 96.69856067443756, 73.36905690640712, 54.60556191840188, 36.746679562673734, 37.2673459057441, 47.442352964821204, 22.31206296120649, 50.165342469721445, 8.021461398046371, 47.27653975775484]","[14, 27, 25, 13, 4, 22, 35, 11, 34, 5, 32]","[0.4, 0.7714285714285715, 0.7142857142857143, 0.37142857142857144, 0.11428571428571428, 0.6285714285714286, 1.0, 0.3142857142857143, 0.9714285714285714, 0.14285714285714285, 0.9142857142857143]",5,"[2, 3, 4, 5, 6, 7, 8, 9, 10, 11, 12, 13, 14]",50,,303,47,0,47.0,6.06,0.0,0.94,10.0,0.95,0.01,42,hybrid,False,40,ok,,,8.0,08:00,13.0,13:00,0.5,30,"[9.0, 11.0, 13.0, 15.0]","[""09:00"", ""11:00"", ""13:00"", ""15:00""]",18.0,18:00,True,5,5,0,[],[],16.33422642266018,16:20,2.733545010010153,4.250797350194272,0.4742857142857143,"{""11.0"": 1, ""13.0"": 2, ""15.0"": 1, ""9.0"": 1}","{""09:00"": 1, ""11:00"": 1, ""13:00"": 2, ""15:00"": 1}",0,0,0,27,105,5,11,no_infeasible_acceptance_evidence_in_saved_records,"{""all_customers_served_exactly_once"": true, ""duplicate_customers"": [], ""extra_customers"": [], ""missing_customers"": [], ""n_expected_customers"": 60, ""n_served_customers"": 60}","{""all_customers_served_exactly_once"": true, ""duplicate_customers"": [], ""extra_customers"": [], ""missing_customers"": [], ""n_expected_customers"": 35, ""n_served_customers"": 35}","{""all_customers_served_exactly_once"": true, ""duplicate_customers"": [], ""extra_customers"": [], ""missing_customers"": [], ""n_expected_customers"": 25, ""n_served_customers"": 25}",
wave_speed40_split,dispatch_wave,related_regret,shaw_related_removal,regret_2_insertion_dispatch_wave_timing_for_depot,case_3_hybrid,kmeans,80c_cap15,80,15,results/lns_timing_waves_split_speed40_related_regret/case3_kmeans,run_2026_07_19_021643,run_2026_07_19_021643,True,1,lns_sa_metrics_best.json,lns_sa_summary_best.json,dispatch_wave_speed40_split_repair,results/hybrid_supplier_customer_kmeans_timing_waves_constructed_split_v1_40_speed,/Users/danishali/Desktop/Desktop - Danish’s MacBook Air/Master Thesis/results/hybrid_supplier_customer_kmeans_timing_waves_constructed_split_v1_40_speed/80c_cap15/run_2026_07_17_204107,hybrid_supplier_customer_kmeans_timing_waves_constructed_split_v1,1219.7653021673277,1219.7653021673277,1507.7653021673277,1177.8179103282794,1177.8179103282794,288.0,1465.8179103282794,588.1741388854367,589.6437714428426,41.94739183904835,3.43897237972867,41.94739183904835,2.782090274842599,41.94739183904835,3.43897237972867,-2.782090274842599,ok,24,24,10,14,0.7805555555555558,0.26666666666666666,1.0,"[55.80344538221033, 54.05814894587847, 70.45170246418516, 64.56327348968631, 53.05617454181185, 44.33196401094924, 43.86714682804203, 85.1433391642691, 67.90337130817258, 48.995572750231645, 37.161394933864955, 61.635051514907744, 48.17041153713153, 51.39825526222569, 28.02601852269656, 65.23494779687024, 29.837116540342556, 49.31391083982634, 41.83353428060418, 30.441921693511365, 33.88133734875068, 37.85961369690399, 56.42936764004875, 18.42088983515815]","[9, 11, 14, 14, 15, 12, 14, 15, 12, 4, 12, 12, 12, 15, 12, 12, 10, 11, 11, 11, 11, 10, 11, 11]","[0.6, 0.7333333333333333, 0.9333333333333333, 0.9333333333333333, 1.0, 0.8, 0.9333333333333333, 1.0, 0.8, 0.26666666666666666, 0.8, 0.8, 0.8, 1.0, 0.8, 0.8, 0.6666666666666666, 0.7333333333333333, 0.7333333333333333, 0.7333333333333333, 0.7333333333333333, 0.6666666666666666, 0.7333333333333333, 0.7333333333333333]",2,"[2, 3, 4, 5, 6, 7, 8, 9, 10, 11, 12, 13, 14, 15, 16, 17, 18, 19, 20]",50,,335,15,0,15.0,6.7,0.0,0.3,10.0,0.95,0.01,42,hybrid,False,40,ok,,,8.0,08:00,13.0,13:00,0.5,30,"[9.0, 11.0, 13.0, 15.0]","[""09:00"", ""11:00"", ""13:00"", ""15:00""]",18.0,18:00,True,10,10,0,[],[],16.558222652089125,16:33,2.320435347213592,3.1285834791067275,0.8,"{""11.0"": 3, ""13.0"": 4, ""15.0"": 1, ""9.0"": 2}","{""09:00"": 2, ""11:00"": 3, ""13:00"": 4, ""15:00"": 1}",0,0,0,22,105,10,24,no_infeasible_acceptance_evidence_in_saved_records,"{""all_customers_served_exactly_once"": true, ""duplicate_customers"": [], ""extra_customers"": [], ""missing_customers"": [], ""n_expected_customers"": 80, ""n_served_customers"": 80}","{""all_customers_served_exactly_once"": true, ""duplicate_customers"": [], ""extra_customers"": [], ""missing_customers"": [], ""n_expected_customers"": 51, ""n_served_customers"": 51}","{""all_customers_served_exactly_once"": true, ""duplicate_customers"": [], ""extra_customers"": [], ""missing_customers"": [], ""n_expected_customers"": 29, ""n_served_customers"": 29}",
wave_speed40_split,dispatch_wave,related_regret,shaw_related_removal,regret_2_insertion_dispatch_wave_timing_for_depot,case_3_hybrid,kmeans,80c_cap25,80,25,results/lns_timing_waves_split_speed40_related_regret/case3_kmeans,run_2026_07_19_021701,run_2026_07_19_021701,True,1,lns_sa_metrics_best.json,lns_sa_summary_best.json,dispatch_wave_speed40_split_repair,results/hybrid_supplier_customer_kmeans_timing_waves_constructed_split_v1_40_speed,/Users/danishali/Desktop/Desktop - Danish’s MacBook Air/Master Thesis/results/hybrid_supplier_customer_kmeans_timing_waves_constructed_split_v1_40_speed/80c_cap25/run_2026_07_17_204108,hybrid_supplier_customer_kmeans_timing_waves_constructed_split_v1,956.9299630247157,956.9299630247157,1148.9299630247156,887.5564172239457,887.5564172239457,192.0,1079.5564172239456,501.9301923193328,385.62622490461297,69.37354580076999,7.249594900497248,69.37354580076999,6.038100496407512,69.37354580076999,7.249594900497248,-6.038100496407512,ok,15,15,7,8,0.7493333333333333,0.16,0.96,"[95.42430905367486, 74.29696542742315, 83.4957563145265, 45.00541032211405, 79.71120698981318, 75.00097146154938, 48.995572750231645, 37.48118490559597, 48.76281892492671, 62.926856803136765, 45.68458126548884, 65.94267076491472, 30.441921693511365, 61.11280869580197, 33.273381851236635]","[20, 20, 23, 14, 24, 15, 4, 17, 22, 24, 21, 23, 11, 21, 22]","[0.8, 0.8, 0.92, 0.56, 0.96, 0.6, 0.16, 0.68, 0.88, 0.96, 0.84, 0.92, 0.44, 0.84, 0.88]",5,"[2, 3, 4, 5, 6, 7, 8, 9, 10, 11, 12, 13, 14, 15, 16, 17, 18, 19, 20]",50,,315,35,0,35.0,6.3,0.0,0.7,10.0,0.95,0.01,42,hybrid,False,40,ok,,,8.0,08:00,13.0,13:00,0.5,30,"[9.0, 11.0, 13.0, 15.0]","[""09:00"", ""11:00"", ""13:00"", ""15:00""]",18.0,18:00,True,7,7,0,[],[],16.558222652089125,16:33,3.006893543997617,4.052274393008538,0.6857142857142857,"{""11.0"": 2, ""13.0"": 3, ""15.0"": 1, ""9.0"": 1}","{""09:00"": 1, ""11:00"": 2, ""13:00"": 3, ""15:00"": 1}",0,0,0,26,105,7,15,no_infeasible_acceptance_evidence_in_saved_records,"{""all_customers_served_exactly_once"": true, ""duplicate_customers"": [], ""extra_customers"": [], ""missing_customers"": [], ""n_expected_customers"": 80, ""n_served_customers"": 80}","{""all_customers_served_exactly_once"": true, ""duplicate_customers"": [], ""extra_customers"": [], ""missing_customers"": [], ""n_expected_customers"": 51, ""n_served_customers"": 51}","{""all_customers_served_exactly_once"": true, ""duplicate_customers"": [], ""extra_customers"": [], ""missing_customers"": [], ""n_expected_customers"": 29, ""n_served_customers"": 29}",
wave_speed40_split,dispatch_wave,related_regret,shaw_related_removal,regret_2_insertion_dispatch_wave_timing_for_depot,case_3_hybrid,kmeans,80c_cap35,80,35,results/lns_timing_waves_split_speed40_related_regret/case3_kmeans,run_2026_07_19_021733,run_2026_07_19_021733,True,1,lns_sa_metrics_best.json,lns_sa_summary_best.json,dispatch_wave_speed40_split_repair,results/hybrid_supplier_customer_kmeans_timing_waves_constructed_split_v1_40_speed,/Users/danishali/Desktop/Desktop - Danish’s MacBook Air/Master Thesis/results/hybrid_supplier_customer_kmeans_timing_waves_constructed_split_v1_40_speed/80c_cap35/run_2026_07_17_204108,hybrid_supplier_customer_kmeans_timing_waves_constructed_split_v1,851.4859000471055,851.4859000471055,1011.4859000471055,799.0078194313563,799.0078194313563,160.0,959.0078194313563,492.4841435609638,306.5236758703926,52.47808061574915,6.163117981501042,52.47808061574915,5.188216722873271,52.47808061574915,6.163117981501042,-5.188216722873271,ok,12,12,6,6,0.669047619047619,0.11428571428571428,1.0,"[95.42430905367486, 70.45170246418516, 86.5750372435577, 87.30797500658313, 103.7295470427313, 48.995572750231645, 51.785106361694815, 63.74100330121959, 67.00360573859082, 39.378290904673136, 18.42088983515815, 66.19477972905602]","[20, 14, 29, 35, 18, 4, 28, 35, 34, 21, 11, 32]","[0.5714285714285714, 0.4, 0.8285714285714286, 1.0, 0.5142857142857142, 0.11428571428571428, 0.8, 1.0, 0.9714285714285714, 0.6, 0.3142857142857143, 0.9142857142857143]",5,"[2, 3, 4, 5, 6, 7, 8, 9, 10, 11, 12, 13, 14, 15, 16, 17, 18, 19, 20]",50,,293,57,0,57.0,5.86,0.0,1.14,10.0,0.95,0.01,42,hybrid,False,40,ok,,,8.0,08:00,13.0,13:00,0.5,30,"[9.0, 11.0, 13.0, 15.0]","[""09:00"", ""11:00"", ""13:00"", ""15:00""]",18.0,18:00,True,6,6,0,[],[],17.51603270849791,17:31,3.4686839315040157,4.516032708497912,0.5714285714285714,"{""11.0"": 2, ""13.0"": 2, ""15.0"": 1, ""9.0"": 1}","{""09:00"": 1, ""11:00"": 2, ""13:00"": 2, ""15:00"": 1}",0,0,0,28,105,6,12,no_infeasible_acceptance_evidence_in_saved_records,"{""all_customers_served_exactly_once"": true, ""duplicate_customers"": [], ""extra_customers"": [], ""missing_customers"": [], ""n_expected_customers"": 80, ""n_served_customers"": 80}","{""all_customers_served_exactly_once"": true, ""duplicate_customers"": [], ""extra_customers"": [], ""missing_customers"": [], ""n_expected_customers"": 51, ""n_served_customers"": 51}","{""all_customers_served_exactly_once"": true, ""duplicate_customers"": [], ""extra_customers"": [], ""missing_customers"": [], ""n_expected_customers"": 29, ""n_served_customers"": 29}",
wave_speed40_split,dispatch_wave,related_regret,shaw_related_removal,regret_2_insertion_dispatch_wave_timing_for_depot,case_3_hybrid,kmeans,100c_cap15,100,15,results/lns_timing_waves_split_speed40_related_regret/case3_kmeans,run_2026_07_19_021815,run_2026_07_19_021815,True,1,lns_sa_metrics_best.json,lns_sa_summary_best.json,dispatch_wave_speed40_split_repair,results/hybrid_supplier_customer_kmeans_timing_waves_constructed_split_v1_40_speed,/Users/danishali/Desktop/Desktop - Danish’s MacBook Air/Master Thesis/results/hybrid_supplier_customer_kmeans_timing_waves_constructed_split_v1_40_speed/100c_cap15/run_2026_07_17_204109,hybrid_supplier_customer_kmeans_timing_waves_constructed_split_v1,1795.6165393662525,1795.6165393662525,2235.6165393662523,1752.2011333495966,1752.2011333495966,440.0,2192.2011333495966,905.1325784877007,847.0685548618959,43.41540601665588,2.4178550968337027,43.41540601665565,1.9419880490311168,43.41540601665588,2.4178550968337027,-1.9419880490311168,ok,29,29,13,16,0.7954022988505749,0.26666666666666666,1.0,"[75.36886765306073, 64.95636289151774, 61.773154318015386, 73.3912772454349, 82.65492786527884, 61.73586597191431, 55.60688426143454, 59.75661629107921, 68.07647798704801, 122.78683460372476, 67.59710009067803, 56.66493883201365, 54.763270476500644, 64.24781907778211, 35.0325231533707, 49.33655858487019, 77.04381439363469, 78.0030448314662, 55.61920225430944, 52.291917850755226, 61.64238854978292, 81.5436847460878, 37.02224783051638, 39.6180691462914, 38.052402116889205, 65.36730320438517, 65.65992633528093, 33.21855045639637, 13.369102330077288]","[11, 9, 13, 15, 14, 14, 13, 15, 15, 13, 10, 4, 4, 15, 12, 12, 12, 15, 12, 11, 11, 12, 15, 15, 11, 11, 15, 12, 5]","[0.7333333333333333, 0.6, 0.8666666666666667, 1.0, 0.9333333333333333, 0.9333333333333333, 0.8666666666666667, 1.0, 1.0, 0.8666666666666667, 0.6666666666666666, 0.26666666666666666, 0.26666666666666666, 1.0, 0.8, 0.8, 0.8, 1.0, 0.8, 0.7333333333333333, 0.7333333333333333, 0.8, 1.0, 1.0, 0.7333333333333333, 0.7333333333333333, 1.0, 0.8, 0.3333333333333333]",8,"[2, 3, 4, 5, 6, 7, 8, 9, 10, 11, 12, 13, 14, 15, 16, 17, 18, 19, 20, 21, 22, 23, 24, 25]",50,,77,273,0,273.0,1.54,0.0,5.46,10.0,0.95,0.01,42,hybrid,False,40,ok,,,8.0,08:00,13.0,13:00,0.5,30,"[9.0, 11.0, 13.0, 15.0]","[""09:00"", ""11:00"", ""13:00"", ""15:00""]",18.0,18:00,True,13,13,0,[],[],17.06967086509312,17:04,2.5611523945276295,4.069670865093118,0.7692307692307694,"{""11.0"": 4, ""13.0"": 5, ""15.0"": 2, ""9.0"": 2}","{""09:00"": 2, ""11:00"": 4, ""13:00"": 5, ""15:00"": 2}",0,0,0,33,105,13,29,no_infeasible_acceptance_evidence_in_saved_records,"{""all_customers_served_exactly_once"": true, ""duplicate_customers"": [], ""extra_customers"": [], ""missing_customers"": [], ""n_expected_customers"": 100, ""n_served_customers"": 100}","{""all_customers_served_exactly_once"": true, ""duplicate_customers"": [], ""extra_customers"": [], ""missing_customers"": [], ""n_expected_customers"": 64, ""n_served_customers"": 64}","{""all_customers_served_exactly_once"": true, ""duplicate_customers"": [], ""extra_customers"": [], ""missing_customers"": [], ""n_expected_customers"": 36, ""n_served_customers"": 36}",
wave_speed40_split,dispatch_wave,related_regret,shaw_related_removal,regret_2_insertion_dispatch_wave_timing_for_depot,case_3_hybrid,kmeans,100c_cap25,100,25,results/lns_timing_waves_split_speed40_related_regret/case3_kmeans,run_2026_07_19_021850,run_2026_07_19_021850,True,1,lns_sa_metrics_best.json,lns_sa_summary_best.json,dispatch_wave_speed40_split_repair,results/hybrid_supplier_customer_kmeans_timing_waves_constructed_split_v1_40_speed,/Users/danishali/Desktop/Desktop - Danish’s MacBook Air/Master Thesis/results/hybrid_supplier_customer_kmeans_timing_waves_constructed_split_v1_40_speed/100c_cap25/run_2026_07_17_204109,hybrid_supplier_customer_kmeans_timing_waves_constructed_split_v1,1398.285254098367,1398.285254098367,1718.285254098367,1327.5119878432984,1327.5119878432984,320.0,1647.5119878432984,752.1154189828745,575.3965688604237,70.77326625506862,5.061432640273688,70.77326625506862,4.1188310314753505,70.77326625506862,5.061432640273688,-4.1188310314753505,ok,19,19,9,10,0.7284210526315791,0.16,1.0,"[119.28038631709359, 93.5377495007164, 55.56403126253022, 76.16897360260897, 88.21934950348968, 81.694193246432, 126.22252624148946, 56.66493883201365, 54.763270476500644, 15.983630620983499, 56.23286257071249, 90.17866040393909, 78.65857100392097, 52.37521262875096, 82.42833845614341, 39.715224576434665, 38.052402116889205, 79.46738158707508, 42.30428489557433]","[20, 22, 10, 24, 24, 19, 23, 4, 4, 6, 23, 25, 24, 21, 23, 20, 11, 22, 21]","[0.8, 0.88, 0.4, 0.96, 0.96, 0.76, 0.92, 0.16, 0.16, 0.24, 0.92, 1.0, 0.96, 0.84, 0.92, 0.8, 0.44, 0.88, 0.84]",8,"[2, 3, 4, 5, 6, 7, 8, 9, 10, 11, 12, 13, 14, 15, 16, 17, 18, 19, 20, 21, 22, 23, 24, 25]",50,,187,163,0,163.0,3.74,0.0,3.26,10.0,0.95,0.01,42,hybrid,False,40,ok,,,8.0,08:00,13.0,13:00,0.5,30,"[9.0, 11.0, 13.0, 15.0]","[""09:00"", ""11:00"", ""13:00"", ""15:00""]",18.0,18:00,True,9,9,0,[],[],17.822229822703903,17:49,3.274394682359837,4.822229822703903,0.6666666666666666,"{""11.0"": 3, ""13.0"": 3, ""15.0"": 2, ""9.0"": 1}","{""09:00"": 1, ""11:00"": 3, ""13:00"": 3, ""15:00"": 2}",0,0,0,38,105,9,19,no_infeasible_acceptance_evidence_in_saved_records,"{""all_customers_served_exactly_once"": true, ""duplicate_customers"": [], ""extra_customers"": [], ""missing_customers"": [], ""n_expected_customers"": 100, ""n_served_customers"": 100}","{""all_customers_served_exactly_once"": true, ""duplicate_customers"": [], ""extra_customers"": [], ""missing_customers"": [], ""n_expected_customers"": 64, ""n_served_customers"": 64}","{""all_customers_served_exactly_once"": true, ""duplicate_customers"": [], ""extra_customers"": [], ""missing_customers"": [], ""n_expected_customers"": 36, ""n_served_customers"": 36}",
wave_speed40_split,dispatch_wave,related_regret,shaw_related_removal,regret_2_insertion_dispatch_wave_timing_for_depot,case_3_hybrid,kmeans,100c_cap35,100,35,results/lns_timing_waves_split_speed40_related_regret/case3_kmeans,run_2026_07_19_022007,run_2026_07_19_022007,True,1,lns_sa_metrics_best.json,lns_sa_summary_best.json,dispatch_wave_speed40_split_repair,results/hybrid_supplier_customer_kmeans_timing_waves_constructed_split_v1_40_speed,/Users/danishali/Desktop/Desktop - Danish’s MacBook Air/Master Thesis/results/hybrid_supplier_customer_kmeans_timing_waves_constructed_split_v1_40_speed/100c_cap35/run_2026_07_17_204110,hybrid_supplier_customer_kmeans_timing_waves_constructed_split_v1,1306.804693484122,1306.804693484122,1546.804693484122,1173.0635584159572,1173.0635584159572,240.0,1413.0635584159572,711.0164782163059,462.04708019965136,133.7411350681648,10.234209881171488,133.7411350681648,8.646284539447427,133.7411350681648,10.234209881171488,-8.646284539447427,ok,16,16,8,8,0.6178571428571429,0.11428571428571428,0.9714285714285714,"[119.28038631709359, 93.5377495007164, 112.22116401323858, 73.41232179758794, 107.35019372507628, 93.78645355407882, 56.66493883201365, 54.763270476500644, 59.1530782371922, 49.59494031543949, 80.58360636516863, 83.75450717323854, 45.138959036455574, 38.052402116889205, 23.026112293947687, 82.74347466132002]","[20, 22, 34, 18, 31, 17, 4, 4, 34, 11, 33, 34, 30, 11, 11, 32]","[0.5714285714285714, 0.6285714285714286, 0.9714285714285714, 0.5142857142857142, 0.8857142857142857, 0.4857142857142857, 0.11428571428571428, 0.11428571428571428, 0.9714285714285714, 0.3142857142857143, 0.9428571428571428, 0.9714285714285714, 0.8571428571428571, 0.3142857142857143, 0.3142857142857143, 0.9142857142857143]",7,"[2, 3, 4, 5, 6, 7, 8, 9, 10, 11, 12, 13, 14, 15, 16, 17, 18, 19, 20, 21, 22, 23, 24, 25]",50,,235,115,0,115.0,4.7,0.0,2.3,10.0,0.95,0.01,42,hybrid,False,40,ok,,,8.0,08:00,13.0,13:00,0.5,30,"[9.0, 11.0, 13.0, 15.0]","[""09:00"", ""11:00"", ""13:00"", ""15:00""]",18.0,18:00,True,8,8,0,[],[],17.683754843126906,17:41,3.555259827759289,4.805529100330965,0.5357142857142856,"{""11.0"": 2, ""13.0"": 3, ""15.0"": 2, ""9.0"": 1}","{""09:00"": 1, ""11:00"": 2, ""13:00"": 3, ""15:00"": 2}",0,0,0,34,105,8,16,no_infeasible_acceptance_evidence_in_saved_records,"{""all_customers_served_exactly_once"": true, ""duplicate_customers"": [], ""extra_customers"": [], ""missing_customers"": [], ""n_expected_customers"": 100, ""n_served_customers"": 100}","{""all_customers_served_exactly_once"": true, ""duplicate_customers"": [], ""extra_customers"": [], ""missing_customers"": [], ""n_expected_customers"": 64, ""n_served_customers"": 64}","{""all_customers_served_exactly_once"": true, ""duplicate_customers"": [], ""extra_customers"": [], ""missing_customers"": [], ""n_expected_customers"": 36, ""n_served_customers"": 36}",
wave_speed40_split,dispatch_wave,related_regret,shaw_related_removal,regret_2_insertion_dispatch_wave_timing_for_depot,case_3_hybrid,kmeans,150c_cap15,150,15,results/lns_timing_waves_split_speed40_related_regret/case3_kmeans,run_2026_07_19_022143,run_2026_07_19_022143,True,1,lns_sa_metrics_best.json,lns_sa_summary_best.json,dispatch_wave_speed40_split_repair,results/hybrid_supplier_customer_kmeans_timing_waves_constructed_split_v1_40_speed,/Users/danishali/Desktop/Desktop - Danish’s MacBook Air/Master Thesis/results/hybrid_supplier_customer_kmeans_timing_waves_constructed_split_v1_40_speed/150c_cap15/run_2026_07_17_204110,hybrid_supplier_customer_kmeans_timing_waves_constructed_split_v1,3959.488464370085,3959.488464370085,4919.488464370084,3867.037877013142,3867.037877013142,960.0,4827.037877013142,1959.651418952405,1907.3864580607374,92.45058735694283,2.3349124057026596,92.45058735694238,1.8792723679814587,92.45058735694283,2.3349124057026596,-1.8792723679814587,ok,47,47,21,26,0.7531914893617024,0.06666666666666667,1.0,"[113.5322632352333, 151.7396569378129, 28.184943054327587, 32.05143591455274, 87.40450806877215, 122.183378949065, 103.69020166039112, 84.76902410359173, 105.147316854042, 105.70968033647793, 43.66557571681628, 107.56582572214616, 128.8993476807994, 123.50872193353169, 117.38437909641982, 89.45269375617168, 92.802120542285, 84.99740824802046, 82.14490571475096, 71.66170643360626, 83.15632499359103, 35.212942418316686, 18.734203426079215, 87.9853864609139, 65.0265927115771, 83.42880338146415, 73.3495482361089, 76.98268528574104, 57.652995840722895, 117.0045672471993, 115.56572159045203, 28.933014181126406, 40.02049210381952, 81.57954335038016, 134.3251532247046, 53.41681117680457, 59.427103719437085, 98.7901032375514, 58.42702182769217, 72.79627693922623, 90.76029014411307, 66.74845144199844, 50.76091075731748, 49.82782568459456, 99.52273049464978, 104.79815960982624, 86.3091235689204]","[15, 15, 1, 7, 12, 15, 12, 12, 15, 14, 9, 14, 15, 15, 14, 14, 8, 4, 4, 1, 2, 12, 6, 15, 11, 12, 11, 11, 12, 15, 12, 11, 10, 12, 12, 11, 15, 15, 11, 12, 12, 11, 15, 12, 11, 11, 15]","[1.0, 1.0, 0.06666666666666667, 0.4666666666666667, 0.8, 1.0, 0.8, 0.8, 1.0, 0.9333333333333333, 0.6, 0.9333333333333333, 1.0, 1.0, 0.9333333333333333, 0.9333333333333333, 0.5333333333333333, 0.26666666666666666, 0.26666666666666666, 0.06666666666666667, 0.13333333333333333, 0.8, 0.4, 1.0, 0.7333333333333333, 0.8, 0.7333333333333333, 0.7333333333333333, 0.8, 1.0, 0.8, 0.7333333333333333, 0.6666666666666666, 0.8, 0.8, 0.7333333333333333, 1.0, 1.0, 0.7333333333333333, 0.8, 0.8, 0.7333333333333333, 1.0, 0.8, 0.7333333333333333, 0.7333333333333333, 1.0]",5,"[2, 3, 4, 5, 6, 7, 8, 9, 10, 11, 12, 13, 14, 15, 16, 17, 18, 19, 20, 21, 22, 23, 24, 25, 26, 27, 28, 29, 30, 31, 32, 33, 34, 35, 36, 37]",50,,175,175,0,175.0,3.5,0.0,3.5,10.0,0.95,0.01,42,hybrid,False,40,ok,,,8.0,08:00,13.0,13:00,0.5,30,"[9.0, 11.0, 13.0, 15.0]","[""09:00"", ""11:00"", ""13:00"", ""15:00""]",18.0,18:00,True,21,21,0,[],[],17.458268539533844,17:27,3.0710135939909584,4.793491423445322,0.6920634920634922,"{""11.0"": 7, ""13.0"": 7, ""15.0"": 4, ""9.0"": 3}","{""09:00"": 3, ""11:00"": 7, ""13:00"": 7, ""15:00"": 4}",0,0,0,32,105,21,47,no_infeasible_acceptance_evidence_in_saved_records,"{""all_customers_served_exactly_once"": true, ""duplicate_customers"": [], ""extra_customers"": [], ""missing_customers"": [], ""n_expected_customers"": 150, ""n_served_customers"": 150}","{""all_customers_served_exactly_once"": true, ""duplicate_customers"": [], ""extra_customers"": [], ""missing_customers"": [], ""n_expected_customers"": 93, ""n_served_customers"": 93}","{""all_customers_served_exactly_once"": true, ""duplicate_customers"": [], ""extra_customers"": [], ""missing_customers"": [], ""n_expected_customers"": 57, ""n_served_customers"": 57}",
wave_speed40_split,dispatch_wave,related_regret,shaw_related_removal,regret_2_insertion_dispatch_wave_timing_for_depot,case_3_hybrid,kmeans,150c_cap25,150,25,results/lns_timing_waves_split_speed40_related_regret/case3_kmeans,run_2026_07_19_022417,run_2026_07_19_022417,True,1,lns_sa_metrics_best.json,lns_sa_summary_best.json,dispatch_wave_speed40_split_repair,results/hybrid_supplier_customer_kmeans_timing_waves_constructed_split_v1_40_speed,/Users/danishali/Desktop/Desktop - Danish’s MacBook Air/Master Thesis/results/hybrid_supplier_customer_kmeans_timing_waves_constructed_split_v1_40_speed/150c_cap25/run_2026_07_17_204111,hybrid_supplier_customer_kmeans_timing_waves_constructed_split_v1,3072.5442371511085,3072.5442371511085,3672.5442371511085,2850.246449768092,2850.246449768092,600.0,3450.246449768092,1599.1646731413175,1251.0817766267746,222.29778738301638,7.234974347810626,222.29778738301638,6.052964185816282,222.29778738301638,7.234974347810626,-6.052964185816282,ok,30,30,15,15,0.7080000000000001,0.04,1.0,"[192.25156893678744, 69.27015598397912, 132.6065165297185, 119.56397446327402, 102.23742220240302, 115.27777442847359, 119.0537824891022, 108.82530284631376, 122.71810953907816, 66.35352024748308, 129.04620008473609, 84.99740824802046, 82.14490571475096, 71.66170643360626, 83.15632499359103, 55.00718391746235, 89.58199637766882, 119.88112587434117, 118.5607269144397, 85.4237943786436, 8.402385172758931, 59.98437658716607, 88.60021108562921, 94.86452738373289, 83.77546840189021, 136.71883272008407, 34.53916844092153, 106.90630819360962, 65.31971189192524, 103.51595928650113]","[25, 6, 25, 24, 16, 22, 19, 25, 17, 9, 19, 4, 4, 1, 2, 24, 21, 25, 23, 24, 6, 21, 25, 22, 24, 23, 11, 22, 21, 21]","[1.0, 0.24, 1.0, 0.96, 0.64, 0.88, 0.76, 1.0, 0.68, 0.36, 0.76, 0.16, 0.16, 0.04, 0.08, 0.96, 0.84, 1.0, 0.92, 0.96, 0.24, 0.84, 1.0, 0.88, 0.96, 0.92, 0.44, 0.88, 0.84, 0.84]",6,"[2, 3, 4, 5, 6, 7, 8, 9, 10, 11, 12, 13, 14, 15, 16, 17, 18, 19, 20, 21, 22, 23, 24, 25, 26, 27, 28, 29, 30, 31, 32, 33, 34, 35, 36, 37]",50,,240,110,0,110.0,4.8,0.0,2.2,10.0,0.95,0.01,42,hybrid,False,40,ok,,,8.0,08:00,13.0,13:00,0.5,30,"[9.0, 11.0, 13.0, 15.0]","[""09:00"", ""11:00"", ""13:00"", ""15:00""]",18.0,18:00,True,15,15,0,[],[],17.567952738476954,17:34,3.698607788568863,6.806289223419686,0.5813333333333334,"{""11.0"": 4, ""13.0"": 5, ""15.0"": 4, ""9.0"": 2}","{""09:00"": 2, ""11:00"": 4, ""13:00"": 5, ""15:00"": 4}",0,0,0,38,105,15,30,no_infeasible_acceptance_evidence_in_saved_records,"{""all_customers_served_exactly_once"": true, ""duplicate_customers"": [], ""extra_customers"": [], ""missing_customers"": [], ""n_expected_customers"": 150, ""n_served_customers"": 150}","{""all_customers_served_exactly_once"": true, ""duplicate_customers"": [], ""extra_customers"": [], ""missing_customers"": [], ""n_expected_customers"": 93, ""n_served_customers"": 93}","{""all_customers_served_exactly_once"": true, ""duplicate_customers"": [], ""extra_customers"": [], ""missing_customers"": [], ""n_expected_customers"": 57, ""n_served_customers"": 57}",
wave_speed40_split,dispatch_wave,related_regret,shaw_related_removal,regret_2_insertion_dispatch_wave_timing_for_depot,case_3_hybrid,kmeans,150c_cap35,150,35,results/lns_timing_waves_split_speed40_related_regret/case3_kmeans,run_2026_07_19_023001,run_2026_07_19_023001,True,1,lns_sa_metrics_best.json,lns_sa_summary_best.json,dispatch_wave_speed40_split_repair,results/hybrid_supplier_customer_kmeans_timing_waves_constructed_split_v1_40_speed,/Users/danishali/Desktop/Desktop - Danish’s MacBook Air/Master Thesis/results/hybrid_supplier_customer_kmeans_timing_waves_constructed_split_v1_40_speed/150c_cap35/run_2026_07_17_204112,hybrid_supplier_customer_kmeans_timing_waves_constructed_split_v1,2772.5569146175108,2772.5569146175108,3252.5569146175108,2559.4721204522084,2559.4721204522084,480.0,3039.4721204522084,1532.1015520322235,1027.370568419985,213.08479416530236,7.68549756514912,213.08479416530236,6.551301015138742,213.08479416530236,7.68549756514912,-6.551301015138742,ok,23,23,12,11,0.6596273291925465,0.02857142857142857,0.9714285714285714,"[238.5838523259586, 100.22280154636886, 169.00373657420957, 173.63725389781777, 138.1413020840123, 119.21862261014229, 134.26607389519518, 137.0675637085502, 84.99740824802046, 82.14490571475096, 71.66170643360626, 83.15632499359103, 74.41923830411969, 77.87290696296708, 102.67413046593185, 125.13186696005386, 141.2897818333036, 69.25084340498024, 84.80318896791964, 92.7588503442029, 43.96148623582995, 107.66068018287454, 107.54759475780139]","[31, 22, 32, 33, 22, 28, 19, 20, 4, 4, 1, 2, 17, 34, 33, 33, 34, 32, 33, 22, 10, 33, 32]","[0.8857142857142857, 0.6285714285714286, 0.9142857142857143, 0.9428571428571428, 0.6285714285714286, 0.8, 0.5428571428571428, 0.5714285714285714, 0.11428571428571428, 0.11428571428571428, 0.02857142857142857, 0.05714285714285714, 0.4857142857142857, 0.9714285714285714, 0.9428571428571428, 0.9428571428571428, 0.9714285714285714, 0.9142857142857143, 0.9428571428571428, 0.6285714285714286, 0.2857142857142857, 0.9428571428571428, 0.9142857142857143]",17,"[2, 3, 4, 5, 6, 7, 8, 9, 10, 11, 12, 13, 14, 15, 16, 17, 18, 19, 20, 21, 22, 23, 24, 25, 26, 27, 28, 29, 30, 31, 32, 33, 34, 35, 36, 37]",50,,88,262,0,262.0,1.76,0.0,5.24,10.0,0.95,0.01,42,hybrid,False,40,ok,,,8.0,08:00,13.0,13:00,0.5,30,"[9.0, 11.0, 13.0, 15.0]","[""09:00"", ""11:00"", ""13:00"", ""15:00""]",18.0,18:00,True,12,12,0,[],[],17.980465565253557,17:59,4.483544900067133,8.297929641482298,0.5190476190476189,"{""11.0"": 3, ""13.0"": 4, ""15.0"": 4, ""9.0"": 1}","{""09:00"": 1, ""11:00"": 3, ""13:00"": 4, ""15:00"": 4}",0,0,0,39,105,12,23,no_infeasible_acceptance_evidence_in_saved_records,"{""all_customers_served_exactly_once"": true, ""duplicate_customers"": [], ""extra_customers"": [], ""missing_customers"": [], ""n_expected_customers"": 150, ""n_served_customers"": 150}","{""all_customers_served_exactly_once"": true, ""duplicate_customers"": [], ""extra_customers"": [], ""missing_customers"": [], ""n_expected_customers"": 93, ""n_served_customers"": 93}","{""all_customers_served_exactly_once"": true, ""duplicate_customers"": [], ""extra_customers"": [], ""missing_customers"": [], ""n_expected_customers"": 57, ""n_served_customers"": 57}",
wave_speed40_split,dispatch_wave,related_regret,shaw_related_removal,regret_2_insertion_dispatch_wave_timing_for_depot,case_3_hybrid,kmeans,200c_cap15,200,15,results/lns_timing_waves_split_speed40_related_regret/case3_kmeans,run_2026_07_19_023722,run_2026_07_19_023722,True,1,lns_sa_metrics_best.json,lns_sa_summary_best.json,dispatch_wave_speed40_split_repair,results/hybrid_supplier_customer_kmeans_timing_waves_constructed_split_v1_40_speed,/Users/danishali/Desktop/Desktop - Danish’s MacBook Air/Master Thesis/results/hybrid_supplier_customer_kmeans_timing_waves_constructed_split_v1_40_speed/200c_cap15/run_2026_07_17_204113,hybrid_supplier_customer_kmeans_timing_waves_constructed_split_v1,6948.619566226148,6948.619566226148,8788.619566226149,6520.461468717636,6520.461468717636,1840.0,8360.461468717636,3321.3779728903264,3199.083495827309,428.1580975085117,6.161772038716574,428.1580975085126,4.871733203174302,428.1580975085117,6.161772038716574,-4.871733203174302,ok,60,60,29,31,0.7788888888888887,0.06666666666666667,1.0,"[225.67299860540055, 116.38047893894431, 101.87909002745633, 87.77857420836462, 141.7389903861966, 116.49812653998413, 42.73524788607031, 160.99410403266853, 98.32680507682812, 162.3250577076778, 101.59139511871113, 85.85669798516423, 123.47173194382862, 62.710164366573736, 112.81174790797134, 119.16917946577728, 145.6401120844111, 138.42009232531606, 149.74727083761047, 150.30345144508937, 129.21541843662797, 110.87890386301518, 80.81534847283356, 110.87509999145472, 69.25984109581513, 79.77774308706883, 98.27647909150201, 95.548941911475, 102.67888005048898, 24.978937901438965, 46.950589891088924, 63.15196493044999, 75.47283660182161, 106.18455073488724, 81.47355299360254, 97.44026273219166, 94.16131982401836, 112.46504636569237, 103.37597679608632, 142.68314611207165, 154.08762878726938, 178.6845281442198, 38.57735224150186, 131.61846563030073, 72.3485353230981, 79.06015825763353, 155.3228150910868, 163.0873694921756, 182.01371909957103, 111.18656302683931, 102.50849317568398, 97.061702585635, 77.90269577025626, 132.01954835323397, 121.83392758231963, 84.7033433718767, 46.052224587895374, 156.10971502780245, 70.90923485956421, 95.65729053599588]","[15, 15, 7, 11, 15, 15, 7, 14, 13, 15, 15, 13, 14, 9, 15, 15, 14, 15, 14, 14, 15, 14, 7, 2, 2, 7, 3, 1, 6, 6, 12, 12, 12, 11, 11, 15, 11, 12, 12, 15, 12, 15, 11, 15, 15, 11, 15, 12, 12, 12, 11, 12, 11, 11, 12, 11, 11, 15, 11, 15]","[1.0, 1.0, 0.4666666666666667, 0.7333333333333333, 1.0, 1.0, 0.4666666666666667, 0.9333333333333333, 0.8666666666666667, 1.0, 1.0, 0.8666666666666667, 0.9333333333333333, 0.6, 1.0, 1.0, 0.9333333333333333, 1.0, 0.9333333333333333, 0.9333333333333333, 1.0, 0.9333333333333333, 0.4666666666666667, 0.13333333333333333, 0.13333333333333333, 0.4666666666666667, 0.2, 0.06666666666666667, 0.4, 0.4, 0.8, 0.8, 0.8, 0.7333333333333333, 0.7333333333333333, 1.0, 0.7333333333333333, 0.8, 0.8, 1.0, 0.8, 1.0, 0.7333333333333333, 1.0, 1.0, 0.7333333333333333, 1.0, 0.8, 0.8, 0.8, 0.7333333333333333, 0.8, 0.7333333333333333, 0.7333333333333333, 0.8, 0.7333333333333333, 0.7333333333333333, 1.0, 0.7333333333333333, 1.0]",14,"[2, 3, 4, 5, 6, 7, 8, 9, 10, 11, 12, 13, 14, 15, 16, 17, 18, 19, 20, 21, 22, 23, 24, 25, 26, 27, 28, 29, 30, 31, 32, 33, 34, 35, 36, 37, 38, 39, 40, 41, 42, 43, 44, 45, 46, 47, 48, 49, 50, 51, 52]",50,,66,284,0,284.0,1.32,0.0,5.68,10.0,0.95,0.01,42,hybrid,False,40,ok,,,8.0,08:00,13.0,13:00,0.5,30,"[9.0, 11.0, 13.0, 15.0]","[""09:00"", ""11:00"", ""13:00"", ""15:00""]",18.0,18:00,True,29,29,0,[],[],17.938544166453035,17:56,3.6161304363997058,6.9751582984683465,0.7402298850574711,"{""11.0"": 9, ""13.0"": 10, ""15.0"": 6, ""9.0"": 4}","{""09:00"": 4, ""11:00"": 9, ""13:00"": 10, ""15:00"": 6}",0,0,0,31,105,29,60,no_infeasible_acceptance_evidence_in_saved_records,"{""all_customers_served_exactly_once"": true, ""duplicate_customers"": [], ""extra_customers"": [], ""missing_customers"": [], ""n_expected_customers"": 200, ""n_served_customers"": 200}","{""all_customers_served_exactly_once"": true, ""duplicate_customers"": [], ""extra_customers"": [], ""missing_customers"": [], ""n_expected_customers"": 131, ""n_served_customers"": 131}","{""all_customers_served_exactly_once"": true, ""duplicate_customers"": [], ""extra_customers"": [], ""missing_customers"": [], ""n_expected_customers"": 69, ""n_served_customers"": 69}",
wave_speed40_split,dispatch_wave,related_regret,shaw_related_removal,regret_2_insertion_dispatch_wave_timing_for_depot,case_3_hybrid,kmeans,200c_cap25,200,25,results/lns_timing_waves_split_speed40_related_regret/case3_kmeans,run_2026_07_19_024725,run_2026_07_19_024725,True,1,lns_sa_metrics_best.json,lns_sa_summary_best.json,dispatch_wave_speed40_split_repair,results/hybrid_supplier_customer_kmeans_timing_waves_constructed_split_v1_40_speed,/Users/danishali/Desktop/Desktop - Danish’s MacBook Air/Master Thesis/results/hybrid_supplier_customer_kmeans_timing_waves_constructed_split_v1_40_speed/200c_cap25/run_2026_07_17_204113,hybrid_supplier_customer_kmeans_timing_waves_constructed_split_v1,5108.786388164666,5108.786388164666,6228.786388164666,4766.78801125425,4766.78801125425,1120.0,5886.78801125425,2776.6226544374485,1990.1653568168012,341.9983769104165,6.694317415633414,341.9983769104165,5.49061013812014,341.9983769104165,6.694317415633414,-5.49061013812014,ok,38,38,21,17,0.7378947368421054,0.04,1.0,"[157.00341875570717, 228.63330611471278, 137.5013510255985, 147.13846757053346, 185.48127821578822, 172.0949421062008, 149.169890103564, 137.64164112255997, 113.38853141622717, 108.2749616675958, 138.532872418539, 156.32850433748325, 131.73419364871603, 131.28243726388467, 125.99987344253341, 110.87509999145472, 69.25984109581513, 79.77774308706883, 98.27647909150201, 95.548941911475, 102.67888005048898, 60.84851001297313, 90.17179775985456, 117.37485700814162, 97.25014384518977, 158.3183047131501, 160.88255635459652, 104.9917892195466, 91.68540727186135, 95.40130327149409, 147.52346295192237, 182.4992514884016, 96.0818933067911, 112.0180168968792, 156.14079099402397, 138.02127904866816, 110.97950479137208, 69.97648788193527]","[25, 23, 23, 25, 25, 24, 24, 19, 20, 16, 21, 14, 22, 10, 10, 2, 2, 7, 3, 1, 6, 23, 24, 21, 22, 23, 21, 22, 22, 25, 22, 23, 22, 23, 21, 21, 23, 21]","[1.0, 0.92, 0.92, 1.0, 1.0, 0.96, 0.96, 0.76, 0.8, 0.64, 0.84, 0.56, 0.88, 0.4, 0.4, 0.08, 0.08, 0.28, 0.12, 0.04, 0.24, 0.92, 0.96, 0.84, 0.88, 0.92, 0.84, 0.88, 0.88, 1.0, 0.88, 0.92, 0.88, 0.92, 0.84, 0.84, 0.92, 0.84]",9,"[2, 3, 4, 5, 6, 7, 8, 9, 10, 11, 12, 13, 14, 15, 16, 17, 18, 19, 20, 21, 22, 23, 24, 25, 26, 27, 28, 29, 30, 31, 32, 33, 34, 35, 36, 37, 38, 39, 40, 41, 42, 43, 44, 45, 46, 47, 48, 49, 50, 51, 52]",50,,154,196,0,196.0,3.08,0.0,3.92,10.0,0.95,0.01,42,hybrid,False,40,ok,,,8.0,08:00,13.0,13:00,0.5,30,"[9.0, 11.0, 13.0, 15.0]","[""09:00"", ""11:00"", ""13:00"", ""15:00""]",18.0,18:00,True,21,21,0,[],[],17.963321810463476,17:58,4.345185699727121,7.049165986201152,0.6133333333333334,"{""11.0"": 5, ""13.0"": 8, ""15.0"": 6, ""9.0"": 2}","{""09:00"": 2, ""11:00"": 5, ""13:00"": 8, ""15:00"": 6}",0,0,0,34,105,21,38,no_infeasible_acceptance_evidence_in_saved_records,"{""all_customers_served_exactly_once"": true, ""duplicate_customers"": [], ""extra_customers"": [], ""missing_customers"": [], ""n_expected_customers"": 200, ""n_served_customers"": 200}","{""all_customers_served_exactly_once"": true, ""duplicate_customers"": [], ""extra_customers"": [], ""missing_customers"": [], ""n_expected_customers"": 131, ""n_served_customers"": 131}","{""all_customers_served_exactly_once"": true, ""duplicate_customers"": [], ""extra_customers"": [], ""missing_customers"": [], ""n_expected_customers"": 69, ""n_served_customers"": 69}",
wave_speed40_split,dispatch_wave,related_regret,shaw_related_removal,regret_2_insertion_dispatch_wave_timing_for_depot,case_3_hybrid,kmeans,200c_cap35,200,35,results/lns_timing_waves_split_speed40_related_regret/case3_kmeans,run_2026_07_19_030924,run_2026_07_19_030924,True,1,lns_sa_metrics_best.json,lns_sa_summary_best.json,dispatch_wave_speed40_split_repair,results/hybrid_supplier_customer_kmeans_timing_waves_constructed_split_v1_40_speed,/Users/danishali/Desktop/Desktop - Danish’s MacBook Air/Master Thesis/results/hybrid_supplier_customer_kmeans_timing_waves_constructed_split_v1_40_speed/200c_cap35/run_2026_07_17_204114,hybrid_supplier_customer_kmeans_timing_waves_constructed_split_v1,4577.251332265938,4577.251332265938,5457.251332265938,4117.6560759357935,4117.6560759357935,880.0,4997.6560759357935,2657.9671869510626,1459.688888984731,459.59525633014437,10.040856902271626,459.59525633014437,8.42173519868496,459.59525633014437,10.040856902271626,-8.42173519868496,ok,33,33,20,13,0.6069264069264069,0.02857142857142857,1.0,"[247.19757620743817, 157.45099190805996, 179.21364597203169, 164.77849770496803, 178.68258834213069, 157.43762160755628, 135.7680660310595, 70.50139726910183, 108.2749616675958, 144.46006563936666, 150.30345144508937, 149.74727083761047, 131.73419364871603, 125.99987344253343, 98.27647909150201, 110.87509999145472, 69.25984109581513, 79.77774308706883, 95.548941911475, 102.67888005048898, 119.07936202611191, 113.54496379912757, 108.01812629675527, 162.68327160198913, 60.84851001297313, 11.20318023034523, 96.69812942080638, 131.32116932135557, 103.14561564931947, 184.26345021288114, 69.97648788193527, 155.50982952072917, 143.39679301040184]","[32, 16, 35, 29, 26, 31, 27, 10, 16, 19, 14, 14, 22, 10, 3, 2, 2, 7, 1, 6, 34, 34, 33, 32, 23, 6, 31, 34, 32, 34, 21, 33, 32]","[0.9142857142857143, 0.45714285714285713, 1.0, 0.8285714285714286, 0.7428571428571429, 0.8857142857142857, 0.7714285714285715, 0.2857142857142857, 0.45714285714285713, 0.5428571428571428, 0.4, 0.4, 0.6285714285714286, 0.2857142857142857, 0.08571428571428572, 0.05714285714285714, 0.05714285714285714, 0.2, 0.02857142857142857, 0.17142857142857143, 0.9714285714285714, 0.9714285714285714, 0.9428571428571428, 0.9142857142857143, 0.6571428571428571, 0.17142857142857143, 0.8857142857142857, 0.9714285714285714, 0.9142857142857143, 0.9714285714285714, 0.6, 0.9428571428571428, 0.9142857142857143]",7,"[2, 3, 4, 5, 6, 7, 8, 9, 10, 11, 12, 13, 14, 15, 16, 17, 18, 19, 20, 21, 22, 23, 24, 25, 26, 27, 28, 29, 30, 31, 32, 33, 34, 35, 36, 37, 38, 39, 40, 41, 42, 43, 44, 45, 46, 47, 48, 49, 50, 51, 52]",50,,250,100,0,100.0,5.0,0.0,2.0,10.0,0.95,0.01,42,hybrid,False,40,ok,,,8.0,08:00,13.0,13:00,0.5,30,"[9.0, 11.0, 13.0, 15.0]","[""09:00"", ""11:00"", ""13:00"", ""15:00""]",18.0,18:00,True,20,20,0,[],[],17.9448349743175,17:57,4.414125650355496,8.513272738519287,0.45999999999999996,"{""11.0"": 4, ""13.0"": 8, ""15.0"": 6, ""9.0"": 2}","{""09:00"": 2, ""11:00"": 4, ""13:00"": 8, ""15:00"": 6}",0,0,0,33,105,20,33,no_infeasible_acceptance_evidence_in_saved_records,"{""all_customers_served_exactly_once"": true, ""duplicate_customers"": [], ""extra_customers"": [], ""missing_customers"": [], ""n_expected_customers"": 200, ""n_served_customers"": 200}","{""all_customers_served_exactly_once"": true, ""duplicate_customers"": [], ""extra_customers"": [], ""missing_customers"": [], ""n_expected_customers"": 131, ""n_served_customers"": 131}","{""all_customers_served_exactly_once"": true, ""duplicate_customers"": [], ""extra_customers"": [], ""missing_customers"": [], ""n_expected_customers"": 69, ""n_served_customers"": 69}",
