customer_count,vehicle_capacity,instance_name,timing_scenario,sensitivity_dimension,scenario_role,source_folder,selected_run_timestamp,run_folder_count,latest_available_run_timestamp,selected_run_is_latest_available,run_classification,algorithm,timing_model,base_timing_model,timing_repair_model,wave_timing_repair_scope,construction,local_search,supplier_direct_routing_scope,depot_routing_scope,relocation_scope,dispatch_waves,dispatch_wave_labels,n_dispatch_waves,has_14_wave,dispatch_waves_source,working_day_end_time,working_day_end_time_label,average_speed,average_speed_source,expected_average_speed,service_time_per_customer,depot_handling_time,depot_handling_time_minutes,supplier_arrival_window_start,supplier_arrival_window_start_label,supplier_arrival_window_end,supplier_arrival_window_end_label,arrival_time_step_minutes,depot_arrival_seed,n_suppliers,direct_delivery_threshold,seed,grid_size,n_supplier_direct_customers,n_depot_customers,customers_per_wave,routes_per_wave,customer_delivery_distance,supplier_depot_replenishment_distance,total_first_echelon_distance,total_system_distance,pre_repair_customer_delivery_distance,post_repair_customer_delivery_distance,pre_repair_total_system_distance,post_repair_total_system_distance,pre_repair_depot_outbound_distance,post_repair_depot_outbound_distance,depot_outbound_distance_change_after_repair,distance_change_after_repair,distance_change_after_repair_pct,total_routes,pre_repair_total_routes,post_repair_total_routes,depot_routes,pre_repair_depot_routes,post_repair_depot_routes,route_count_change_after_repair,depot_route_count_change_after_repair,timing_routes_checked,timing_feasible_routes,timing_infeasible_routes,pre_repair_timing_infeasible_routes,post_repair_timing_infeasible_routes,infeasible_route_change_after_repair,routes_before_goods_ready,pre_repair_routes_before_goods_ready,post_repair_routes_before_goods_ready,routes_exceeding_workday,pre_repair_routes_exceeding_workday,post_repair_routes_exceeding_workday,routes_without_feasible_wave,customers_without_feasible_wave,latest_finish_time,latest_finish_time_label,pre_repair_latest_finish_time,pre_repair_latest_finish_time_label,post_repair_latest_finish_time,post_repair_latest_finish_time_label,max_route_duration,avg_route_duration,avg_waiting_time,max_waiting_time,repair_attempts,successful_repairs,unresolved_repairs,unresolved_customers_count,unresolved_customers,unresolved_route_ids,routes_added_by_repair,overall_timing_feasible,depot_timing_feasibility,capacity_feasible,customer_coverage_feasible,supplier_feasible,structural_validity,avg_utilisation,depot_avg_utilisation,hybrid_system_distance_check,scenario_parameter_check,notes_or_warnings
20,15,20c_cap15,added_14_wave,dispatch_policy,sensitivity_variant,results/hybrid_supplier_customer_kmeans_timing_waves_constructed_split_14wave_v1,run_2026_07_17_212253,1,run_2026_07_17_212253,True,main,hybrid_supplier_customer_kmeans_timing_waves_constructed_split_14wave_v1,depot_dispatch_waves_wave_constructed_with_duration_split_repair,depot_dispatch_waves_wave_constructed,same_wave_duration_split_with_2opt,"depot routes only, after per-wave post-relocation 2-opt",angular_partition supplier-direct assignment + depot customer dispatch-wave assignment + per-wave kmeans_clustering + nearest_neighbor + 2-opt + same-wave duration split repair,2-opt + supplier-level 1-0 relocation + 2-opt + simple split repair,supplier_region,global_depot_pool_by_dispatch_wave,supplier_direct_routes within supplier region; depot routes within dispatch-wave bucket,"[9.0, 11.0, 13.0, 14.0, 15.0]","[""09:00"", ""11:00"", ""13:00"", ""14:00"", ""15:00""]",5,True,config_used.json,18.0,18:00,30,config_used.json,30.0,0.16666666666666666,0.5,30,8.0,08:00,13.0,13:00,15,42,3,5,42,10,7,13,"{""09:00"": 4, ""11:00"": 5, ""13:00"": 4, ""14:00"": 0, ""15:00"": 0}","{""09:00"": 2, ""11:00"": 2, ""13:00"": 2}",115.58790101324328,24.0,24.0,139.58790101324328,115.58790101324328,115.58790101324328,139.58790101324328,139.58790101324328,66.5499757063643,66.5499757063643,0.0,0.0,0.0,11,11,11,6,6,6,0.0,0.0,6,6,0,0,0,0.0,0,0,0,0,0,0,0,0,13.693663523273175,13:42,13.693663523273175,13:42,13.693663523273175,13:42,1.0194273895465935,0.7308331983686905,15,45,0,0,0,0,[],,0,True,True,True,True,True,True,0.40606060606060607,0.3,ok,ok,
20,15,20c_cap15,base_speed30,reference,reference,results/hybrid_supplier_customer_kmeans_timing_waves_constructed_split_v1,run_2026_07_17_201710,1,run_2026_07_17_201710,True,main,hybrid_supplier_customer_kmeans_timing_waves_constructed_split_v1,depot_dispatch_waves_wave_constructed_with_duration_split_repair,depot_dispatch_waves_wave_constructed,same_wave_duration_split_with_2opt,"depot routes only, after per-wave post-relocation 2-opt",angular_partition supplier-direct assignment + depot customer dispatch-wave assignment + per-wave kmeans_clustering + nearest_neighbor + 2-opt + same-wave duration split repair,2-opt + supplier-level 1-0 relocation + 2-opt + simple split repair,supplier_region,global_depot_pool_by_dispatch_wave,supplier_direct_routes within supplier region; depot routes within dispatch-wave bucket,"[9.0, 11.0, 13.0, 15.0]","[""09:00"", ""11:00"", ""13:00"", ""15:00""]",4,False,config_used.json,18.0,18:00,30.0,route_record_estimate,30.0,0.16666666666666666,0.5,30,8.0,08:00,13.0,13:00,15,42,3,5,42,10,7,13,"{""09:00"": 4, ""11:00"": 5, ""13:00"": 4, ""15:00"": 0}","{""09:00"": 2, ""11:00"": 2, ""13:00"": 2}",115.58790101324328,24.0,24.0,139.58790101324328,115.58790101324328,115.58790101324328,139.58790101324328,139.58790101324328,66.5499757063643,66.5499757063643,0.0,0.0,0.0,11,11,11,6,6,6,0.0,0.0,6,6,0,0,0,0.0,0,0,0,0,0,0,0,0,13.693663523273175,13:42,13.693663523273175,13:42,13.693663523273175,13:42,1.0194273895465935,0.7308331983686905,15,45,0,0,0,0,[],,0,True,True,True,True,True,True,0.40606060606060607,0.3,ok,ok,
20,15,20c_cap15,speed40,speed,sensitivity_variant,results/hybrid_supplier_customer_kmeans_timing_waves_constructed_split_v1_40_speed,run_2026_07_17_204103,1,run_2026_07_17_204103,True,main,hybrid_supplier_customer_kmeans_timing_waves_constructed_split_v1,depot_dispatch_waves_wave_constructed_with_duration_split_repair,depot_dispatch_waves_wave_constructed,same_wave_duration_split_with_2opt,"depot routes only, after per-wave post-relocation 2-opt",angular_partition supplier-direct assignment + depot customer dispatch-wave assignment + per-wave kmeans_clustering + nearest_neighbor + 2-opt + same-wave duration split repair,2-opt + supplier-level 1-0 relocation + 2-opt + simple split repair,supplier_region,global_depot_pool_by_dispatch_wave,supplier_direct_routes within supplier region; depot routes within dispatch-wave bucket,"[9.0, 11.0, 13.0, 15.0]","[""09:00"", ""11:00"", ""13:00"", ""15:00""]",4,False,config_used.json,18.0,18:00,40,config_used.json,40.0,0.16666666666666666,0.5,30,8.0,08:00,13.0,13:00,15,42,3,5,42,10,7,13,"{""09:00"": 4, ""11:00"": 5, ""13:00"": 4, ""15:00"": 0}","{""09:00"": 2, ""11:00"": 2, ""13:00"": 2}",115.58790101324328,24.0,24.0,139.58790101324328,115.58790101324328,115.58790101324328,139.58790101324328,139.58790101324328,66.5499757063643,66.5499757063643,0.0,0.0,0.0,11,11,11,6,6,6,0.0,0.0,6,6,0,0,0,0.0,0,0,0,0,0,0,0,0,13.603580975788214,13:36,13.603580975788214,13:36,13.603580975788214,13:36,0.8895705421599451,0.6384026765542957,15,45,0,0,0,0,[],,0,True,True,True,True,True,True,0.40606060606060607,0.3,ok,ok,
20,25,20c_cap25,added_14_wave,dispatch_policy,sensitivity_variant,results/hybrid_supplier_customer_kmeans_timing_waves_constructed_split_14wave_v1,run_2026_07_17_212254,1,run_2026_07_17_212254,True,main,hybrid_supplier_customer_kmeans_timing_waves_constructed_split_14wave_v1,depot_dispatch_waves_wave_constructed_with_duration_split_repair,depot_dispatch_waves_wave_constructed,same_wave_duration_split_with_2opt,"depot routes only, after per-wave post-relocation 2-opt",angular_partition supplier-direct assignment + depot customer dispatch-wave assignment + per-wave kmeans_clustering + nearest_neighbor + 2-opt + same-wave duration split repair,2-opt + supplier-level 1-0 relocation + 2-opt + simple split repair,supplier_region,global_depot_pool_by_dispatch_wave,supplier_direct_routes within supplier region; depot routes within dispatch-wave bucket,"[9.0, 11.0, 13.0, 14.0, 15.0]","[""09:00"", ""11:00"", ""13:00"", ""14:00"", ""15:00""]",5,True,config_used.json,18.0,18:00,30,config_used.json,30.0,0.16666666666666666,0.5,30,8.0,08:00,13.0,13:00,15,42,3,5,42,10,7,13,"{""09:00"": 4, ""11:00"": 5, ""13:00"": 4, ""14:00"": 0, ""15:00"": 0}","{""09:00"": 2, ""11:00"": 2, ""13:00"": 2}",98.23786144998746,24.0,24.0,122.23786144998746,98.23786144998746,98.23786144998746,122.23786144998746,122.23786144998746,66.5499757063643,66.5499757063643,0.0,0.0,0.0,9,9,9,6,6,6,0.0,0.0,6,6,0,0,0,0.0,0,0,0,0,0,0,0,0,13.693663523273175,13:42,13.693663523273175,13:42,13.693663523273175,13:42,1.0194273895465935,0.7308331983686905,15,45,0,0,0,0,[],,0,True,True,True,True,True,True,0.2977777777777778,0.18000000000000002,ok,ok,
20,25,20c_cap25,base_speed30,reference,reference,results/hybrid_supplier_customer_kmeans_timing_waves_constructed_split_v1,run_2026_07_17_201711,1,run_2026_07_17_201711,True,main,hybrid_supplier_customer_kmeans_timing_waves_constructed_split_v1,depot_dispatch_waves_wave_constructed_with_duration_split_repair,depot_dispatch_waves_wave_constructed,same_wave_duration_split_with_2opt,"depot routes only, after per-wave post-relocation 2-opt",angular_partition supplier-direct assignment + depot customer dispatch-wave assignment + per-wave kmeans_clustering + nearest_neighbor + 2-opt + same-wave duration split repair,2-opt + supplier-level 1-0 relocation + 2-opt + simple split repair,supplier_region,global_depot_pool_by_dispatch_wave,supplier_direct_routes within supplier region; depot routes within dispatch-wave bucket,"[9.0, 11.0, 13.0, 15.0]","[""09:00"", ""11:00"", ""13:00"", ""15:00""]",4,False,config_used.json,18.0,18:00,30.0,route_record_estimate,30.0,0.16666666666666666,0.5,30,8.0,08:00,13.0,13:00,15,42,3,5,42,10,7,13,"{""09:00"": 4, ""11:00"": 5, ""13:00"": 4, ""15:00"": 0}","{""09:00"": 2, ""11:00"": 2, ""13:00"": 2}",98.23786144998746,24.0,24.0,122.23786144998746,98.23786144998746,98.23786144998746,122.23786144998746,122.23786144998746,66.5499757063643,66.5499757063643,0.0,0.0,0.0,9,9,9,6,6,6,0.0,0.0,6,6,0,0,0,0.0,0,0,0,0,0,0,0,0,13.693663523273175,13:42,13.693663523273175,13:42,13.693663523273175,13:42,1.0194273895465935,0.7308331983686905,15,45,0,0,0,0,[],,0,True,True,True,True,True,True,0.2977777777777778,0.18000000000000002,ok,ok,
20,25,20c_cap25,speed40,speed,sensitivity_variant,results/hybrid_supplier_customer_kmeans_timing_waves_constructed_split_v1_40_speed,run_2026_07_17_204104,1,run_2026_07_17_204104,True,main,hybrid_supplier_customer_kmeans_timing_waves_constructed_split_v1,depot_dispatch_waves_wave_constructed_with_duration_split_repair,depot_dispatch_waves_wave_constructed,same_wave_duration_split_with_2opt,"depot routes only, after per-wave post-relocation 2-opt",angular_partition supplier-direct assignment + depot customer dispatch-wave assignment + per-wave kmeans_clustering + nearest_neighbor + 2-opt + same-wave duration split repair,2-opt + supplier-level 1-0 relocation + 2-opt + simple split repair,supplier_region,global_depot_pool_by_dispatch_wave,supplier_direct_routes within supplier region; depot routes within dispatch-wave bucket,"[9.0, 11.0, 13.0, 15.0]","[""09:00"", ""11:00"", ""13:00"", ""15:00""]",4,False,config_used.json,18.0,18:00,40,config_used.json,40.0,0.16666666666666666,0.5,30,8.0,08:00,13.0,13:00,15,42,3,5,42,10,7,13,"{""09:00"": 4, ""11:00"": 5, ""13:00"": 4, ""15:00"": 0}","{""09:00"": 2, ""11:00"": 2, ""13:00"": 2}",98.23786144998746,24.0,24.0,122.23786144998746,98.23786144998746,98.23786144998746,122.23786144998746,122.23786144998746,66.5499757063643,66.5499757063643,0.0,0.0,0.0,9,9,9,6,6,6,0.0,0.0,6,6,0,0,0,0.0,0,0,0,0,0,0,0,0,13.603580975788214,13:36,13.603580975788214,13:36,13.603580975788214,13:36,0.8895705421599451,0.6384026765542957,15,45,0,0,0,0,[],,0,True,True,True,True,True,True,0.2977777777777778,0.18000000000000002,ok,ok,
20,35,20c_cap35,added_14_wave,dispatch_policy,sensitivity_variant,results/hybrid_supplier_customer_kmeans_timing_waves_constructed_split_14wave_v1,run_2026_07_17_212254,1,run_2026_07_17_212254,True,main,hybrid_supplier_customer_kmeans_timing_waves_constructed_split_14wave_v1,depot_dispatch_waves_wave_constructed_with_duration_split_repair,depot_dispatch_waves_wave_constructed,same_wave_duration_split_with_2opt,"depot routes only, after per-wave post-relocation 2-opt",angular_partition supplier-direct assignment + depot customer dispatch-wave assignment + per-wave kmeans_clustering + nearest_neighbor + 2-opt + same-wave duration split repair,2-opt + supplier-level 1-0 relocation + 2-opt + simple split repair,supplier_region,global_depot_pool_by_dispatch_wave,supplier_direct_routes within supplier region; depot routes within dispatch-wave bucket,"[9.0, 11.0, 13.0, 14.0, 15.0]","[""09:00"", ""11:00"", ""13:00"", ""14:00"", ""15:00""]",5,True,config_used.json,18.0,18:00,30,config_used.json,30.0,0.16666666666666666,0.5,30,8.0,08:00,13.0,13:00,15,42,3,5,42,10,7,13,"{""09:00"": 4, ""11:00"": 5, ""13:00"": 4, ""14:00"": 0, ""15:00"": 0}","{""09:00"": 2, ""11:00"": 2, ""13:00"": 2}",98.23786144998746,24.0,24.0,122.23786144998746,98.23786144998746,98.23786144998746,122.23786144998746,122.23786144998746,66.5499757063643,66.5499757063643,0.0,0.0,0.0,9,9,9,6,6,6,0.0,0.0,6,6,0,0,0,0.0,0,0,0,0,0,0,0,0,13.693663523273175,13:42,13.693663523273175,13:42,13.693663523273175,13:42,1.0194273895465935,0.7308331983686905,15,45,0,0,0,0,[],,0,True,True,True,True,True,True,0.21269841269841266,0.1285714285714286,ok,ok,
20,35,20c_cap35,base_speed30,reference,reference,results/hybrid_supplier_customer_kmeans_timing_waves_constructed_split_v1,run_2026_07_17_201711,1,run_2026_07_17_201711,True,main,hybrid_supplier_customer_kmeans_timing_waves_constructed_split_v1,depot_dispatch_waves_wave_constructed_with_duration_split_repair,depot_dispatch_waves_wave_constructed,same_wave_duration_split_with_2opt,"depot routes only, after per-wave post-relocation 2-opt",angular_partition supplier-direct assignment + depot customer dispatch-wave assignment + per-wave kmeans_clustering + nearest_neighbor + 2-opt + same-wave duration split repair,2-opt + supplier-level 1-0 relocation + 2-opt + simple split repair,supplier_region,global_depot_pool_by_dispatch_wave,supplier_direct_routes within supplier region; depot routes within dispatch-wave bucket,"[9.0, 11.0, 13.0, 15.0]","[""09:00"", ""11:00"", ""13:00"", ""15:00""]",4,False,config_used.json,18.0,18:00,30.0,route_record_estimate,30.0,0.16666666666666666,0.5,30,8.0,08:00,13.0,13:00,15,42,3,5,42,10,7,13,"{""09:00"": 4, ""11:00"": 5, ""13:00"": 4, ""15:00"": 0}","{""09:00"": 2, ""11:00"": 2, ""13:00"": 2}",98.23786144998746,24.0,24.0,122.23786144998746,98.23786144998746,98.23786144998746,122.23786144998746,122.23786144998746,66.5499757063643,66.5499757063643,0.0,0.0,0.0,9,9,9,6,6,6,0.0,0.0,6,6,0,0,0,0.0,0,0,0,0,0,0,0,0,13.693663523273175,13:42,13.693663523273175,13:42,13.693663523273175,13:42,1.0194273895465935,0.7308331983686905,15,45,0,0,0,0,[],,0,True,True,True,True,True,True,0.21269841269841266,0.1285714285714286,ok,ok,
20,35,20c_cap35,speed40,speed,sensitivity_variant,results/hybrid_supplier_customer_kmeans_timing_waves_constructed_split_v1_40_speed,run_2026_07_17_204104,1,run_2026_07_17_204104,True,main,hybrid_supplier_customer_kmeans_timing_waves_constructed_split_v1,depot_dispatch_waves_wave_constructed_with_duration_split_repair,depot_dispatch_waves_wave_constructed,same_wave_duration_split_with_2opt,"depot routes only, after per-wave post-relocation 2-opt",angular_partition supplier-direct assignment + depot customer dispatch-wave assignment + per-wave kmeans_clustering + nearest_neighbor + 2-opt + same-wave duration split repair,2-opt + supplier-level 1-0 relocation + 2-opt + simple split repair,supplier_region,global_depot_pool_by_dispatch_wave,supplier_direct_routes within supplier region; depot routes within dispatch-wave bucket,"[9.0, 11.0, 13.0, 15.0]","[""09:00"", ""11:00"", ""13:00"", ""15:00""]",4,False,config_used.json,18.0,18:00,40,config_used.json,40.0,0.16666666666666666,0.5,30,8.0,08:00,13.0,13:00,15,42,3,5,42,10,7,13,"{""09:00"": 4, ""11:00"": 5, ""13:00"": 4, ""15:00"": 0}","{""09:00"": 2, ""11:00"": 2, ""13:00"": 2}",98.23786144998746,24.0,24.0,122.23786144998746,98.23786144998746,98.23786144998746,122.23786144998746,122.23786144998746,66.5499757063643,66.5499757063643,0.0,0.0,0.0,9,9,9,6,6,6,0.0,0.0,6,6,0,0,0,0.0,0,0,0,0,0,0,0,0,13.603580975788214,13:36,13.603580975788214,13:36,13.603580975788214,13:36,0.8895705421599451,0.6384026765542957,15,45,0,0,0,0,[],,0,True,True,True,True,True,True,0.21269841269841266,0.1285714285714286,ok,ok,
40,15,40c_cap15,added_14_wave,dispatch_policy,sensitivity_variant,results/hybrid_supplier_customer_kmeans_timing_waves_constructed_split_14wave_v1,run_2026_07_17_212255,1,run_2026_07_17_212255,True,main,hybrid_supplier_customer_kmeans_timing_waves_constructed_split_14wave_v1,depot_dispatch_waves_wave_constructed_with_duration_split_repair,depot_dispatch_waves_wave_constructed,same_wave_duration_split_with_2opt,"depot routes only, after per-wave post-relocation 2-opt",angular_partition supplier-direct assignment + depot customer dispatch-wave assignment + per-wave kmeans_clustering + nearest_neighbor + 2-opt + same-wave duration split repair,2-opt + supplier-level 1-0 relocation + 2-opt + simple split repair,supplier_region,global_depot_pool_by_dispatch_wave,supplier_direct_routes within supplier region; depot routes within dispatch-wave bucket,"[9.0, 11.0, 13.0, 14.0, 15.0]","[""09:00"", ""11:00"", ""13:00"", ""14:00"", ""15:00""]",5,True,config_used.json,18.0,18:00,30,config_used.json,30.0,0.16666666666666666,0.5,30,8.0,08:00,13.0,13:00,15,42,3,5,42,20,15,25,"{""09:00"": 5, ""11:00"": 9, ""13:00"": 10, ""14:00"": 1, ""15:00"": 0}","{""09:00"": 2, ""11:00"": 3, ""13:00"": 2, ""14:00"": 1}",366.0353041541975,96.0,96.0,462.0353041541975,366.0353041541975,366.0353041541975,462.0353041541975,462.0353041541975,192.6695023417123,192.6695023417123,0.0,0.0,0.0,16,16,16,8,8,8,0.0,0.0,8,8,0,0,0,0.0,0,0,0,0,0,0,0,0,15.385526874767532,15:23,15.385526874767532,15:23,15.385526874767532,15:23,2.3855268747675313,1.3236229264238013,26,90,0,0,0,0,[],,0,True,True,True,True,True,True,0.5833333333333334,0.4583333333333334,ok,ok,
40,15,40c_cap15,base_speed30,reference,reference,results/hybrid_supplier_customer_kmeans_timing_waves_constructed_split_v1,run_2026_07_17_201712,1,run_2026_07_17_201712,True,main,hybrid_supplier_customer_kmeans_timing_waves_constructed_split_v1,depot_dispatch_waves_wave_constructed_with_duration_split_repair,depot_dispatch_waves_wave_constructed,same_wave_duration_split_with_2opt,"depot routes only, after per-wave post-relocation 2-opt",angular_partition supplier-direct assignment + depot customer dispatch-wave assignment + per-wave kmeans_clustering + nearest_neighbor + 2-opt + same-wave duration split repair,2-opt + supplier-level 1-0 relocation + 2-opt + simple split repair,supplier_region,global_depot_pool_by_dispatch_wave,supplier_direct_routes within supplier region; depot routes within dispatch-wave bucket,"[9.0, 11.0, 13.0, 15.0]","[""09:00"", ""11:00"", ""13:00"", ""15:00""]",4,False,config_used.json,18.0,18:00,30.0,route_record_estimate,30.0,0.16666666666666666,0.5,30,8.0,08:00,13.0,13:00,15,42,3,5,42,20,15,25,"{""09:00"": 5, ""11:00"": 9, ""13:00"": 10, ""15:00"": 1}","{""09:00"": 2, ""11:00"": 3, ""13:00"": 2, ""15:00"": 1}",366.0353041541975,96.0,96.0,462.0353041541975,366.0353041541975,366.0353041541975,462.0353041541975,462.0353041541975,192.6695023417123,192.6695023417123,0.0,0.0,0.0,16,16,16,8,8,8,0.0,0.0,8,8,0,0,0,0.0,0,0,0,0,0,0,0,0,15.656718726509952,15:39,15.656718726509952,15:39,15.656718726509952,15:39,2.3855268747675313,1.3236229264238013,34,105,0,0,0,0,[],,0,True,True,True,True,True,True,0.5833333333333334,0.4583333333333334,ok,ok,
40,15,40c_cap15,speed40,speed,sensitivity_variant,results/hybrid_supplier_customer_kmeans_timing_waves_constructed_split_v1_40_speed,run_2026_07_17_204104,1,run_2026_07_17_204104,True,main,hybrid_supplier_customer_kmeans_timing_waves_constructed_split_v1,depot_dispatch_waves_wave_constructed_with_duration_split_repair,depot_dispatch_waves_wave_constructed,same_wave_duration_split_with_2opt,"depot routes only, after per-wave post-relocation 2-opt",angular_partition supplier-direct assignment + depot customer dispatch-wave assignment + per-wave kmeans_clustering + nearest_neighbor + 2-opt + same-wave duration split repair,2-opt + supplier-level 1-0 relocation + 2-opt + simple split repair,supplier_region,global_depot_pool_by_dispatch_wave,supplier_direct_routes within supplier region; depot routes within dispatch-wave bucket,"[9.0, 11.0, 13.0, 15.0]","[""09:00"", ""11:00"", ""13:00"", ""15:00""]",4,False,config_used.json,18.0,18:00,40,config_used.json,40.0,0.16666666666666666,0.5,30,8.0,08:00,13.0,13:00,15,42,3,5,42,20,15,25,"{""09:00"": 5, ""11:00"": 9, ""13:00"": 10, ""15:00"": 1}","{""09:00"": 2, ""11:00"": 3, ""13:00"": 2, ""15:00"": 1}",366.0353041541975,96.0,96.0,462.0353041541975,366.0353041541975,366.0353041541975,462.0353041541975,462.0353041541975,192.6695023417123,192.6695023417123,0.0,0.0,0.0,16,16,16,8,8,8,0.0,0.0,8,8,0,0,0,0.0,0,0,0,0,0,0,0,0,15.53420571154913,15:32,15.53420571154913,15:32,15.53420571154913,15:32,2.0391451560756484,1.1229255281511845,34,105,0,0,0,0,[],,0,True,True,True,True,True,True,0.5833333333333334,0.4583333333333334,ok,ok,
40,25,40c_cap25,added_14_wave,dispatch_policy,sensitivity_variant,results/hybrid_supplier_customer_kmeans_timing_waves_constructed_split_14wave_v1,run_2026_07_17_212255,2,run_2026_07_17_212255,True,main,hybrid_supplier_customer_kmeans_timing_waves_constructed_split_14wave_v1,depot_dispatch_waves_wave_constructed_with_duration_split_repair,depot_dispatch_waves_wave_constructed,same_wave_duration_split_with_2opt,"depot routes only, after per-wave post-relocation 2-opt",angular_partition supplier-direct assignment + depot customer dispatch-wave assignment + per-wave kmeans_clustering + nearest_neighbor + 2-opt + same-wave duration split repair,2-opt + supplier-level 1-0 relocation + 2-opt + simple split repair,supplier_region,global_depot_pool_by_dispatch_wave,supplier_direct_routes within supplier region; depot routes within dispatch-wave bucket,"[9.0, 11.0, 13.0, 14.0, 15.0]","[""09:00"", ""11:00"", ""13:00"", ""14:00"", ""15:00""]",5,True,config_used.json,18.0,18:00,30,config_used.json,30.0,0.16666666666666666,0.5,30,8.0,08:00,13.0,13:00,15,42,3,5,42,20,15,25,"{""09:00"": 5, ""11:00"": 9, ""13:00"": 10, ""14:00"": 1, ""15:00"": 0}","{""09:00"": 2, ""11:00"": 3, ""13:00"": 2, ""14:00"": 1}",304.4975153824383,48.0,48.0,352.4975153824383,304.4975153824383,304.4975153824383,352.4975153824383,352.4975153824383,192.6695023417123,192.6695023417123,0.0,0.0,0.0,12,12,12,8,8,8,0.0,0.0,8,8,0,0,0,0.0,0,0,0,0,0,0,0,0,15.385526874767532,15:23,15.385526874767532,15:23,15.385526874767532,15:23,2.3855268747675313,1.3236229264238013,26,90,0,0,0,0,[],,0,True,True,True,True,True,True,0.4666666666666668,0.275,ok,ok,
40,25,40c_cap25,base_speed30,reference,reference,results/hybrid_supplier_customer_kmeans_timing_waves_constructed_split_v1,run_2026_07_17_201712,3,run_2026_07_17_204003,False,main,hybrid_supplier_customer_kmeans_timing_waves_constructed_split_v1,depot_dispatch_waves_wave_constructed_with_duration_split_repair,depot_dispatch_waves_wave_constructed,same_wave_duration_split_with_2opt,"depot routes only, after per-wave post-relocation 2-opt",angular_partition supplier-direct assignment + depot customer dispatch-wave assignment + per-wave kmeans_clustering + nearest_neighbor + 2-opt + same-wave duration split repair,2-opt + supplier-level 1-0 relocation + 2-opt + simple split repair,supplier_region,global_depot_pool_by_dispatch_wave,supplier_direct_routes within supplier region; depot routes within dispatch-wave bucket,"[9.0, 11.0, 13.0, 15.0]","[""09:00"", ""11:00"", ""13:00"", ""15:00""]",4,False,config_used.json,18.0,18:00,30.0,route_record_estimate,30.0,0.16666666666666666,0.5,30,8.0,08:00,13.0,13:00,15,42,3,5,42,20,15,25,"{""09:00"": 5, ""11:00"": 9, ""13:00"": 10, ""15:00"": 1}","{""09:00"": 2, ""11:00"": 3, ""13:00"": 2, ""15:00"": 1}",304.4975153824383,48.0,48.0,352.4975153824383,304.4975153824383,304.4975153824383,352.4975153824383,352.4975153824383,192.6695023417123,192.6695023417123,0.0,0.0,0.0,12,12,12,8,8,8,0.0,0.0,8,8,0,0,0,0.0,0,0,0,0,0,0,0,0,15.656718726509952,15:39,15.656718726509952,15:39,15.656718726509952,15:39,2.3855268747675313,1.3236229264238013,34,105,0,0,0,0,[],,0,True,True,True,True,True,True,0.4666666666666668,0.275,ok,ok,selected latest scenario-parameter-matching run; newer mismatched run(s) ignored: run_2026_07_17_204003
40,25,40c_cap25,speed40,speed,sensitivity_variant,results/hybrid_supplier_customer_kmeans_timing_waves_constructed_split_v1_40_speed,run_2026_07_17_204105,2,run_2026_07_17_204105,True,main,hybrid_supplier_customer_kmeans_timing_waves_constructed_split_v1,depot_dispatch_waves_wave_constructed_with_duration_split_repair,depot_dispatch_waves_wave_constructed,same_wave_duration_split_with_2opt,"depot routes only, after per-wave post-relocation 2-opt",angular_partition supplier-direct assignment + depot customer dispatch-wave assignment + per-wave kmeans_clustering + nearest_neighbor + 2-opt + same-wave duration split repair,2-opt + supplier-level 1-0 relocation + 2-opt + simple split repair,supplier_region,global_depot_pool_by_dispatch_wave,supplier_direct_routes within supplier region; depot routes within dispatch-wave bucket,"[9.0, 11.0, 13.0, 15.0]","[""09:00"", ""11:00"", ""13:00"", ""15:00""]",4,False,config_used.json,18.0,18:00,40,config_used.json,40.0,0.16666666666666666,0.5,30,8.0,08:00,13.0,13:00,15,42,3,5,42,20,15,25,"{""09:00"": 5, ""11:00"": 9, ""13:00"": 10, ""15:00"": 1}","{""09:00"": 2, ""11:00"": 3, ""13:00"": 2, ""15:00"": 1}",304.4975153824383,48.0,48.0,352.4975153824383,304.4975153824383,304.4975153824383,352.4975153824383,352.4975153824383,192.6695023417123,192.6695023417123,0.0,0.0,0.0,12,12,12,8,8,8,0.0,0.0,8,8,0,0,0,0.0,0,0,0,0,0,0,0,0,15.53420571154913,15:32,15.53420571154913,15:32,15.53420571154913,15:32,2.0391451560756484,1.1229255281511845,34,105,0,0,0,0,[],,0,True,True,True,True,True,True,0.4666666666666668,0.275,ok,ok,
40,35,40c_cap35,added_14_wave,dispatch_policy,sensitivity_variant,results/hybrid_supplier_customer_kmeans_timing_waves_constructed_split_14wave_v1,run_2026_07_17_212256,1,run_2026_07_17_212256,True,main,hybrid_supplier_customer_kmeans_timing_waves_constructed_split_14wave_v1,depot_dispatch_waves_wave_constructed_with_duration_split_repair,depot_dispatch_waves_wave_constructed,same_wave_duration_split_with_2opt,"depot routes only, after per-wave post-relocation 2-opt",angular_partition supplier-direct assignment + depot customer dispatch-wave assignment + per-wave kmeans_clustering + nearest_neighbor + 2-opt + same-wave duration split repair,2-opt + supplier-level 1-0 relocation + 2-opt + simple split repair,supplier_region,global_depot_pool_by_dispatch_wave,supplier_direct_routes within supplier region; depot routes within dispatch-wave bucket,"[9.0, 11.0, 13.0, 14.0, 15.0]","[""09:00"", ""11:00"", ""13:00"", ""14:00"", ""15:00""]",5,True,config_used.json,18.0,18:00,30,config_used.json,30.0,0.16666666666666666,0.5,30,8.0,08:00,13.0,13:00,15,42,3,5,42,20,15,25,"{""09:00"": 5, ""11:00"": 9, ""13:00"": 10, ""14:00"": 1, ""15:00"": 0}","{""09:00"": 2, ""11:00"": 3, ""13:00"": 2, ""14:00"": 1}",301.7402549291218,48.0,48.0,349.7402549291218,301.7402549291218,301.7402549291218,349.7402549291218,349.7402549291218,192.6695023417123,192.6695023417123,0.0,0.0,0.0,12,12,12,8,8,8,0.0,0.0,8,8,0,0,0,0.0,0,0,0,0,0,0,0,0,15.385526874767532,15:23,15.385526874767532,15:23,15.385526874767532,15:23,2.3855268747675313,1.3236229264238013,26,90,0,0,0,0,[],,0,True,True,True,True,True,True,0.3333333333333333,0.19642857142857142,ok,ok,
40,35,40c_cap35,base_speed30,reference,reference,results/hybrid_supplier_customer_kmeans_timing_waves_constructed_split_v1,run_2026_07_17_201712,1,run_2026_07_17_201712,True,main,hybrid_supplier_customer_kmeans_timing_waves_constructed_split_v1,depot_dispatch_waves_wave_constructed_with_duration_split_repair,depot_dispatch_waves_wave_constructed,same_wave_duration_split_with_2opt,"depot routes only, after per-wave post-relocation 2-opt",angular_partition supplier-direct assignment + depot customer dispatch-wave assignment + per-wave kmeans_clustering + nearest_neighbor + 2-opt + same-wave duration split repair,2-opt + supplier-level 1-0 relocation + 2-opt + simple split repair,supplier_region,global_depot_pool_by_dispatch_wave,supplier_direct_routes within supplier region; depot routes within dispatch-wave bucket,"[9.0, 11.0, 13.0, 15.0]","[""09:00"", ""11:00"", ""13:00"", ""15:00""]",4,False,config_used.json,18.0,18:00,30.0,route_record_estimate,30.0,0.16666666666666666,0.5,30,8.0,08:00,13.0,13:00,15,42,3,5,42,20,15,25,"{""09:00"": 5, ""11:00"": 9, ""13:00"": 10, ""15:00"": 1}","{""09:00"": 2, ""11:00"": 3, ""13:00"": 2, ""15:00"": 1}",301.7402549291218,48.0,48.0,349.7402549291218,301.7402549291218,301.7402549291218,349.7402549291218,349.7402549291218,192.6695023417123,192.6695023417123,0.0,0.0,0.0,12,12,12,8,8,8,0.0,0.0,8,8,0,0,0,0.0,0,0,0,0,0,0,0,0,15.656718726509952,15:39,15.656718726509952,15:39,15.656718726509952,15:39,2.3855268747675313,1.3236229264238013,34,105,0,0,0,0,[],,0,True,True,True,True,True,True,0.3333333333333333,0.19642857142857142,ok,ok,
40,35,40c_cap35,speed40,speed,sensitivity_variant,results/hybrid_supplier_customer_kmeans_timing_waves_constructed_split_v1_40_speed,run_2026_07_17_204106,1,run_2026_07_17_204106,True,main,hybrid_supplier_customer_kmeans_timing_waves_constructed_split_v1,depot_dispatch_waves_wave_constructed_with_duration_split_repair,depot_dispatch_waves_wave_constructed,same_wave_duration_split_with_2opt,"depot routes only, after per-wave post-relocation 2-opt",angular_partition supplier-direct assignment + depot customer dispatch-wave assignment + per-wave kmeans_clustering + nearest_neighbor + 2-opt + same-wave duration split repair,2-opt + supplier-level 1-0 relocation + 2-opt + simple split repair,supplier_region,global_depot_pool_by_dispatch_wave,supplier_direct_routes within supplier region; depot routes within dispatch-wave bucket,"[9.0, 11.0, 13.0, 15.0]","[""09:00"", ""11:00"", ""13:00"", ""15:00""]",4,False,config_used.json,18.0,18:00,40,config_used.json,40.0,0.16666666666666666,0.5,30,8.0,08:00,13.0,13:00,15,42,3,5,42,20,15,25,"{""09:00"": 5, ""11:00"": 9, ""13:00"": 10, ""15:00"": 1}","{""09:00"": 2, ""11:00"": 3, ""13:00"": 2, ""15:00"": 1}",301.7402549291218,48.0,48.0,349.7402549291218,301.7402549291218,301.7402549291218,349.7402549291218,349.7402549291218,192.6695023417123,192.6695023417123,0.0,0.0,0.0,12,12,12,8,8,8,0.0,0.0,8,8,0,0,0,0.0,0,0,0,0,0,0,0,0,15.53420571154913,15:32,15.53420571154913,15:32,15.53420571154913,15:32,2.0391451560756484,1.1229255281511845,34,105,0,0,0,0,[],,0,True,True,True,True,True,True,0.3333333333333333,0.19642857142857142,ok,ok,
60,15,60c_cap15,added_14_wave,dispatch_policy,sensitivity_variant,results/hybrid_supplier_customer_kmeans_timing_waves_constructed_split_14wave_v1,run_2026_07_17_212256,1,run_2026_07_17_212256,True,main,hybrid_supplier_customer_kmeans_timing_waves_constructed_split_14wave_v1,depot_dispatch_waves_wave_constructed_with_duration_split_repair,depot_dispatch_waves_wave_constructed,same_wave_duration_split_with_2opt,"depot routes only, after per-wave post-relocation 2-opt",angular_partition supplier-direct assignment + depot customer dispatch-wave assignment + per-wave kmeans_clustering + nearest_neighbor + 2-opt + same-wave duration split repair,2-opt + supplier-level 1-0 relocation + 2-opt + simple split repair,supplier_region,global_depot_pool_by_dispatch_wave,supplier_direct_routes within supplier region; depot routes within dispatch-wave bucket,"[9.0, 11.0, 13.0, 14.0, 15.0]","[""09:00"", ""11:00"", ""13:00"", ""14:00"", ""15:00""]",5,True,config_used.json,18.0,18:00,30,config_used.json,30.0,0.16666666666666666,0.5,30,8.0,08:00,13.0,13:00,15,42,3,5,42,30,25,35,"{""09:00"": 7, ""11:00"": 11, ""13:00"": 15, ""14:00"": 2, ""15:00"": 0}","{""09:00"": 2, ""11:00"": 3, ""13:00"": 3, ""14:00"": 1}",774.5622095668546,192.0,192.0,966.5622095668546,774.5622095668546,774.5622095668546,966.5622095668546,966.5622095668546,371.20929301285173,371.20929301285173,0.0,0.0,0.0,21,21,21,9,9,9,0.0,0.0,9,9,0,0,0,0.0,0,0,0,0,0,0,0,0,16.090551023682124,16:05,16.090551023682124,16:05,16.090551023682124,16:05,3.0905510236821234,2.02299738152908,23,90,0,0,0,0,[],,0,True,True,True,True,True,True,0.7047619047619048,0.6148148148148148,ok,ok,
60,15,60c_cap15,base_speed30,reference,reference,results/hybrid_supplier_customer_kmeans_timing_waves_constructed_split_v1,run_2026_07_17_201713,1,run_2026_07_17_201713,True,main,hybrid_supplier_customer_kmeans_timing_waves_constructed_split_v1,depot_dispatch_waves_wave_constructed_with_duration_split_repair,depot_dispatch_waves_wave_constructed,same_wave_duration_split_with_2opt,"depot routes only, after per-wave post-relocation 2-opt",angular_partition supplier-direct assignment + depot customer dispatch-wave assignment + per-wave kmeans_clustering + nearest_neighbor + 2-opt + same-wave duration split repair,2-opt + supplier-level 1-0 relocation + 2-opt + simple split repair,supplier_region,global_depot_pool_by_dispatch_wave,supplier_direct_routes within supplier region; depot routes within dispatch-wave bucket,"[9.0, 11.0, 13.0, 15.0]","[""09:00"", ""11:00"", ""13:00"", ""15:00""]",4,False,config_used.json,18.0,18:00,30.0,route_record_estimate,30.0,0.16666666666666666,0.5,30,8.0,08:00,13.0,13:00,15,42,3,5,42,30,25,35,"{""09:00"": 7, ""11:00"": 11, ""13:00"": 15, ""15:00"": 2}","{""09:00"": 2, ""11:00"": 3, ""13:00"": 3, ""15:00"": 1}",774.5622095668546,192.0,192.0,966.5622095668546,774.5622095668546,774.5622095668546,966.5622095668546,966.5622095668546,371.20929301285173,371.20929301285173,0.0,0.0,0.0,21,21,21,9,9,9,0.0,0.0,9,9,0,0,0,0.0,0,0,0,0,0,0,0,0,16.558222652089125,16:33,16.558222652089125,16:33,16.558222652089125,16:33,3.0905510236821234,2.02299738152908,30,105,0,0,0,0,[],,0,True,True,True,True,True,True,0.7047619047619048,0.6148148148148148,ok,ok,
60,15,60c_cap15,speed40,speed,sensitivity_variant,results/hybrid_supplier_customer_kmeans_timing_waves_constructed_split_v1_40_speed,run_2026_07_17_204106,1,run_2026_07_17_204106,True,main,hybrid_supplier_customer_kmeans_timing_waves_constructed_split_v1,depot_dispatch_waves_wave_constructed_with_duration_split_repair,depot_dispatch_waves_wave_constructed,same_wave_duration_split_with_2opt,"depot routes only, after per-wave post-relocation 2-opt",angular_partition supplier-direct assignment + depot customer dispatch-wave assignment + per-wave kmeans_clustering + nearest_neighbor + 2-opt + same-wave duration split repair,2-opt + supplier-level 1-0 relocation + 2-opt + simple split repair,supplier_region,global_depot_pool_by_dispatch_wave,supplier_direct_routes within supplier region; depot routes within dispatch-wave bucket,"[9.0, 11.0, 13.0, 15.0]","[""09:00"", ""11:00"", ""13:00"", ""15:00""]",4,False,config_used.json,18.0,18:00,40,config_used.json,40.0,0.16666666666666666,0.5,30,8.0,08:00,13.0,13:00,15,42,3,5,42,30,25,35,"{""09:00"": 7, ""11:00"": 11, ""13:00"": 15, ""15:00"": 2}","{""09:00"": 2, ""11:00"": 3, ""13:00"": 3, ""15:00"": 1}",774.5622095668546,192.0,192.0,966.5622095668546,774.5622095668546,774.5622095668546,966.5622095668546,966.5622095668546,371.20929301285173,371.20929301285173,0.0,0.0,0.0,21,21,21,9,9,9,0.0,0.0,9,9,0,0,0,0.0,0,0,0,0,0,0,0,0,16.25200032240018,16:15,16.25200032240018,16:15,16.25200032240018,16:15,2.567913267761593,1.6792850731838476,30,105,0,0,0,0,[],,0,True,True,True,True,True,True,0.7047619047619048,0.6148148148148148,ok,ok,
60,25,60c_cap25,added_14_wave,dispatch_policy,sensitivity_variant,results/hybrid_supplier_customer_kmeans_timing_waves_constructed_split_14wave_v1,run_2026_07_17_212257,1,run_2026_07_17_212257,True,main,hybrid_supplier_customer_kmeans_timing_waves_constructed_split_14wave_v1,depot_dispatch_waves_wave_constructed_with_duration_split_repair,depot_dispatch_waves_wave_constructed,same_wave_duration_split_with_2opt,"depot routes only, after per-wave post-relocation 2-opt",angular_partition supplier-direct assignment + depot customer dispatch-wave assignment + per-wave kmeans_clustering + nearest_neighbor + 2-opt + same-wave duration split repair,2-opt + supplier-level 1-0 relocation + 2-opt + simple split repair,supplier_region,global_depot_pool_by_dispatch_wave,supplier_direct_routes within supplier region; depot routes within dispatch-wave bucket,"[9.0, 11.0, 13.0, 14.0, 15.0]","[""09:00"", ""11:00"", ""13:00"", ""14:00"", ""15:00""]",5,True,config_used.json,18.0,18:00,30,config_used.json,30.0,0.16666666666666666,0.5,30,8.0,08:00,13.0,13:00,15,42,3,5,42,30,25,35,"{""09:00"": 7, ""11:00"": 11, ""13:00"": 15, ""14:00"": 2, ""15:00"": 0}","{""09:00"": 2, ""11:00"": 3, ""13:00"": 2, ""14:00"": 1}",614.4171214434904,120.0,120.0,734.4171214434904,614.4171214434904,614.4171214434904,734.4171214434904,734.4171214434904,342.22065647991803,342.22065647991803,0.0,0.0,0.0,15,15,15,8,8,8,0.0,0.0,8,8,0,0,0,0.0,0,0,0,0,0,0,0,0,16.945635230213572,16:57,16.945635230213572,16:57,16.945635230213572,16:57,3.9456352302135707,2.155086068666325,24,90,0,0,0,0,[],,0,True,True,True,True,True,True,0.5920000000000001,0.41500000000000004,ok,ok,
60,25,60c_cap25,base_speed30,reference,reference,results/hybrid_supplier_customer_kmeans_timing_waves_constructed_split_v1,run_2026_07_17_201713,1,run_2026_07_17_201713,True,main,hybrid_supplier_customer_kmeans_timing_waves_constructed_split_v1,depot_dispatch_waves_wave_constructed_with_duration_split_repair,depot_dispatch_waves_wave_constructed,same_wave_duration_split_with_2opt,"depot routes only, after per-wave post-relocation 2-opt",angular_partition supplier-direct assignment + depot customer dispatch-wave assignment + per-wave kmeans_clustering + nearest_neighbor + 2-opt + same-wave duration split repair,2-opt + supplier-level 1-0 relocation + 2-opt + simple split repair,supplier_region,global_depot_pool_by_dispatch_wave,supplier_direct_routes within supplier region; depot routes within dispatch-wave bucket,"[9.0, 11.0, 13.0, 15.0]","[""09:00"", ""11:00"", ""13:00"", ""15:00""]",4,False,config_used.json,18.0,18:00,30.0,route_record_estimate,30.0,0.16666666666666666,0.5,30,8.0,08:00,13.0,13:00,15,42,3,5,42,30,25,35,"{""09:00"": 7, ""11:00"": 11, ""13:00"": 15, ""15:00"": 2}","{""09:00"": 2, ""11:00"": 3, ""13:00"": 2, ""15:00"": 1}",614.4171214434904,120.0,120.0,734.4171214434904,614.4171214434904,614.4171214434904,734.4171214434904,734.4171214434904,342.22065647991803,342.22065647991803,0.0,0.0,0.0,15,15,15,8,8,8,0.0,0.0,8,8,0,0,0,0.0,0,0,0,0,0,0,0,0,16.945635230213572,16:57,16.945635230213572,16:57,16.945635230213572,16:57,3.9456352302135707,2.155086068666325,32,105,0,0,0,0,[],,0,True,True,True,True,True,True,0.5920000000000001,0.41500000000000004,ok,ok,
60,25,60c_cap25,speed40,speed,sensitivity_variant,results/hybrid_supplier_customer_kmeans_timing_waves_constructed_split_v1_40_speed,run_2026_07_17_204106,1,run_2026_07_17_204106,True,main,hybrid_supplier_customer_kmeans_timing_waves_constructed_split_v1,depot_dispatch_waves_wave_constructed_with_duration_split_repair,depot_dispatch_waves_wave_constructed,same_wave_duration_split_with_2opt,"depot routes only, after per-wave post-relocation 2-opt",angular_partition supplier-direct assignment + depot customer dispatch-wave assignment + per-wave kmeans_clustering + nearest_neighbor + 2-opt + same-wave duration split repair,2-opt + supplier-level 1-0 relocation + 2-opt + simple split repair,supplier_region,global_depot_pool_by_dispatch_wave,supplier_direct_routes within supplier region; depot routes within dispatch-wave bucket,"[9.0, 11.0, 13.0, 15.0]","[""09:00"", ""11:00"", ""13:00"", ""15:00""]",4,False,config_used.json,18.0,18:00,40,config_used.json,40.0,0.16666666666666666,0.5,30,8.0,08:00,13.0,13:00,15,42,3,5,42,30,25,35,"{""09:00"": 7, ""11:00"": 11, ""13:00"": 15, ""15:00"": 2}","{""09:00"": 2, ""11:00"": 3, ""13:00"": 2, ""15:00"": 1}",614.4171214434904,120.0,120.0,734.4171214434904,614.4171214434904,614.4171214434904,734.4171214434904,734.4171214434904,342.22065647991803,342.22065647991803,0.0,0.0,0.0,15,15,15,8,8,8,0.0,0.0,8,8,0,0,0,0.0,0,0,0,0,0,0,0,0,16.33422642266018,16:20,16.33422642266018,16:20,16.33422642266018,16:20,3.334226422660178,1.7986062181664106,32,105,0,0,0,0,[],,0,True,True,True,True,True,True,0.5920000000000001,0.41500000000000004,ok,ok,
60,35,60c_cap35,added_14_wave,dispatch_policy,sensitivity_variant,results/hybrid_supplier_customer_kmeans_timing_waves_constructed_split_14wave_v1,run_2026_07_17_212257,1,run_2026_07_17_212257,True,main,hybrid_supplier_customer_kmeans_timing_waves_constructed_split_14wave_v1,depot_dispatch_waves_wave_constructed_with_duration_split_repair,depot_dispatch_waves_wave_constructed,same_wave_duration_split_with_2opt,"depot routes only, after per-wave post-relocation 2-opt",angular_partition supplier-direct assignment + depot customer dispatch-wave assignment + per-wave kmeans_clustering + nearest_neighbor + 2-opt + same-wave duration split repair,2-opt + supplier-level 1-0 relocation + 2-opt + simple split repair,supplier_region,global_depot_pool_by_dispatch_wave,supplier_direct_routes within supplier region; depot routes within dispatch-wave bucket,"[9.0, 11.0, 13.0, 14.0, 15.0]","[""09:00"", ""11:00"", ""13:00"", ""14:00"", ""15:00""]",5,True,config_used.json,18.0,18:00,30,config_used.json,30.0,0.16666666666666669,0.5,30,8.0,08:00,13.0,13:00,15,42,3,5,42,30,25,35,"{""09:00"": 7, ""11:00"": 11, ""13:00"": 15, ""14:00"": 2, ""15:00"": 0}","{""09:00"": 2, ""11:00"": 3, ""13:00"": 2, ""14:00"": 1}",559.6834867460417,72.0,72.0,631.6834867460417,559.6834867460417,559.6834867460417,631.6834867460417,631.6834867460417,344.96541352296833,344.96541352296833,0.0,0.0,0.0,14,14,14,8,8,8,0.0,0.0,8,8,0,0,0,0.0,0,0,0,0,0,0,0,0,17.326394912890997,17:20,17.326394912890997,17:20,17.326394912890997,17:20,4.326394912890995,2.166522556345701,24,90,0,0,0,0,[],,0,True,True,True,True,True,True,0.4530612244897959,0.29642857142857143,ok,ok,
60,35,60c_cap35,base_speed30,reference,reference,results/hybrid_supplier_customer_kmeans_timing_waves_constructed_split_v1,run_2026_07_17_201714,1,run_2026_07_17_201714,True,main,hybrid_supplier_customer_kmeans_timing_waves_constructed_split_v1,depot_dispatch_waves_wave_constructed_with_duration_split_repair,depot_dispatch_waves_wave_constructed,same_wave_duration_split_with_2opt,"depot routes only, after per-wave post-relocation 2-opt",angular_partition supplier-direct assignment + depot customer dispatch-wave assignment + per-wave kmeans_clustering + nearest_neighbor + 2-opt + same-wave duration split repair,2-opt + supplier-level 1-0 relocation + 2-opt + simple split repair,supplier_region,global_depot_pool_by_dispatch_wave,supplier_direct_routes within supplier region; depot routes within dispatch-wave bucket,"[9.0, 11.0, 13.0, 15.0]","[""09:00"", ""11:00"", ""13:00"", ""15:00""]",4,False,config_used.json,18.0,18:00,30.0,route_record_estimate,30.0,0.16666666666666669,0.5,30,8.0,08:00,13.0,13:00,15,42,3,5,42,30,25,35,"{""09:00"": 7, ""11:00"": 11, ""13:00"": 15, ""15:00"": 2}","{""09:00"": 2, ""11:00"": 3, ""13:00"": 2, ""15:00"": 1}",559.6834867460417,72.0,72.0,631.6834867460417,559.6834867460417,559.6834867460417,631.6834867460417,631.6834867460417,344.96541352296833,344.96541352296833,0.0,0.0,0.0,14,14,14,8,8,8,0.0,0.0,8,8,0,0,0,0.0,0,0,0,0,0,0,0,0,17.326394912890997,17:20,17.326394912890997,17:20,17.326394912890997,17:20,4.326394912890995,2.166522556345701,32,105,0,0,0,0,[],,0,True,True,True,True,True,True,0.4530612244897959,0.29642857142857143,ok,ok,
60,35,60c_cap35,speed40,speed,sensitivity_variant,results/hybrid_supplier_customer_kmeans_timing_waves_constructed_split_v1_40_speed,run_2026_07_17_204107,1,run_2026_07_17_204107,True,main,hybrid_supplier_customer_kmeans_timing_waves_constructed_split_v1,depot_dispatch_waves_wave_constructed_with_duration_split_repair,depot_dispatch_waves_wave_constructed,same_wave_duration_split_with_2opt,"depot routes only, after per-wave post-relocation 2-opt",angular_partition supplier-direct assignment + depot customer dispatch-wave assignment + per-wave kmeans_clustering + nearest_neighbor + 2-opt + same-wave duration split repair,2-opt + supplier-level 1-0 relocation + 2-opt + simple split repair,supplier_region,global_depot_pool_by_dispatch_wave,supplier_direct_routes within supplier region; depot routes within dispatch-wave bucket,"[9.0, 11.0, 13.0, 15.0]","[""09:00"", ""11:00"", ""13:00"", ""15:00""]",4,False,config_used.json,18.0,18:00,40,config_used.json,40.0,0.16666666666666669,0.5,30,8.0,08:00,13.0,13:00,15,42,3,5,42,30,25,35,"{""09:00"": 7, ""11:00"": 11, ""13:00"": 15, ""15:00"": 2}","{""09:00"": 2, ""11:00"": 3, ""13:00"": 2, ""15:00"": 1}",559.6834867460417,72.0,72.0,631.6834867460417,559.6834867460417,559.6834867460417,631.6834867460417,631.6834867460417,344.96541352296833,344.96541352296833,0.0,0.0,0.0,14,14,14,8,8,8,0.0,0.0,8,8,0,0,0,0.0,0,0,0,0,0,0,0,0,16.661462851334914,16:40,16.661462851334914,16:40,16.661462851334914,16:40,3.661462851334913,1.8071835839259427,32,105,0,0,0,0,[],,0,True,True,True,True,True,True,0.4530612244897959,0.29642857142857143,ok,ok,
80,15,80c_cap15,added_14_wave,dispatch_policy,sensitivity_variant,results/hybrid_supplier_customer_kmeans_timing_waves_constructed_split_14wave_v1,run_2026_07_17_212258,1,run_2026_07_17_212258,True,main,hybrid_supplier_customer_kmeans_timing_waves_constructed_split_14wave_v1,depot_dispatch_waves_wave_constructed_with_duration_split_repair,depot_dispatch_waves_wave_constructed,same_wave_duration_split_with_2opt,"depot routes only, after per-wave post-relocation 2-opt",angular_partition supplier-direct assignment + depot customer dispatch-wave assignment + per-wave kmeans_clustering + nearest_neighbor + 2-opt + same-wave duration split repair,2-opt + supplier-level 1-0 relocation + 2-opt + simple split repair,supplier_region,global_depot_pool_by_dispatch_wave,supplier_direct_routes within supplier region; depot routes within dispatch-wave bucket,"[9.0, 11.0, 13.0, 14.0, 15.0]","[""09:00"", ""11:00"", ""13:00"", ""14:00"", ""15:00""]",5,True,config_used.json,18.0,18:00,30,config_used.json,30.0,0.16666666666666669,0.5,30,8.0,08:00,13.0,13:00,15,42,3,5,42,40,29,51,"{""09:00"": 10, ""11:00"": 17, ""13:00"": 22, ""14:00"": 2, ""15:00"": 0}","{""09:00"": 2, ""11:00"": 4, ""13:00"": 4, ""14:00"": 1}",1219.7653021673277,288.0,288.0,1507.7653021673277,1219.7653021673277,1219.7653021673277,1507.7653021673277,1507.7653021673277,601.5680157172785,601.5680157172785,0.0,0.0,0.0,26,26,26,11,11,11,0.0,0.0,11,11,0,0,0,0.0,0,0,0,0,0,0,0,0,16.838111305475636,16:50,16.838111305475636,16:50,16.838111305475636,16:50,3.8381113054756364,2.595660653688722,23,90,0,0,0,0,[],,0,True,True,True,True,True,True,0.7205128205128204,0.7272727272727272,ok,ok,
80,15,80c_cap15,base_speed30,reference,reference,results/hybrid_supplier_customer_kmeans_timing_waves_constructed_split_v1,run_2026_07_17_201714,1,run_2026_07_17_201714,True,main,hybrid_supplier_customer_kmeans_timing_waves_constructed_split_v1,depot_dispatch_waves_wave_constructed_with_duration_split_repair,depot_dispatch_waves_wave_constructed,same_wave_duration_split_with_2opt,"depot routes only, after per-wave post-relocation 2-opt",angular_partition supplier-direct assignment + depot customer dispatch-wave assignment + per-wave kmeans_clustering + nearest_neighbor + 2-opt + same-wave duration split repair,2-opt + supplier-level 1-0 relocation + 2-opt + simple split repair,supplier_region,global_depot_pool_by_dispatch_wave,supplier_direct_routes within supplier region; depot routes within dispatch-wave bucket,"[9.0, 11.0, 13.0, 15.0]","[""09:00"", ""11:00"", ""13:00"", ""15:00""]",4,False,config_used.json,18.0,18:00,30.0,route_record_estimate,30.0,0.16666666666666669,0.5,30,8.0,08:00,13.0,13:00,15,42,3,5,42,40,29,51,"{""09:00"": 10, ""11:00"": 17, ""13:00"": 22, ""15:00"": 2}","{""09:00"": 2, ""11:00"": 4, ""13:00"": 4, ""15:00"": 1}",1219.7653021673277,288.0,288.0,1507.7653021673277,1219.7653021673277,1219.7653021673277,1507.7653021673277,1507.7653021673277,601.5680157172785,601.5680157172785,0.0,0.0,0.0,26,26,26,11,11,11,0.0,0.0,11,11,0,0,0,0.0,0,0,0,0,0,0,0,0,16.96651909167439,16:58,16.96651909167439,16:58,16.96651909167439,16:58,3.8381113054756364,2.595660653688722,29,105,0,0,0,0,[],,0,True,True,True,True,True,True,0.7205128205128204,0.7272727272727272,ok,ok,
80,15,80c_cap15,speed40,speed,sensitivity_variant,results/hybrid_supplier_customer_kmeans_timing_waves_constructed_split_v1_40_speed,run_2026_07_17_204107,1,run_2026_07_17_204107,True,main,hybrid_supplier_customer_kmeans_timing_waves_constructed_split_v1,depot_dispatch_waves_wave_constructed_with_duration_split_repair,depot_dispatch_waves_wave_constructed,same_wave_duration_split_with_2opt,"depot routes only, after per-wave post-relocation 2-opt",angular_partition supplier-direct assignment + depot customer dispatch-wave assignment + per-wave kmeans_clustering + nearest_neighbor + 2-opt + same-wave duration split repair,2-opt + supplier-level 1-0 relocation + 2-opt + simple split repair,supplier_region,global_depot_pool_by_dispatch_wave,supplier_direct_routes within supplier region; depot routes within dispatch-wave bucket,"[9.0, 11.0, 13.0, 15.0]","[""09:00"", ""11:00"", ""13:00"", ""15:00""]",4,False,config_used.json,18.0,18:00,40,config_used.json,40.0,0.16666666666666669,0.5,30,8.0,08:00,13.0,13:00,15,42,3,5,42,40,29,51,"{""09:00"": 10, ""11:00"": 17, ""13:00"": 22, ""15:00"": 2}","{""09:00"": 2, ""11:00"": 4, ""13:00"": 4, ""15:00"": 1}",1219.7653021673277,288.0,288.0,1507.7653021673277,1219.7653021673277,1219.7653021673277,1507.7653021673277,1507.7653021673277,601.5680157172785,601.5680157172785,0.0,0.0,0.0,26,26,26,11,11,11,0.0,0.0,11,11,0,0,0,0.0,0,0,0,0,0,0,0,0,16.558222652089125,16:33,16.558222652089125,16:33,16.558222652089125,16:33,3.1285834791067275,2.13992730844836,29,105,0,0,0,0,[],,0,True,True,True,True,True,True,0.7205128205128204,0.7272727272727272,ok,ok,
80,25,80c_cap25,added_14_wave,dispatch_policy,sensitivity_variant,results/hybrid_supplier_customer_kmeans_timing_waves_constructed_split_14wave_v1,run_2026_07_17_212258,1,run_2026_07_17_212258,True,main,hybrid_supplier_customer_kmeans_timing_waves_constructed_split_14wave_v1,depot_dispatch_waves_wave_constructed_with_duration_split_repair,depot_dispatch_waves_wave_constructed,same_wave_duration_split_with_2opt,"depot routes only, after per-wave post-relocation 2-opt",angular_partition supplier-direct assignment + depot customer dispatch-wave assignment + per-wave kmeans_clustering + nearest_neighbor + 2-opt + same-wave duration split repair,2-opt + supplier-level 1-0 relocation + 2-opt + simple split repair,supplier_region,global_depot_pool_by_dispatch_wave,supplier_direct_routes within supplier region; depot routes within dispatch-wave bucket,"[9.0, 11.0, 13.0, 14.0, 15.0]","[""09:00"", ""11:00"", ""13:00"", ""14:00"", ""15:00""]",5,True,config_used.json,18.0,18:00,30,config_used.json,30.0,0.16666666666666669,0.5,30,8.0,08:00,13.0,13:00,15,42,3,5,42,40,29,51,"{""09:00"": 10, ""11:00"": 17, ""13:00"": 22, ""14:00"": 2, ""15:00"": 0}","{""09:00"": 2, ""11:00"": 3, ""13:00"": 4, ""14:00"": 1}",956.9299630247157,192.0,192.0,1148.9299630247156,956.9299630247157,956.9299630247157,1148.9299630247156,1148.9299630247156,566.8730292591857,566.8730292591857,0.0,0.0,0.0,18,18,18,10,10,10,0.0,0.0,10,10,0,0,0,0.0,0,0,0,0,0,0,0,0,16.80097029103913,16:48,16.80097029103913,16:48,16.80097029103913,16:48,3.8009702910391265,2.7395767641972855,28,90,0,0,0,0,[],,0,True,True,True,True,True,True,0.6244444444444445,0.4800000000000001,ok,ok,
80,25,80c_cap25,base_speed30,reference,reference,results/hybrid_supplier_customer_kmeans_timing_waves_constructed_split_v1,run_2026_07_17_201715,1,run_2026_07_17_201715,True,main,hybrid_supplier_customer_kmeans_timing_waves_constructed_split_v1,depot_dispatch_waves_wave_constructed_with_duration_split_repair,depot_dispatch_waves_wave_constructed,same_wave_duration_split_with_2opt,"depot routes only, after per-wave post-relocation 2-opt",angular_partition supplier-direct assignment + depot customer dispatch-wave assignment + per-wave kmeans_clustering + nearest_neighbor + 2-opt + same-wave duration split repair,2-opt + supplier-level 1-0 relocation + 2-opt + simple split repair,supplier_region,global_depot_pool_by_dispatch_wave,supplier_direct_routes within supplier region; depot routes within dispatch-wave bucket,"[9.0, 11.0, 13.0, 15.0]","[""09:00"", ""11:00"", ""13:00"", ""15:00""]",4,False,config_used.json,18.0,18:00,30.0,route_record_estimate,30.0,0.16666666666666669,0.5,30,8.0,08:00,13.0,13:00,15,42,3,5,42,40,29,51,"{""09:00"": 10, ""11:00"": 17, ""13:00"": 22, ""15:00"": 2}","{""09:00"": 2, ""11:00"": 3, ""13:00"": 4, ""15:00"": 1}",956.9299630247157,192.0,192.0,1148.9299630247156,956.9299630247157,956.9299630247157,1148.9299630247156,1148.9299630247156,566.8730292591857,566.8730292591857,0.0,0.0,0.0,18,18,18,10,10,10,0.0,0.0,10,10,0,0,0,0.0,0,0,0,0,0,0,0,0,16.96651909167439,16:58,16.96651909167439,16:58,16.96651909167439,16:58,3.8009702910391265,2.7395767641972855,34,105,0,0,0,0,[],,0,True,True,True,True,True,True,0.6244444444444445,0.4800000000000001,ok,ok,
80,25,80c_cap25,speed40,speed,sensitivity_variant,results/hybrid_supplier_customer_kmeans_timing_waves_constructed_split_v1_40_speed,run_2026_07_17_204108,1,run_2026_07_17_204108,True,main,hybrid_supplier_customer_kmeans_timing_waves_constructed_split_v1,depot_dispatch_waves_wave_constructed_with_duration_split_repair,depot_dispatch_waves_wave_constructed,same_wave_duration_split_with_2opt,"depot routes only, after per-wave post-relocation 2-opt",angular_partition supplier-direct assignment + depot customer dispatch-wave assignment + per-wave kmeans_clustering + nearest_neighbor + 2-opt + same-wave duration split repair,2-opt + supplier-level 1-0 relocation + 2-opt + simple split repair,supplier_region,global_depot_pool_by_dispatch_wave,supplier_direct_routes within supplier region; depot routes within dispatch-wave bucket,"[9.0, 11.0, 13.0, 15.0]","[""09:00"", ""11:00"", ""13:00"", ""15:00""]",4,False,config_used.json,18.0,18:00,40,config_used.json,40.0,0.16666666666666669,0.5,30,8.0,08:00,13.0,13:00,15,42,3,5,42,40,29,51,"{""09:00"": 10, ""11:00"": 17, ""13:00"": 22, ""15:00"": 2}","{""09:00"": 2, ""11:00"": 3, ""13:00"": 4, ""15:00"": 1}",956.9299630247157,192.0,192.0,1148.9299630247156,956.9299630247157,956.9299630247157,1148.9299630247156,1148.9299630247156,566.8730292591857,566.8730292591857,0.0,0.0,0.0,18,18,18,10,10,10,0.0,0.0,10,10,0,0,0,0.0,0,0,0,0,0,0,0,0,16.558222652089125,16:33,16.558222652089125,16:33,16.558222652089125,16:33,3.225727718279345,2.267182573147964,34,105,0,0,0,0,[],,0,True,True,True,True,True,True,0.6244444444444445,0.4800000000000001,ok,ok,
80,35,80c_cap35,added_14_wave,dispatch_policy,sensitivity_variant,results/hybrid_supplier_customer_kmeans_timing_waves_constructed_split_14wave_v1,run_2026_07_17_212259,1,run_2026_07_17_212259,True,main,hybrid_supplier_customer_kmeans_timing_waves_constructed_split_14wave_v1,depot_dispatch_waves_wave_constructed_with_duration_split_repair,depot_dispatch_waves_wave_constructed,same_wave_duration_split_with_2opt,"depot routes only, after per-wave post-relocation 2-opt",angular_partition supplier-direct assignment + depot customer dispatch-wave assignment + per-wave kmeans_clustering + nearest_neighbor + 2-opt + same-wave duration split repair,2-opt + supplier-level 1-0 relocation + 2-opt + simple split repair,supplier_region,global_depot_pool_by_dispatch_wave,supplier_direct_routes within supplier region; depot routes within dispatch-wave bucket,"[9.0, 11.0, 13.0, 14.0, 15.0]","[""09:00"", ""11:00"", ""13:00"", ""14:00"", ""15:00""]",5,True,config_used.json,18.0,18:00,30,config_used.json,30.0,0.16666666666666666,0.5,30,8.0,08:00,13.0,13:00,15,42,3,5,42,40,29,51,"{""09:00"": 10, ""11:00"": 17, ""13:00"": 22, ""14:00"": 2, ""15:00"": 0}","{""09:00"": 2, ""11:00"": 3, ""13:00"": 3, ""14:00"": 1}",851.4859000471055,160.0,160.0,1011.4859000471055,851.4859000471055,851.4859000471055,1011.4859000471055,1011.4859000471055,543.6460453568926,543.6460453568926,0.0,0.0,0.0,15,15,15,9,9,9,0.0,0.0,9,9,0,0,0,0.0,0,0,0,0,0,0,0,0,17.950363630996765,17:57,17.950363630996765,17:57,17.950363630996765,17:57,4.9503636309967645,2.9579483161366387,27,90,0,0,0,0,[],,0,True,True,True,True,True,True,0.5352380952380952,0.38095238095238093,ok,ok,
80,35,80c_cap35,base_speed30,reference,reference,results/hybrid_supplier_customer_kmeans_timing_waves_constructed_split_v1,run_2026_07_17_201715,1,run_2026_07_17_201715,True,main,hybrid_supplier_customer_kmeans_timing_waves_constructed_split_v1,depot_dispatch_waves_wave_constructed_with_duration_split_repair,depot_dispatch_waves_wave_constructed,same_wave_duration_split_with_2opt,"depot routes only, after per-wave post-relocation 2-opt",angular_partition supplier-direct assignment + depot customer dispatch-wave assignment + per-wave kmeans_clustering + nearest_neighbor + 2-opt + same-wave duration split repair,2-opt + supplier-level 1-0 relocation + 2-opt + simple split repair,supplier_region,global_depot_pool_by_dispatch_wave,supplier_direct_routes within supplier region; depot routes within dispatch-wave bucket,"[9.0, 11.0, 13.0, 15.0]","[""09:00"", ""11:00"", ""13:00"", ""15:00""]",4,False,config_used.json,18.0,18:00,30.0,route_record_estimate,30.0,0.16666666666666666,0.5,30,8.0,08:00,13.0,13:00,15,42,3,5,42,40,29,51,"{""09:00"": 10, ""11:00"": 17, ""13:00"": 22, ""15:00"": 2}","{""09:00"": 2, ""11:00"": 3, ""13:00"": 3, ""15:00"": 1}",851.4859000471055,160.0,160.0,1011.4859000471055,851.4859000471055,851.4859000471055,1011.4859000471055,1011.4859000471055,543.6460453568926,543.6460453568926,0.0,0.0,0.0,15,15,15,9,9,9,0.0,0.0,9,9,0,0,0,0.0,0,0,0,0,0,0,0,0,17.950363630996765,17:57,17.950363630996765,17:57,17.950363630996765,17:57,4.9503636309967645,2.9579483161366387,33,105,0,0,0,0,[],,0,True,True,True,True,True,True,0.5352380952380952,0.38095238095238093,ok,ok,
80,35,80c_cap35,speed40,speed,sensitivity_variant,results/hybrid_supplier_customer_kmeans_timing_waves_constructed_split_v1_40_speed,run_2026_07_17_204108,1,run_2026_07_17_204108,True,main,hybrid_supplier_customer_kmeans_timing_waves_constructed_split_v1,depot_dispatch_waves_wave_constructed_with_duration_split_repair,depot_dispatch_waves_wave_constructed,same_wave_duration_split_with_2opt,"depot routes only, after per-wave post-relocation 2-opt",angular_partition supplier-direct assignment + depot customer dispatch-wave assignment + per-wave kmeans_clustering + nearest_neighbor + 2-opt + same-wave duration split repair,2-opt + supplier-level 1-0 relocation + 2-opt + simple split repair,supplier_region,global_depot_pool_by_dispatch_wave,supplier_direct_routes within supplier region; depot routes within dispatch-wave bucket,"[9.0, 11.0, 13.0, 15.0]","[""09:00"", ""11:00"", ""13:00"", ""15:00""]",4,False,config_used.json,18.0,18:00,40,config_used.json,40.0,0.16666666666666666,0.5,30,8.0,08:00,13.0,13:00,15,42,3,5,42,40,29,51,"{""09:00"": 10, ""11:00"": 17, ""13:00"": 22, ""15:00"": 2}","{""09:00"": 2, ""11:00"": 3, ""13:00"": 3, ""15:00"": 1}",851.4859000471055,160.0,160.0,1011.4859000471055,851.4859000471055,851.4859000471055,1011.4859000471055,1011.4859000471055,543.6460453568926,543.6460453568926,0.0,0.0,0.0,15,15,15,9,9,9,0.0,0.0,9,9,0,0,0,0.0,0,0,0,0,0,0,0,0,17.25443938991424,17:15,17.25443938991424,17:15,17.25443938991424,17:15,4.25443938991424,2.45457234821359,33,105,0,0,0,0,[],,0,True,True,True,True,True,True,0.5352380952380952,0.38095238095238093,ok,ok,
100,15,100c_cap15,added_14_wave,dispatch_policy,sensitivity_variant,results/hybrid_supplier_customer_kmeans_timing_waves_constructed_split_14wave_v1,run_2026_07_17_212259,1,run_2026_07_17_212259,True,main,hybrid_supplier_customer_kmeans_timing_waves_constructed_split_14wave_v1,depot_dispatch_waves_wave_constructed_with_duration_split_repair,depot_dispatch_waves_wave_constructed,same_wave_duration_split_with_2opt,"depot routes only, after per-wave post-relocation 2-opt",angular_partition supplier-direct assignment + depot customer dispatch-wave assignment + per-wave kmeans_clustering + nearest_neighbor + 2-opt + same-wave duration split repair,2-opt + supplier-level 1-0 relocation + 2-opt + simple split repair,supplier_region,global_depot_pool_by_dispatch_wave,supplier_direct_routes within supplier region; depot routes within dispatch-wave bucket,"[9.0, 11.0, 13.0, 14.0, 15.0]","[""09:00"", ""11:00"", ""13:00"", ""14:00"", ""15:00""]",5,True,config_used.json,18.0,18:00,30,config_used.json,30.0,0.16666666666666666,0.5,30,8.0,08:00,13.0,13:00,15,42,3,5,42,50,36,64,"{""09:00"": 10, ""11:00"": 22, ""13:00"": 28, ""14:00"": 4, ""15:00"": 0}","{""09:00"": 2, ""11:00"": 4, ""13:00"": 6, ""14:00"": 2}",1817.7083726663295,440.0,440.0,2257.7083726663295,1795.6165393662523,1817.7083726663295,2235.6165393662523,2257.7083726663295,905.1325784877007,927.224411787778,22.09183330007727,22.09183330007727,0.9881763223285069,31,30,31,14,13,14,1.0,1.0,14,14,0,1,0,-1.0,0,0,0,0,1,0,0,0,16.435882599568266,16:26,18.092894486790826,18:06,16.435882599568266,16:26,3.61304257484783,2.9695819328280435,26,45,1,1,0,0,[],,1,True,True,True,True,True,True,0.7440860215053761,0.7142857142857144,ok,ok,
100,15,100c_cap15,base_speed30,reference,reference,results/hybrid_supplier_customer_kmeans_timing_waves_constructed_split_v1,run_2026_07_17_201716,1,run_2026_07_17_201716,True,main,hybrid_supplier_customer_kmeans_timing_waves_constructed_split_v1,depot_dispatch_waves_wave_constructed_with_duration_split_repair,depot_dispatch_waves_wave_constructed,same_wave_duration_split_with_2opt,"depot routes only, after per-wave post-relocation 2-opt",angular_partition supplier-direct assignment + depot customer dispatch-wave assignment + per-wave kmeans_clustering + nearest_neighbor + 2-opt + same-wave duration split repair,2-opt + supplier-level 1-0 relocation + 2-opt + simple split repair,supplier_region,global_depot_pool_by_dispatch_wave,supplier_direct_routes within supplier region; depot routes within dispatch-wave bucket,"[9.0, 11.0, 13.0, 15.0]","[""09:00"", ""11:00"", ""13:00"", ""15:00""]",4,False,config_used.json,18.0,18:00,30.0,route_record_estimate,30.0,0.16666666666666666,0.5,30,8.0,08:00,13.0,13:00,15,42,3,5,42,50,36,64,"{""09:00"": 10, ""11:00"": 22, ""13:00"": 28, ""15:00"": 4}","{""09:00"": 2, ""11:00"": 4, ""13:00"": 6, ""15:00"": 2}",1817.7083726663295,440.0,440.0,2257.7083726663295,1795.6165393662523,1817.7083726663295,2235.6165393662523,2257.7083726663295,905.1325784877007,927.224411787778,22.09183330007727,22.09183330007727,0.9881763223285069,31,30,31,14,13,14,1.0,1.0,14,14,0,1,0,-1.0,0,0,0,0,1,0,0,0,17.22216462773379,17:13,18.092894486790826,18:06,17.22216462773379,17:13,3.61304257484783,2.9695819328280435,34,105,1,1,0,0,[],,1,True,True,True,True,True,True,0.7440860215053761,0.7142857142857144,ok,ok,
100,15,100c_cap15,speed40,speed,sensitivity_variant,results/hybrid_supplier_customer_kmeans_timing_waves_constructed_split_v1_40_speed,run_2026_07_17_204109,1,run_2026_07_17_204109,True,main,hybrid_supplier_customer_kmeans_timing_waves_constructed_split_v1,depot_dispatch_waves_wave_constructed_with_duration_split_repair,depot_dispatch_waves_wave_constructed,same_wave_duration_split_with_2opt,"depot routes only, after per-wave post-relocation 2-opt",angular_partition supplier-direct assignment + depot customer dispatch-wave assignment + per-wave kmeans_clustering + nearest_neighbor + 2-opt + same-wave duration split repair,2-opt + supplier-level 1-0 relocation + 2-opt + simple split repair,supplier_region,global_depot_pool_by_dispatch_wave,supplier_direct_routes within supplier region; depot routes within dispatch-wave bucket,"[9.0, 11.0, 13.0, 15.0]","[""09:00"", ""11:00"", ""13:00"", ""15:00""]",4,False,config_used.json,18.0,18:00,40,config_used.json,40.0,0.16666666666666666,0.5,30,8.0,08:00,13.0,13:00,15,42,3,5,42,50,36,64,"{""09:00"": 10, ""11:00"": 22, ""13:00"": 28, ""15:00"": 4}","{""09:00"": 2, ""11:00"": 4, ""13:00"": 5, ""15:00"": 2}",1795.6165393662525,440.0,440.0,2235.6165393662523,1795.6165393662525,1795.6165393662525,2235.6165393662523,2235.6165393662523,905.1325784877007,905.1325784877007,0.0,0.0,0.0,30,30,30,13,13,13,0.0,0.0,13,13,0,0,0,0.0,0,0,0,0,0,0,0,0,17.06967086509312,17:04,17.06967086509312,17:04,17.06967086509312,17:04,4.069670865093118,2.5611523945276295,33,105,0,0,0,0,[],,0,True,True,True,True,True,True,0.7688888888888887,0.7692307692307694,ok,ok,
100,25,100c_cap25,added_14_wave,dispatch_policy,sensitivity_variant,results/hybrid_supplier_customer_kmeans_timing_waves_constructed_split_14wave_v1,run_2026_07_17_212300,1,run_2026_07_17_212300,True,main,hybrid_supplier_customer_kmeans_timing_waves_constructed_split_14wave_v1,depot_dispatch_waves_wave_constructed_with_duration_split_repair,depot_dispatch_waves_wave_constructed,same_wave_duration_split_with_2opt,"depot routes only, after per-wave post-relocation 2-opt",angular_partition supplier-direct assignment + depot customer dispatch-wave assignment + per-wave kmeans_clustering + nearest_neighbor + 2-opt + same-wave duration split repair,2-opt + supplier-level 1-0 relocation + 2-opt + simple split repair,supplier_region,global_depot_pool_by_dispatch_wave,supplier_direct_routes within supplier region; depot routes within dispatch-wave bucket,"[9.0, 11.0, 13.0, 14.0, 15.0]","[""09:00"", ""11:00"", ""13:00"", ""14:00"", ""15:00""]",5,True,config_used.json,18.0,18:00,30,config_used.json,30.0,0.1666666666666667,0.5,30,8.0,08:00,13.0,13:00,15,42,3,5,42,50,36,64,"{""09:00"": 10, ""11:00"": 22, ""13:00"": 28, ""14:00"": 4, ""15:00"": 0}","{""09:00"": 2, ""11:00"": 3, ""13:00"": 5, ""14:00"": 2}",1433.487371849026,320.0,320.0,1753.487371849026,1398.2852540983672,1433.487371849026,1718.2852540983672,1753.487371849026,805.8022409268491,841.004358677508,35.202117750658886,35.20211775065877,2.0486771720060135,22,21,22,12,11,12,1.0,1.0,12,12,0,1,0,-1.0,0,0,0,0,1,0,0,0,17.74062193358359,17:44,18.016133018529477,18:01,17.74062193358359,17:44,4.740621933583592,3.225012107437523,26,75,1,1,0,0,[],,1,True,True,True,True,True,True,0.629090909090909,0.5000000000000001,ok,ok,
100,25,100c_cap25,base_speed30,reference,reference,results/hybrid_supplier_customer_kmeans_timing_waves_constructed_split_v1,run_2026_07_17_201716,1,run_2026_07_17_201716,True,main,hybrid_supplier_customer_kmeans_timing_waves_constructed_split_v1,depot_dispatch_waves_wave_constructed_with_duration_split_repair,depot_dispatch_waves_wave_constructed,same_wave_duration_split_with_2opt,"depot routes only, after per-wave post-relocation 2-opt",angular_partition supplier-direct assignment + depot customer dispatch-wave assignment + per-wave kmeans_clustering + nearest_neighbor + 2-opt + same-wave duration split repair,2-opt + supplier-level 1-0 relocation + 2-opt + simple split repair,supplier_region,global_depot_pool_by_dispatch_wave,supplier_direct_routes within supplier region; depot routes within dispatch-wave bucket,"[9.0, 11.0, 13.0, 15.0]","[""09:00"", ""11:00"", ""13:00"", ""15:00""]",4,False,config_used.json,18.0,18:00,30.0,route_record_estimate,30.0,0.1666666666666667,0.5,30,8.0,08:00,13.0,13:00,15,42,3,5,42,50,36,64,"{""09:00"": 10, ""11:00"": 22, ""13:00"": 28, ""15:00"": 4}","{""09:00"": 2, ""11:00"": 3, ""13:00"": 5, ""15:00"": 2}",1433.487371849026,320.0,320.0,1753.487371849026,1398.2852540983672,1433.487371849026,1718.2852540983672,1753.487371849026,805.8022409268491,841.004358677508,35.202117750658886,35.20211775065877,2.0486771720060135,22,21,22,12,11,12,1.0,1.0,12,12,0,1,0,-1.0,0,0,0,0,1,0,0,0,17.74062193358359,17:44,18.016133018529477,18:01,17.74062193358359,17:44,4.740621933583592,3.225012107437523,36,105,1,1,0,0,[],,1,True,True,True,True,True,True,0.629090909090909,0.5000000000000001,ok,ok,
100,25,100c_cap25,speed40,speed,sensitivity_variant,results/hybrid_supplier_customer_kmeans_timing_waves_constructed_split_v1_40_speed,run_2026_07_17_204109,1,run_2026_07_17_204109,True,main,hybrid_supplier_customer_kmeans_timing_waves_constructed_split_v1,depot_dispatch_waves_wave_constructed_with_duration_split_repair,depot_dispatch_waves_wave_constructed,same_wave_duration_split_with_2opt,"depot routes only, after per-wave post-relocation 2-opt",angular_partition supplier-direct assignment + depot customer dispatch-wave assignment + per-wave kmeans_clustering + nearest_neighbor + 2-opt + same-wave duration split repair,2-opt + supplier-level 1-0 relocation + 2-opt + simple split repair,supplier_region,global_depot_pool_by_dispatch_wave,supplier_direct_routes within supplier region; depot routes within dispatch-wave bucket,"[9.0, 11.0, 13.0, 15.0]","[""09:00"", ""11:00"", ""13:00"", ""15:00""]",4,False,config_used.json,18.0,18:00,40,config_used.json,40.0,0.1666666666666667,0.5,30,8.0,08:00,13.0,13:00,15,42,3,5,42,50,36,64,"{""09:00"": 10, ""11:00"": 22, ""13:00"": 28, ""15:00"": 4}","{""09:00"": 2, ""11:00"": 3, ""13:00"": 4, ""15:00"": 2}",1398.285254098367,320.0,320.0,1718.285254098367,1398.285254098367,1398.285254098367,1718.285254098367,1718.285254098367,805.8022409268491,805.8022409268491,0.0,0.0,0.0,21,21,21,11,11,11,0.0,0.0,11,11,0,0,0,0.0,0,0,0,0,0,0,0,0,17.09543309723044,17:06,17.09543309723044,17:06,17.09543309723044,17:06,4.0954330972304405,2.801065699076172,35,105,0,0,0,0,[],,0,True,True,True,True,True,True,0.659047619047619,0.5454545454545454,ok,ok,
100,35,100c_cap35,added_14_wave,dispatch_policy,sensitivity_variant,results/hybrid_supplier_customer_kmeans_timing_waves_constructed_split_14wave_v1,run_2026_07_17_212300,1,run_2026_07_17_212300,True,main,hybrid_supplier_customer_kmeans_timing_waves_constructed_split_14wave_v1,depot_dispatch_waves_wave_constructed_with_duration_split_repair,depot_dispatch_waves_wave_constructed,same_wave_duration_split_with_2opt,"depot routes only, after per-wave post-relocation 2-opt",angular_partition supplier-direct assignment + depot customer dispatch-wave assignment + per-wave kmeans_clustering + nearest_neighbor + 2-opt + same-wave duration split repair,2-opt + supplier-level 1-0 relocation + 2-opt + simple split repair,supplier_region,global_depot_pool_by_dispatch_wave,supplier_direct_routes within supplier region; depot routes within dispatch-wave bucket,"[9.0, 11.0, 13.0, 14.0, 15.0]","[""09:00"", ""11:00"", ""13:00"", ""14:00"", ""15:00""]",5,True,config_used.json,18.0,18:00,30,config_used.json,30.0,0.16666666666666666,0.5,30,8.0,08:00,13.0,13:00,15,42,3,5,42,50,36,64,"{""09:00"": 10, ""11:00"": 22, ""13:00"": 28, ""14:00"": 4, ""15:00"": 0}","{""09:00"": 2, ""11:00"": 3, ""13:00"": 6, ""14:00"": 2}",1342.006811234781,240.0,240.0,1582.006811234781,1254.132733122212,1342.006811234781,1494.132733122212,1582.006811234781,792.0856529225606,879.9597310351298,87.87407811256924,87.87407811256912,5.881276553585919,21,19,21,13,11,13,2.0,2.0,13,13,0,2,0,-2.0,0,0,0,0,2,0,0,0,17.056000825994182,17:03,19.143310110243327,19:09,17.056000825994182,17:03,4.78459165002388,3.076819823167,32,90,2,2,0,0,[],,2,True,True,True,True,True,True,0.47074829931972784,0.32967032967032966,ok,ok,
100,35,100c_cap35,base_speed30,reference,reference,results/hybrid_supplier_customer_kmeans_timing_waves_constructed_split_v1,run_2026_07_17_201717,1,run_2026_07_17_201717,True,main,hybrid_supplier_customer_kmeans_timing_waves_constructed_split_v1,depot_dispatch_waves_wave_constructed_with_duration_split_repair,depot_dispatch_waves_wave_constructed,same_wave_duration_split_with_2opt,"depot routes only, after per-wave post-relocation 2-opt",angular_partition supplier-direct assignment + depot customer dispatch-wave assignment + per-wave kmeans_clustering + nearest_neighbor + 2-opt + same-wave duration split repair,2-opt + supplier-level 1-0 relocation + 2-opt + simple split repair,supplier_region,global_depot_pool_by_dispatch_wave,supplier_direct_routes within supplier region; depot routes within dispatch-wave bucket,"[9.0, 11.0, 13.0, 15.0]","[""09:00"", ""11:00"", ""13:00"", ""15:00""]",4,False,config_used.json,18.0,18:00,30.0,route_record_estimate,30.0,0.16666666666666666,0.5,30,8.0,08:00,13.0,13:00,15,42,3,5,42,50,36,64,"{""09:00"": 10, ""11:00"": 22, ""13:00"": 28, ""15:00"": 4}","{""09:00"": 2, ""11:00"": 3, ""13:00"": 6, ""15:00"": 2}",1342.006811234781,240.0,240.0,1582.006811234781,1254.132733122212,1342.006811234781,1494.132733122212,1582.006811234781,792.0856529225606,879.9597310351298,87.87407811256924,87.87407811256912,5.881276553585919,21,19,21,13,11,13,2.0,2.0,13,13,0,2,0,-2.0,0,0,0,0,2,0,0,0,17.22216462773379,17:13,19.143310110243327,19:09,17.22216462773379,17:13,4.78459165002388,3.076819823167,42,105,2,2,0,0,[],,2,True,True,True,True,True,True,0.47074829931972784,0.32967032967032966,ok,ok,
100,35,100c_cap35,speed40,speed,sensitivity_variant,results/hybrid_supplier_customer_kmeans_timing_waves_constructed_split_v1_40_speed,run_2026_07_17_204110,1,run_2026_07_17_204110,True,main,hybrid_supplier_customer_kmeans_timing_waves_constructed_split_v1,depot_dispatch_waves_wave_constructed_with_duration_split_repair,depot_dispatch_waves_wave_constructed,same_wave_duration_split_with_2opt,"depot routes only, after per-wave post-relocation 2-opt",angular_partition supplier-direct assignment + depot customer dispatch-wave assignment + per-wave kmeans_clustering + nearest_neighbor + 2-opt + same-wave duration split repair,2-opt + supplier-level 1-0 relocation + 2-opt + simple split repair,supplier_region,global_depot_pool_by_dispatch_wave,supplier_direct_routes within supplier region; depot routes within dispatch-wave bucket,"[9.0, 11.0, 13.0, 15.0]","[""09:00"", ""11:00"", ""13:00"", ""15:00""]",4,False,config_used.json,18.0,18:00,40,config_used.json,40.0,0.16666666666666666,0.5,30,8.0,08:00,13.0,13:00,15,42,3,5,42,50,36,64,"{""09:00"": 10, ""11:00"": 22, ""13:00"": 28, ""15:00"": 4}","{""09:00"": 2, ""11:00"": 3, ""13:00"": 5, ""15:00"": 2}",1306.804693484122,240.0,240.0,1546.804693484122,1254.1327331222117,1306.804693484122,1494.1327331222117,1546.804693484122,792.0856529225606,844.757613284471,52.67196036191035,52.67196036191035,3.5252530912594686,20,19,20,12,11,12,1.0,1.0,12,12,0,1,0,-1.0,0,0,0,0,1,0,0,0,17.09543309723044,17:06,18.232482582682493,18:14,17.09543309723044,17:06,4.0954330972304405,2.6488005832315364,41,105,1,1,0,0,[],,1,True,True,True,True,True,True,0.4942857142857142,0.35714285714285704,ok,ok,
150,15,150c_cap15,added_14_wave,dispatch_policy,sensitivity_variant,results/hybrid_supplier_customer_kmeans_timing_waves_constructed_split_14wave_v1,run_2026_07_17_212301,1,run_2026_07_17_212301,True,main,hybrid_supplier_customer_kmeans_timing_waves_constructed_split_14wave_v1,depot_dispatch_waves_wave_constructed_with_duration_split_repair,depot_dispatch_waves_wave_constructed,same_wave_duration_split_with_2opt,"depot routes only, after per-wave post-relocation 2-opt",angular_partition supplier-direct assignment + depot customer dispatch-wave assignment + per-wave kmeans_clustering + nearest_neighbor + 2-opt + same-wave duration split repair,2-opt + supplier-level 1-0 relocation + 2-opt + simple split repair,supplier_region,global_depot_pool_by_dispatch_wave,supplier_direct_routes within supplier region; depot routes within dispatch-wave bucket,"[9.0, 11.0, 13.0, 14.0, 15.0]","[""09:00"", ""11:00"", ""13:00"", ""14:00"", ""15:00""]",5,True,config_used.json,18.0,18:00,30,config_used.json,30.0,0.1666666666666666,0.5,30,8.0,08:00,13.0,13:00,15,42,3,5,42,75,57,93,"{""09:00"": 14, ""11:00"": 35, ""13:00"": 38, ""14:00"": 6, ""15:00"": 0}","{""09:00"": 3, ""11:00"": 7, ""13:00"": 8, ""14:00"": 4}",4005.6409367040374,960.0,960.0,4965.640936704038,3874.373459777996,4005.6409367040374,4834.373459777997,4965.640936704038,1892.3761384504228,2023.6436153764644,131.26747692604158,131.26747692604113,2.7152945054449553,48,45,48,22,19,22,3.0,3.0,22,22,0,2,0,-2.0,0,0,0,0,2,0,0,0,17.950290731117722,17:57,19.82334783610427,19:49,17.950290731117722,17:57,6.057988564593762,3.770672144509794,21,90,2,2,0,0,[],,3,True,True,True,True,True,True,0.7375000000000002,0.6606060606060606,ok,ok,
150,15,150c_cap15,base_speed30,reference,reference,results/hybrid_supplier_customer_kmeans_timing_waves_constructed_split_v1,run_2026_07_17_201718,1,run_2026_07_17_201718,True,main,hybrid_supplier_customer_kmeans_timing_waves_constructed_split_v1,depot_dispatch_waves_wave_constructed_with_duration_split_repair,depot_dispatch_waves_wave_constructed,same_wave_duration_split_with_2opt,"depot routes only, after per-wave post-relocation 2-opt",angular_partition supplier-direct assignment + depot customer dispatch-wave assignment + per-wave kmeans_clustering + nearest_neighbor + 2-opt + same-wave duration split repair,2-opt + supplier-level 1-0 relocation + 2-opt + simple split repair,supplier_region,global_depot_pool_by_dispatch_wave,supplier_direct_routes within supplier region; depot routes within dispatch-wave bucket,"[9.0, 11.0, 13.0, 15.0]","[""09:00"", ""11:00"", ""13:00"", ""15:00""]",4,False,config_used.json,18.0,18:00,30.0,route_record_estimate,30.0,0.1666666666666666,0.5,30,8.0,08:00,13.0,13:00,15,42,3,5,42,75,57,93,"{""09:00"": 14, ""11:00"": 35, ""13:00"": 38, ""15:00"": 6}","{""09:00"": 3, ""11:00"": 7, ""13:00"": 8, ""15:00"": 6}",4071.5584343526352,960.0,960.0,5031.558434352635,3874.3734597779953,4071.5584343526352,4834.373459777995,5031.558434352635,1892.3761384504228,2089.5611130250627,197.1849745746399,197.18497457464036,4.078811374735943,50,45,50,24,19,24,5.0,5.0,24,24,0,3,0,-3.0,0,0,0,0,3,0,0,0,17.950290731117722,17:57,20.82334783610427,20:49,17.950290731117722,17:57,6.057988564593762,3.5480015458681424,38,105,3,3,0,0,[],,5,True,True,True,True,True,True,0.7080000000000004,0.6055555555555555,ok,ok,
150,15,150c_cap15,speed40,speed,sensitivity_variant,results/hybrid_supplier_customer_kmeans_timing_waves_constructed_split_v1_40_speed,run_2026_07_17_204110,1,run_2026_07_17_204110,True,main,hybrid_supplier_customer_kmeans_timing_waves_constructed_split_v1,depot_dispatch_waves_wave_constructed_with_duration_split_repair,depot_dispatch_waves_wave_constructed,same_wave_duration_split_with_2opt,"depot routes only, after per-wave post-relocation 2-opt",angular_partition supplier-direct assignment + depot customer dispatch-wave assignment + per-wave kmeans_clustering + nearest_neighbor + 2-opt + same-wave duration split repair,2-opt + supplier-level 1-0 relocation + 2-opt + simple split repair,supplier_region,global_depot_pool_by_dispatch_wave,supplier_direct_routes within supplier region; depot routes within dispatch-wave bucket,"[9.0, 11.0, 13.0, 15.0]","[""09:00"", ""11:00"", ""13:00"", ""15:00""]",4,False,config_used.json,18.0,18:00,40,config_used.json,40.0,0.1666666666666666,0.5,30,8.0,08:00,13.0,13:00,15,42,3,5,42,75,57,93,"{""09:00"": 14, ""11:00"": 35, ""13:00"": 38, ""15:00"": 6}","{""09:00"": 3, ""11:00"": 7, ""13:00"": 7, ""15:00"": 4}",3959.488464370085,960.0,960.0,4919.488464370084,3874.3734597779953,3959.488464370085,4834.373459777995,4919.488464370084,1892.3761384504228,1977.4911430425122,85.11500459208946,85.11500459208946,1.7606212118332731,47,45,47,21,19,21,2.0,2.0,21,21,0,1,0,-1.0,0,0,0,0,1,0,0,0,17.504577174027947,17:30,19.534177543744867,19:32,17.504577174027947,17:30,4.793491423445322,3.0922513607648963,32,105,1,1,0,0,[],,2,True,True,True,True,True,True,0.7531914893617022,0.6920634920634922,ok,ok,
150,25,150c_cap25,added_14_wave,dispatch_policy,sensitivity_variant,results/hybrid_supplier_customer_kmeans_timing_waves_constructed_split_14wave_v1,run_2026_07_17_212301,1,run_2026_07_17_212301,True,main,hybrid_supplier_customer_kmeans_timing_waves_constructed_split_14wave_v1,depot_dispatch_waves_wave_constructed_with_duration_split_repair,depot_dispatch_waves_wave_constructed,same_wave_duration_split_with_2opt,"depot routes only, after per-wave post-relocation 2-opt",angular_partition supplier-direct assignment + depot customer dispatch-wave assignment + per-wave kmeans_clustering + nearest_neighbor + 2-opt + same-wave duration split repair,2-opt + supplier-level 1-0 relocation + 2-opt + simple split repair,supplier_region,global_depot_pool_by_dispatch_wave,supplier_direct_routes within supplier region; depot routes within dispatch-wave bucket,"[9.0, 11.0, 13.0, 14.0, 15.0]","[""09:00"", ""11:00"", ""13:00"", ""14:00"", ""15:00""]",5,True,config_used.json,18.0,18:00,30,config_used.json,30.0,0.16666666666666663,0.5,30,8.0,08:00,13.0,13:00,15,42,3,5,42,75,57,93,"{""09:00"": 14, ""11:00"": 35, ""13:00"": 38, ""14:00"": 6, ""15:00"": 0}","{""09:00"": 3, ""11:00"": 4, ""13:00"": 8, ""14:00"": 4}",3128.830559224389,600.0,600.0,3728.830559224389,2860.0804427918424,3128.830559224389,3460.0804427918424,3728.830559224389,1563.637749096914,1832.3878655294607,268.75011643254675,268.75011643254675,7.767163823963,35,29,35,19,13,19,6.0,6.0,19,19,0,5,0,-5.0,0,0,0,0,5,0,0,0,17.44027147787196,17:26,19.82334783610427,19:49,17.44027147787196,17:26,6.253550550990617,4.0305050272446685,20,75,5,5,0,0,[],,6,True,True,True,True,True,True,0.6068571428571428,0.45894736842105266,ok,ok,
150,25,150c_cap25,base_speed30,reference,reference,results/hybrid_supplier_customer_kmeans_timing_waves_constructed_split_v1,run_2026_07_17_201718,1,run_2026_07_17_201718,True,main,hybrid_supplier_customer_kmeans_timing_waves_constructed_split_v1,depot_dispatch_waves_wave_constructed_with_duration_split_repair,depot_dispatch_waves_wave_constructed,same_wave_duration_split_with_2opt,"depot routes only, after per-wave post-relocation 2-opt",angular_partition supplier-direct assignment + depot customer dispatch-wave assignment + per-wave kmeans_clustering + nearest_neighbor + 2-opt + same-wave duration split repair,2-opt + supplier-level 1-0 relocation + 2-opt + simple split repair,supplier_region,global_depot_pool_by_dispatch_wave,supplier_direct_routes within supplier region; depot routes within dispatch-wave bucket,"[9.0, 11.0, 13.0, 15.0]","[""09:00"", ""11:00"", ""13:00"", ""15:00""]",4,False,config_used.json,18.0,18:00,30.0,route_record_estimate,30.0,0.16666666666666663,0.5,30,8.0,08:00,13.0,13:00,15,42,3,5,42,75,57,93,"{""09:00"": 14, ""11:00"": 35, ""13:00"": 38, ""15:00"": 6}","{""09:00"": 3, ""11:00"": 4, ""13:00"": 8, ""15:00"": 6}",3194.748056872987,600.0,600.0,3794.748056872987,2860.080442791842,3194.748056872987,3460.080442791842,3794.748056872987,1563.637749096914,1898.3053631780588,334.66761408114485,334.6676140811451,9.672249521780227,37,29,37,21,13,21,8.0,8.0,21,21,0,6,0,-6.0,0,0,0,0,6,0,0,0,17.938544166453035,17:56,20.82334783610427,20:49,17.938544166453035,17:56,6.253550550990617,3.751278354250888,39,105,6,6,0,0,[],,8,True,True,True,True,True,True,0.574054054054054,0.4152380952380951,ok,ok,
150,25,150c_cap25,speed40,speed,sensitivity_variant,results/hybrid_supplier_customer_kmeans_timing_waves_constructed_split_v1_40_speed,run_2026_07_17_204111,1,run_2026_07_17_204111,True,main,hybrid_supplier_customer_kmeans_timing_waves_constructed_split_v1,depot_dispatch_waves_wave_constructed_with_duration_split_repair,depot_dispatch_waves_wave_constructed,same_wave_duration_split_with_2opt,"depot routes only, after per-wave post-relocation 2-opt",angular_partition supplier-direct assignment + depot customer dispatch-wave assignment + per-wave kmeans_clustering + nearest_neighbor + 2-opt + same-wave duration split repair,2-opt + supplier-level 1-0 relocation + 2-opt + simple split repair,supplier_region,global_depot_pool_by_dispatch_wave,supplier_direct_routes within supplier region; depot routes within dispatch-wave bucket,"[9.0, 11.0, 13.0, 15.0]","[""09:00"", ""11:00"", ""13:00"", ""15:00""]",4,False,config_used.json,18.0,18:00,40,config_used.json,40.0,0.16666666666666663,0.5,30,8.0,08:00,13.0,13:00,15,42,3,5,42,75,57,93,"{""09:00"": 14, ""11:00"": 35, ""13:00"": 38, ""15:00"": 6}","{""09:00"": 3, ""11:00"": 4, ""13:00"": 7, ""15:00"": 4}",3072.5442371511085,600.0,600.0,3672.5442371511085,2860.080442791842,3072.5442371511085,3460.080442791842,3672.5442371511085,1563.637749096914,1776.1015434561805,212.46379435926656,212.46379435926656,6.1404293302451505,34,29,34,18,13,18,5.0,5.0,18,18,0,4,0,-4.0,0,0,0,0,4,0,0,0,17.458268539533844,17:27,19.534177543744867,19:32,17.458268539533844,17:27,5.148496246576296,3.327918810355806,32,105,4,4,0,0,[],,5,True,True,True,True,True,True,0.624705882352941,0.48444444444444446,ok,ok,
150,35,150c_cap35,added_14_wave,dispatch_policy,sensitivity_variant,results/hybrid_supplier_customer_kmeans_timing_waves_constructed_split_14wave_v1,run_2026_07_17_212302,1,run_2026_07_17_212302,True,main,hybrid_supplier_customer_kmeans_timing_waves_constructed_split_14wave_v1,depot_dispatch_waves_wave_constructed_with_duration_split_repair,depot_dispatch_waves_wave_constructed,same_wave_duration_split_with_2opt,"depot routes only, after per-wave post-relocation 2-opt",angular_partition supplier-direct assignment + depot customer dispatch-wave assignment + per-wave kmeans_clustering + nearest_neighbor + 2-opt + same-wave duration split repair,2-opt + supplier-level 1-0 relocation + 2-opt + simple split repair,supplier_region,global_depot_pool_by_dispatch_wave,supplier_direct_routes within supplier region; depot routes within dispatch-wave bucket,"[9.0, 11.0, 13.0, 14.0, 15.0]","[""09:00"", ""11:00"", ""13:00"", ""14:00"", ""15:00""]",5,True,config_used.json,18.0,18:00,30,config_used.json,30.0,0.16666666666666663,0.5,30,8.0,08:00,13.0,13:00,15,42,3,5,42,75,57,93,"{""09:00"": 14, ""11:00"": 35, ""13:00"": 38, ""14:00"": 6, ""15:00"": 0}","{""09:00"": 3, ""11:00"": 4, ""13:00"": 7, ""14:00"": 4}",2819.452873222593,480.0,480.0,3299.452873222593,2570.1852948457035,2819.452873222593,3050.1852948457035,3299.452873222593,1517.7206523638342,1766.9882307407238,249.26757837688956,249.26757837688956,8.172211006266062,29,24,29,18,13,18,5.0,5.0,18,18,0,4,0,-4.0,0,0,0,0,4,0,0,0,17.92823393327227,17:56,20.85623878460923,20:51,17.92823393327227,17:56,6.442398616398559,4.133311538408747,23,90,4,4,0,0,[],,5,True,True,True,True,True,True,0.5231527093596059,0.3460317460317459,ok,ok,
150,35,150c_cap35,base_speed30,reference,reference,results/hybrid_supplier_customer_kmeans_timing_waves_constructed_split_v1,run_2026_07_17_201719,1,run_2026_07_17_201719,True,main,hybrid_supplier_customer_kmeans_timing_waves_constructed_split_v1,depot_dispatch_waves_wave_constructed_with_duration_split_repair,depot_dispatch_waves_wave_constructed,same_wave_duration_split_with_2opt,"depot routes only, after per-wave post-relocation 2-opt",angular_partition supplier-direct assignment + depot customer dispatch-wave assignment + per-wave kmeans_clustering + nearest_neighbor + 2-opt + same-wave duration split repair,2-opt + supplier-level 1-0 relocation + 2-opt + simple split repair,supplier_region,global_depot_pool_by_dispatch_wave,supplier_direct_routes within supplier region; depot routes within dispatch-wave bucket,"[9.0, 11.0, 13.0, 15.0]","[""09:00"", ""11:00"", ""13:00"", ""15:00""]",4,False,config_used.json,18.0,18:00,30.0,route_record_estimate,30.0,0.1666666666666666,0.5,30,8.0,08:00,13.0,13:00,15,42,3,5,42,75,57,93,"{""09:00"": 14, ""11:00"": 35, ""13:00"": 38, ""15:00"": 6}","{""09:00"": 3, ""11:00"": 4, ""13:00"": 7, ""15:00"": 6}",2885.370370871191,480.0,480.0,3365.370370871191,2570.1852948457035,2885.370370871191,3050.1852948457035,3365.370370871191,1517.7206523638342,1832.905728389322,315.18507602548766,315.18507602548743,10.33330914545083,31,24,31,20,13,20,7.0,7.0,20,20,0,5,0,-5.0,0,0,0,0,5,0,0,0,17.938544166453035,17:56,20.85623878460923,20:51,17.938544166453035,17:56,6.442398616398559,3.8298428806488696,44,105,5,5,0,0,[],,7,True,True,True,True,True,True,0.48940092165898613,0.31142857142857133,ok,ok,
150,35,150c_cap35,speed40,speed,sensitivity_variant,results/hybrid_supplier_customer_kmeans_timing_waves_constructed_split_v1_40_speed,run_2026_07_17_204112,1,run_2026_07_17_204112,True,main,hybrid_supplier_customer_kmeans_timing_waves_constructed_split_v1,depot_dispatch_waves_wave_constructed_with_duration_split_repair,depot_dispatch_waves_wave_constructed,same_wave_duration_split_with_2opt,"depot routes only, after per-wave post-relocation 2-opt",angular_partition supplier-direct assignment + depot customer dispatch-wave assignment + per-wave kmeans_clustering + nearest_neighbor + 2-opt + same-wave duration split repair,2-opt + supplier-level 1-0 relocation + 2-opt + simple split repair,supplier_region,global_depot_pool_by_dispatch_wave,supplier_direct_routes within supplier region; depot routes within dispatch-wave bucket,"[9.0, 11.0, 13.0, 15.0]","[""09:00"", ""11:00"", ""13:00"", ""15:00""]",4,False,config_used.json,18.0,18:00,40,config_used.json,40.0,0.16666666666666663,0.5,30,8.0,08:00,13.0,13:00,15,42,3,5,42,75,57,93,"{""09:00"": 14, ""11:00"": 35, ""13:00"": 38, ""15:00"": 6}","{""09:00"": 3, ""11:00"": 4, ""13:00"": 6, ""15:00"": 4}",2772.5569146175108,480.0,480.0,3252.5569146175108,2570.1852948457035,2772.5569146175108,3050.1852948457035,3252.5569146175108,1517.7206523638342,1720.0922721356415,202.37161977180722,202.37161977180722,6.6347319985373,28,24,28,17,13,17,4.0,4.0,17,17,0,3,0,-3.0,0,0,0,0,3,0,0,0,17.458268539533844,17:27,19.534177543744867,19:32,17.458268539533844,17:27,5.331798962298919,3.441312164905355,34,105,3,3,0,0,[],,4,True,True,True,True,True,True,0.5418367346938774,0.36638655462184866,ok,ok,
200,15,200c_cap15,added_14_wave,dispatch_policy,sensitivity_variant,results/hybrid_supplier_customer_kmeans_timing_waves_constructed_split_14wave_v1,run_2026_07_17_212303,1,run_2026_07_17_212303,True,main,hybrid_supplier_customer_kmeans_timing_waves_constructed_split_14wave_v1,depot_dispatch_waves_wave_constructed_with_duration_split_repair,depot_dispatch_waves_wave_constructed,same_wave_duration_split_with_2opt,"depot routes only, after per-wave post-relocation 2-opt",angular_partition supplier-direct assignment + depot customer dispatch-wave assignment + per-wave kmeans_clustering + nearest_neighbor + 2-opt + same-wave duration split repair,2-opt + supplier-level 1-0 relocation + 2-opt + simple split repair,supplier_region,global_depot_pool_by_dispatch_wave,supplier_direct_routes within supplier region; depot routes within dispatch-wave bucket,"[9.0, 11.0, 13.0, 14.0, 15.0]","[""09:00"", ""11:00"", ""13:00"", ""14:00"", ""15:00""]",5,True,config_used.json,18.0,18:00,30,config_used.json,30.0,0.16666666666666674,0.5,30,8.0,08:00,13.0,13:00,15,42,3,5,42,100,69,131,"{""09:00"": 19, ""11:00"": 47, ""13:00"": 55, ""14:00"": 10, ""15:00"": 0}","{""09:00"": 4, ""11:00"": 10, ""13:00"": 18, ""14:00"": 6}",7466.097227014864,1840.0,1840.0,9306.097227014863,6553.070139052175,7466.097227014864,8393.070139052175,9306.097227014863,3299.0934138042676,4212.120501766956,913.0270879626887,913.0270879626878,10.878344548968531,70,56,70,38,24,38,14.0,14.0,38,38,0,9,0,-9.0,0,0,0,0,9,0,0,0,17.92264973478155,17:55,22.180945389689626,22:11,17.92264973478155,17:55,8.855766620180018,4.2694039489183835,26,105,9,9,0,0,[],,14,True,True,True,True,True,True,0.6676190476190479,0.5649122807017541,ok,ok,
200,15,200c_cap15,base_speed30,reference,reference,results/hybrid_supplier_customer_kmeans_timing_waves_constructed_split_v1,run_2026_07_17_201720,1,run_2026_07_17_201720,True,main,hybrid_supplier_customer_kmeans_timing_waves_constructed_split_v1,depot_dispatch_waves_wave_constructed_with_duration_split_repair,depot_dispatch_waves_wave_constructed,same_wave_duration_split_with_2opt,"depot routes only, after per-wave post-relocation 2-opt",angular_partition supplier-direct assignment + depot customer dispatch-wave assignment + per-wave kmeans_clustering + nearest_neighbor + 2-opt + same-wave duration split repair,2-opt + supplier-level 1-0 relocation + 2-opt + simple split repair,supplier_region,global_depot_pool_by_dispatch_wave,supplier_direct_routes within supplier region; depot routes within dispatch-wave bucket,"[9.0, 11.0, 13.0, 15.0]","[""09:00"", ""11:00"", ""13:00"", ""15:00""]",4,False,config_used.json,18.0,18:00,30.0,route_record_estimate,30.0,0.16666666666666674,0.5,30,8.0,08:00,13.0,13:00,15,42,3,5,42,100,69,131,"{""09:00"": 19, ""11:00"": 47, ""13:00"": 55, ""15:00"": 10}","{""09:00"": 4, ""11:00"": 10, ""13:00"": 18, ""15:00"": 9}",7677.341075118862,1840.0,1840.0,9517.341075118862,6553.070139052177,7677.341075118862,8393.070139052177,9517.341075118862,3299.0934138042676,4423.3643498709525,1124.270936066685,1124.270936066685,13.395228652213408,73,56,73,41,24,41,17.0,17.0,41,36,5,9,5,-4.0,0,0,0,5,9,5,0,0,18.86250333304849,18:52,23.180945389689626,23:11,18.86250333304849,18:52,8.855766620180018,4.128751503960126,40,105,9,7,2,5,"[85, 96, 117, 138, 196]",,17,False,False,True,True,True,True,0.6401826484018268,0.5235772357723575,ok,ok,timing infeasible | routes exceed working day | unresolved same-wave split repair remains | unresolved customers after wave repair
200,15,200c_cap15,speed40,speed,sensitivity_variant,results/hybrid_supplier_customer_kmeans_timing_waves_constructed_split_v1_40_speed,run_2026_07_17_204113,1,run_2026_07_17_204113,True,main,hybrid_supplier_customer_kmeans_timing_waves_constructed_split_v1,depot_dispatch_waves_wave_constructed_with_duration_split_repair,depot_dispatch_waves_wave_constructed,same_wave_duration_split_with_2opt,"depot routes only, after per-wave post-relocation 2-opt",angular_partition supplier-direct assignment + depot customer dispatch-wave assignment + per-wave kmeans_clustering + nearest_neighbor + 2-opt + same-wave duration split repair,2-opt + supplier-level 1-0 relocation + 2-opt + simple split repair,supplier_region,global_depot_pool_by_dispatch_wave,supplier_direct_routes within supplier region; depot routes within dispatch-wave bucket,"[9.0, 11.0, 13.0, 15.0]","[""09:00"", ""11:00"", ""13:00"", ""15:00""]",4,False,config_used.json,18.0,18:00,40,config_used.json,40.0,0.16666666666666669,0.5,30,8.0,08:00,13.0,13:00,15,42,3,5,42,100,69,131,"{""09:00"": 19, ""11:00"": 47, ""13:00"": 55, ""15:00"": 10}","{""09:00"": 4, ""11:00"": 9, ""13:00"": 11, ""15:00"": 7}",6948.619566226148,1840.0,1840.0,8788.619566226149,6553.070139052175,6948.619566226148,8393.070139052175,8788.619566226149,3299.0934138042676,3694.64284097824,395.5494271739726,395.5494271739735,4.712809742093287,63,56,63,31,24,31,7.0,7.0,31,31,0,4,0,-4.0,0,0,0,0,4,0,0,0,17.938544166453035,17:56,21.38570904226722,21:23,17.938544166453035,17:56,6.9751582984683465,3.6838517534770756,35,105,4,4,0,0,[],,7,True,True,True,True,True,True,0.7417989417989418,0.6924731182795697,ok,ok,
200,25,200c_cap25,added_14_wave,dispatch_policy,sensitivity_variant,results/hybrid_supplier_customer_kmeans_timing_waves_constructed_split_14wave_v1,run_2026_07_17_212304,1,run_2026_07_17_212304,True,main,hybrid_supplier_customer_kmeans_timing_waves_constructed_split_14wave_v1,depot_dispatch_waves_wave_constructed_with_duration_split_repair,depot_dispatch_waves_wave_constructed,same_wave_duration_split_with_2opt,"depot routes only, after per-wave post-relocation 2-opt",angular_partition supplier-direct assignment + depot customer dispatch-wave assignment + per-wave kmeans_clustering + nearest_neighbor + 2-opt + same-wave duration split repair,2-opt + supplier-level 1-0 relocation + 2-opt + simple split repair,supplier_region,global_depot_pool_by_dispatch_wave,supplier_direct_routes within supplier region; depot routes within dispatch-wave bucket,"[9.0, 11.0, 13.0, 14.0, 15.0]","[""09:00"", ""11:00"", ""13:00"", ""14:00"", ""15:00""]",5,True,config_used.json,18.0,18:00,30,config_used.json,30.0,0.16666666666666669,0.5,30,8.0,08:00,13.0,13:00,15,42,3,5,42,100,69,131,"{""09:00"": 19, ""11:00"": 47, ""13:00"": 55, ""14:00"": 10, ""15:00"": 0}","{""09:00"": 3, ""11:00"": 7, ""13:00"": 15, ""14:00"": 6}",5608.425454234164,1120.0,1120.0,6728.425454234164,4597.116270342412,5608.425454234164,5717.116270342412,6728.425454234164,2578.8567191317684,3590.165903023521,1011.3091838917526,1011.3091838917526,17.68914844600813,48,35,48,31,18,31,13.0,13.0,31,31,0,8,0,-8.0,0,0,0,0,8,0,0,0,17.92264973478155,17:55,22.180945389689626,22:11,17.92264973478155,17:55,6.645069474328499,4.564694519380131,23,105,8,8,0,0,[],,13,True,True,True,True,True,True,0.5841666666666666,0.41548387096774164,ok,ok,
200,25,200c_cap25,base_speed30,reference,reference,results/hybrid_supplier_customer_kmeans_timing_waves_constructed_split_v1,run_2026_07_17_201721,1,run_2026_07_17_201721,True,main,hybrid_supplier_customer_kmeans_timing_waves_constructed_split_v1,depot_dispatch_waves_wave_constructed_with_duration_split_repair,depot_dispatch_waves_wave_constructed,same_wave_duration_split_with_2opt,"depot routes only, after per-wave post-relocation 2-opt",angular_partition supplier-direct assignment + depot customer dispatch-wave assignment + per-wave kmeans_clustering + nearest_neighbor + 2-opt + same-wave duration split repair,2-opt + supplier-level 1-0 relocation + 2-opt + simple split repair,supplier_region,global_depot_pool_by_dispatch_wave,supplier_direct_routes within supplier region; depot routes within dispatch-wave bucket,"[9.0, 11.0, 13.0, 15.0]","[""09:00"", ""11:00"", ""13:00"", ""15:00""]",4,False,config_used.json,18.0,18:00,30.0,route_record_estimate,30.0,0.1666666666666667,0.5,30,8.0,08:00,13.0,13:00,15,42,3,5,42,100,69,131,"{""09:00"": 19, ""11:00"": 47, ""13:00"": 55, ""15:00"": 10}","{""09:00"": 3, ""11:00"": 7, ""13:00"": 15, ""15:00"": 9}",5819.669302338162,1120.0,1120.0,6939.669302338162,4597.1162703424125,5819.669302338162,5717.1162703424125,6939.669302338162,2578.8567191317684,3801.409751127518,1222.5530319957497,1222.5530319957497,21.384085510692753,51,35,51,34,18,34,16.0,16.0,34,29,5,8,5,-3.0,0,0,0,5,8,5,0,0,18.86250333304849,18:52,23.180945389689626,23:11,18.86250333304849,18:52,6.645069474328499,4.369029167772077,41,105,8,6,2,5,"[85, 96, 117, 138, 196]",,16,False,False,True,True,True,True,0.5498039215686273,0.37882352941176434,ok,ok,timing infeasible | routes exceed working day | unresolved same-wave split repair remains | unresolved customers after wave repair
200,25,200c_cap25,speed40,speed,sensitivity_variant,results/hybrid_supplier_customer_kmeans_timing_waves_constructed_split_v1_40_speed,run_2026_07_17_204113,1,run_2026_07_17_204113,True,main,hybrid_supplier_customer_kmeans_timing_waves_constructed_split_v1,depot_dispatch_waves_wave_constructed_with_duration_split_repair,depot_dispatch_waves_wave_constructed,same_wave_duration_split_with_2opt,"depot routes only, after per-wave post-relocation 2-opt",angular_partition supplier-direct assignment + depot customer dispatch-wave assignment + per-wave kmeans_clustering + nearest_neighbor + 2-opt + same-wave duration split repair,2-opt + supplier-level 1-0 relocation + 2-opt + simple split repair,supplier_region,global_depot_pool_by_dispatch_wave,supplier_direct_routes within supplier region; depot routes within dispatch-wave bucket,"[9.0, 11.0, 13.0, 15.0]","[""09:00"", ""11:00"", ""13:00"", ""15:00""]",4,False,config_used.json,18.0,18:00,40,config_used.json,40.0,0.16666666666666663,0.5,30,8.0,08:00,13.0,13:00,15,42,3,5,42,100,69,131,"{""09:00"": 19, ""11:00"": 47, ""13:00"": 55, ""15:00"": 10}","{""09:00"": 3, ""11:00"": 6, ""13:00"": 10, ""15:00"": 7}",5108.786388164666,1120.0,1120.0,6228.786388164666,4597.116270342412,5108.786388164666,5717.116270342412,6228.786388164666,2578.8567191317684,3090.526836954023,511.6701178222547,511.6701178222547,8.949793805603495,43,35,43,26,18,26,8.0,8.0,26,26,0,5,0,-5.0,0,0,0,0,5,0,0,0,17.938544166453035,17:56,21.38570904226722,21:23,17.938544166453035,17:56,6.637031955394706,3.811404009891688,33,105,5,5,0,0,[],,8,True,True,True,True,True,True,0.6520930232558139,0.49538461538461526,ok,ok,
200,35,200c_cap35,added_14_wave,dispatch_policy,sensitivity_variant,results/hybrid_supplier_customer_kmeans_timing_waves_constructed_split_14wave_v1,run_2026_07_17_212305,1,run_2026_07_17_212305,True,main,hybrid_supplier_customer_kmeans_timing_waves_constructed_split_14wave_v1,depot_dispatch_waves_wave_constructed_with_duration_split_repair,depot_dispatch_waves_wave_constructed,same_wave_duration_split_with_2opt,"depot routes only, after per-wave post-relocation 2-opt",angular_partition supplier-direct assignment + depot customer dispatch-wave assignment + per-wave kmeans_clustering + nearest_neighbor + 2-opt + same-wave duration split repair,2-opt + supplier-level 1-0 relocation + 2-opt + simple split repair,supplier_region,global_depot_pool_by_dispatch_wave,supplier_direct_routes within supplier region; depot routes within dispatch-wave bucket,"[9.0, 11.0, 13.0, 14.0, 15.0]","[""09:00"", ""11:00"", ""13:00"", ""14:00"", ""15:00""]",5,True,config_used.json,18.0,18:00,30,config_used.json,30.0,0.16666666666666669,0.5,30,8.0,08:00,13.0,13:00,15,42,3,5,42,100,69,131,"{""09:00"": 19, ""11:00"": 47, ""13:00"": 55, ""14:00"": 10, ""15:00"": 0}","{""09:00"": 3, ""11:00"": 8, ""13:00"": 16, ""14:00"": 6}",5347.42231235823,880.0,880.0,6227.42231235823,3794.087184073236,5347.42231235823,4674.087184073236,6227.42231235823,2292.8321523960076,3846.167280681001,1553.3351282849935,1553.3351282849935,33.232908739441584,46,26,46,33,13,33,20.0,20.0,33,33,0,10,0,-10.0,0,0,0,0,10,0,0,0,17.976241594392725,17:59,23.7066347845685,23:42,17.976241594392725,17:59,6.0816997302686655,4.546633616849496,27,90,10,10,0,0,[],,20,True,True,True,True,True,True,0.4354037267080743,0.27878787878787864,ok,ok,
200,35,200c_cap35,base_speed30,reference,reference,results/hybrid_supplier_customer_kmeans_timing_waves_constructed_split_v1,run_2026_07_17_201721,1,run_2026_07_17_201721,True,main,hybrid_supplier_customer_kmeans_timing_waves_constructed_split_v1,depot_dispatch_waves_wave_constructed_with_duration_split_repair,depot_dispatch_waves_wave_constructed,same_wave_duration_split_with_2opt,"depot routes only, after per-wave post-relocation 2-opt",angular_partition supplier-direct assignment + depot customer dispatch-wave assignment + per-wave kmeans_clustering + nearest_neighbor + 2-opt + same-wave duration split repair,2-opt + supplier-level 1-0 relocation + 2-opt + simple split repair,supplier_region,global_depot_pool_by_dispatch_wave,supplier_direct_routes within supplier region; depot routes within dispatch-wave bucket,"[9.0, 11.0, 13.0, 15.0]","[""09:00"", ""11:00"", ""13:00"", ""15:00""]",4,False,config_used.json,18.0,18:00,30.0,route_record_estimate,30.0,0.1666666666666667,0.5,30,8.0,08:00,13.0,13:00,15,42,3,5,42,100,69,131,"{""09:00"": 19, ""11:00"": 47, ""13:00"": 55, ""15:00"": 10}","{""09:00"": 3, ""11:00"": 8, ""13:00"": 16, ""15:00"": 9}",5558.666160462228,880.0,880.0,6438.666160462228,3794.087184073237,5558.666160462228,4674.087184073237,6438.666160462228,2292.8321523960076,4057.4111287849983,1764.5789763889907,1764.5789763889907,37.752376173078716,49,26,49,36,13,36,23.0,23.0,36,31,5,10,5,-5.0,0,0,0,5,10,5,0,0,18.86250333304849,18:52,23.7066347845685,23:42,18.86250333304849,18:52,6.0816997302686655,4.363343637763888,43,105,10,8,2,5,"[85, 96, 117, 138, 196]",,23,False,False,True,True,True,True,0.40874635568513096,0.2555555555555554,ok,ok,timing infeasible | routes exceed working day | unresolved same-wave split repair remains | unresolved customers after wave repair
200,35,200c_cap35,speed40,speed,sensitivity_variant,results/hybrid_supplier_customer_kmeans_timing_waves_constructed_split_v1_40_speed,run_2026_07_17_204114,1,run_2026_07_17_204114,True,main,hybrid_supplier_customer_kmeans_timing_waves_constructed_split_v1,depot_dispatch_waves_wave_constructed_with_duration_split_repair,depot_dispatch_waves_wave_constructed,same_wave_duration_split_with_2opt,"depot routes only, after per-wave post-relocation 2-opt",angular_partition supplier-direct assignment + depot customer dispatch-wave assignment + per-wave kmeans_clustering + nearest_neighbor + 2-opt + same-wave duration split repair,2-opt + supplier-level 1-0 relocation + 2-opt + simple split repair,supplier_region,global_depot_pool_by_dispatch_wave,supplier_direct_routes within supplier region; depot routes within dispatch-wave bucket,"[9.0, 11.0, 13.0, 15.0]","[""09:00"", ""11:00"", ""13:00"", ""15:00""]",4,False,config_used.json,18.0,18:00,40,config_used.json,40.0,0.1666666666666666,0.5,30,8.0,08:00,13.0,13:00,15,42,3,5,42,100,69,131,"{""09:00"": 19, ""11:00"": 47, ""13:00"": 55, ""15:00"": 10}","{""09:00"": 3, ""11:00"": 4, ""13:00"": 10, ""15:00"": 7}",4577.251332265938,880.0,880.0,5457.251332265938,3794.087184073236,4577.251332265938,4674.087184073236,5457.251332265938,2292.8321523960076,3075.9963005887093,783.1641481927018,783.1641481927018,16.755445873181444,37,26,37,24,13,24,11.0,11.0,24,24,0,6,0,-6.0,0,0,0,0,6,0,0,0,17.967357131099444,17:58,21.69664275509304,21:42,17.967357131099444,17:58,6.631411289455848,4.1138850353354615,34,105,6,6,0,0,[],,11,True,True,True,True,True,True,0.5413127413127411,0.38333333333333325,ok,ok,
